date,stress_sum,stress_mean,article_count,stress_articles,financial_terms,stress_terms,negative_terms,sources,fsi_raw,fsi_proportion,news_fsi
2002-06-17,5.82842712474619,0.4163162231961564,14,4,12,7,5,folha,0.4163162231961564,0.2857142857142857,0.1699603864122029
2002-06-24,6.878315177510849,0.6253013797737136,11,4,10,5,7,folha,0.6253013797737136,0.36363636363636365,0.25527821931731337
2002-07-01,0.0,0.0,7,0,2,1,0,folha,0.0,0.0,0.0
2002-07-08,0.0,0.0,6,0,1,0,2,folha,0.0,0.0,0.0
2002-07-15,10.0,1.0,10,6,9,7,2,folha,1.0,0.6,0.4082482904638631
2002-07-22,5.656854249492381,0.3535533905932738,16,3,7,5,1,folha,0.3535533905932738,0.1875,0.14433756729740646
2002-07-29,0.0,0.0,11,0,2,2,1,folha,0.0,0.0,0.0
2002-08-05,3.1462643699419726,0.2621886974951644,12,2,5,4,1,folha,0.2621886974951644,0.16666666666666666,0.10703808753134779
2002-08-12,0.0,0.0,15,0,8,2,2,folha,0.0,0.0,0.0
2002-08-19,0.0,0.0,7,0,2,2,1,folha,0.0,0.0,0.0
2002-08-26,2.414213562373095,0.40236892706218247,6,2,5,4,1,folha,0.40236892706218247,0.3333333333333333,0.1642664266089148
2002-09-02,8.22677276241436,0.5484515174942907,15,4,12,6,3,folha,0.5484515174942907,0.26666666666666666,0.22390439441935564
2002-09-09,1.7320508075688772,0.10188534162169866,17,1,8,4,4,folha,0.10188534162169866,0.058823529411764705,0.04159451654038515
2002-09-16,5.414213562373095,0.4164779663363919,13,4,7,6,5,folha,0.4164779663363919,0.3076923076923077,0.1700264177726983
2002-09-23,0.0,0.0,12,0,5,3,1,folha,0.0,0.0,0.0
2002-09-30,0.0,0.0,9,0,1,3,1,folha,0.0,0.0,0.0
2002-10-07,14.949382989376325,0.597975319575053,25,10,24,9,4,folha,0.597975319575053,0.4,0.24412240195609758
2002-10-14,27.459972868926734,0.2921273709460291,94,19,75,17,32,folha,0.2921273709460291,0.20212765957446807,0.11926049978641914
2002-10-21,13.974691494688162,0.1914341300642214,73,10,71,13,13,folha,0.1914341300642214,0.136986301369863,0.0781526563351552
2002-10-28,29.151587847783887,0.32034711920641634,91,20,74,8,26,folha,0.32034711920641634,0.21978021978021978,0.13078116377104282
2002-11-04,53.01507764612646,0.5639901877247495,94,33,106,18,38,folha,0.5639901877247495,0.35106382978723405,0.23024802997702218
2002-11-11,23.763198241767938,0.32552326358586214,73,15,82,8,20,folha,0.32552326358586214,0.2054794520547945,0.1328943158651457
2002-11-18,44.34168301191633,0.4183177642633616,106,30,105,9,41,folha,0.4183177642633616,0.2830188679245283,0.17077751213118264
2002-11-25,30.46477407515057,0.23255552729122572,131,19,105,21,29,folha,0.23255552729122572,0.1450381679389313,0.09494039645456515
2002-12-02,42.43681492018932,0.30097031858290296,141,26,82,36,47,folha,0.30097031858290296,0.18439716312056736,0.12287061804183437
2002-12-09,31.434148912569587,0.2213672458631661,142,21,114,14,39,folha,0.2213672458631661,0.14788732394366197,0.09037279968833123
2002-12-16,35.566316861202296,0.280049739064585,127,23,123,13,34,folha,0.280049739064585,0.18110236220472442,0.11432982721796776
2002-12-23,38.38817609920224,0.39575439277528085,97,27,93,18,35,folha,0.39575439277528085,0.27835051546391754,0.16156605429407261
2002-12-30,5.82842712474619,0.18213834764831843,32,5,27,8,3,folha,0.18213834764831843,0.15625,0.07435766905533878
2003-06-02,1.4142135623730951,0.15713484026367724,9,1,8,0,1,folha,0.15713484026367724,0.1111111111111111,0.06415002990995843
2003-06-09,8.64575131106459,0.37590223091585173,23,5,17,5,7,folha,0.37590223091585173,0.21739130434782608,0.15346144315294877
2003-06-16,6.414213562373095,0.29155516192604974,22,4,20,8,4,folha,0.29155516192604974,0.18181818181818182,0.11902689643222458
2003-06-23,3.449489742783178,0.22996598285221187,15,2,6,2,6,folha,0.22996598285221187,0.13333333333333333,0.09388321936425754
2003-06-30,1.4142135623730951,0.23570226039551587,6,1,4,1,0,folha,0.23570226039551587,0.16666666666666666,0.09622504486493764
2003-07-07,5.732050807568877,0.47767090063073975,12,5,9,3,5,folha,0.47767090063073975,0.4166666666666667,0.1950083285868333
2003-07-14,4.449489742783178,0.34226844175255217,13,3,8,3,3,folha,0.34226844175255217,0.23076923076923078,0.13973050622520972
2003-07-21,1.4142135623730951,0.128564869306645,11,1,1,1,2,folha,0.128564869306645,0.09090909090909091,0.052486388108147805
2003-07-28,6.576491222541475,0.5480409352117895,12,3,8,5,2,folha,0.5480409352117895,0.25,0.2237367749044298
2003-08-04,4.82842712474619,0.20993161411939956,23,4,7,3,7,folha,0.20993161411939956,0.17391304347826086,0.08570422257856425
2003-08-11,0.0,0.0,5,0,3,1,0,folha,0.0,0.0,0.0
2003-08-18,2.8284271247461903,0.09123958466923195,31,2,11,4,5,folha,0.09123958466923195,0.06451612903225806,0.03724840446384683
2003-08-25,10.146264369941973,0.24746986268151153,41,7,21,12,6,folha,0.24746986268151153,0.17073170731707318,0.10102914838105402
2003-09-01,9.560477932315067,0.28971145249439595,33,6,10,11,12,folha,0.28971145249439595,0.18181818181818182,0.11827420520863982
2003-09-08,2.8284271247461903,0.1663780661615406,17,2,8,2,2,folha,0.1663780661615406,0.11764705882352941,0.06792356108113246
2003-09-15,1.4142135623730951,0.03288868749704872,43,1,12,13,5,folha,0.03288868749704872,0.023255813953488372,0.013426750446270367
2003-09-22,24.373564226847666,0.46872238897783974,52,16,53,5,21,folha,0.46872238897783974,0.3076923076923077,0.19135511400234093
2003-09-29,12.181525376317769,0.2648157690503863,46,6,42,11,8,folha,0.2648157690503863,0.13043478260869565,0.10811058500269338
2003-10-06,18.120955864630133,0.5491198746857616,33,12,31,9,11,folha,0.5491198746857616,0.36363636363636365,0.2241772501001929
2003-10-13,29.69745390774438,0.4568839062729904,65,17,66,15,17,folha,0.4568839062729904,0.26153846153846155,0.18652207367640017
2003-10-20,24.490604852080484,0.25779584054821564,95,16,70,12,22,folha,0.25779584054821564,0.16842105263157894,0.10524471119250366
2003-10-27,14.624973034561048,0.19763477073731145,74,9,63,12,12,folha,0.19763477073731145,0.12162162162162163,0.0806840572897249
2003-11-03,33.251504495961434,0.39119417054072275,85,16,74,31,14,folha,0.39119417054072275,0.18823529411764706,0.15970435136267896
2003-11-10,26.18420655797179,0.3273025819746474,80,15,75,21,17,folha,0.3273025819746474,0.1875,0.1336207195555582
2003-11-17,23.773165916866184,0.3169755455582158,75,16,92,8,16,folha,0.3169755455582158,0.21333333333333335,0.12940472459299193
2003-11-24,30.055726981651883,0.34948519746106843,86,19,81,13,18,folha,0.34948519746106843,0.22093023255813954,0.1426767344059068
2003-12-01,16.796545909814856,0.19530867336994018,86,12,71,11,21,folha,0.19530867336994018,0.13953488372093023,0.07973443201604309
2003-12-08,20.787262338175452,0.23621889020653922,88,13,84,5,23,folha,0.23621889020653922,0.14772727272727273,0.0964359581020906
2003-12-15,28.185450966876115,0.25165581220425104,112,19,102,22,26,folha,0.25165581220425104,0.16964285714285715,0.10273805511768046
2003-12-22,5.732050807568877,0.08555299712789369,67,5,45,2,14,folha,0.08555299712789369,0.07462686567164178,0.03492686482152239
2003-12-29,7.700169592637544,0.2264755762540454,34,5,27,5,9,folha,0.2264755762540454,0.14705882352941177,0.09245826683753229
2004-01-05,0.0,0.0,1,0,1,0,0,folha,0.0,0.0,0.0
2004-01-12,0.0,0.0,4,0,5,0,0,folha,0.0,0.0,0.0
2004-01-19,5.656854249492381,0.628539361054709,9,4,12,1,3,folha,0.628539361054709,0.4444444444444444,0.2566001196398337
2004-01-26,0.0,0.0,1,0,1,0,0,folha,0.0,0.0,0.0
2004-02-02,0.0,0.0,4,0,5,0,2,folha,0.0,0.0,0.0
2004-02-09,0.0,0.0,3,0,1,0,0,folha,0.0,0.0,0.0
2004-02-16,0.0,0.0,5,0,5,0,0,folha,0.0,0.0,0.0
2004-02-23,0.0,0.0,5,0,6,0,0,folha,0.0,0.0,0.0
2004-03-01,1.4142135623730951,0.15713484026367724,9,1,4,6,2,folha,0.15713484026367724,0.1111111111111111,0.06415002990995843
2004-03-08,0.0,0.0,3,0,2,0,0,folha,0.0,0.0,0.0
2004-03-15,0.0,0.0,2,0,0,1,0,folha,0.0,0.0,0.0
2004-03-22,0.0,0.0,1,0,1,0,0,folha,0.0,0.0,0.0
2004-03-29,2.0,0.25,8,1,2,3,1,folha,0.25,0.125,0.10206207261596577
2004-04-05,0.0,0.0,2,0,3,0,0,folha,0.0,0.0,0.0
2004-04-12,0.0,0.0,6,0,3,1,2,folha,0.0,0.0,0.0
2004-04-19,0.0,0.0,4,0,1,0,1,folha,0.0,0.0,0.0
2004-04-26,0.0,0.0,4,0,3,0,1,folha,0.0,0.0,0.0
2004-05-03,2.414213562373095,0.40236892706218247,6,2,2,1,1,folha,0.40236892706218247,0.3333333333333333,0.1642664266089148
2004-05-10,0.0,0.0,6,0,2,0,1,folha,0.0,0.0,0.0
2004-05-17,0.0,0.0,4,0,1,0,0,folha,0.0,0.0,0.0
2004-05-24,0.0,0.0,5,0,3,2,0,folha,0.0,0.0,0.0
2004-05-31,0.0,0.0,2,0,1,0,0,folha,0.0,0.0,0.0
2004-06-07,0.0,0.0,1,0,0,0,1,folha,0.0,0.0,0.0
2004-06-14,1.0,0.09090909090909091,11,1,3,5,3,folha,0.09090909090909091,0.09090909090909091,0.037113480951260276
2004-06-21,0.0,0.0,15,0,2,1,0,folha,0.0,0.0,0.0
2004-06-28,2.414213562373095,0.160947570824873,15,2,14,0,2,folha,0.160947570824873,0.13333333333333333,0.06570657064356591
2004-07-05,4.0,0.2857142857142857,14,3,6,3,5,folha,0.2857142857142857,0.21428571428571427,0.11664236870396087
2004-07-12,0.0,0.0,6,0,0,1,2,folha,0.0,0.0,0.0
2004-07-19,1.0,0.06666666666666667,15,1,8,0,3,folha,0.06666666666666667,0.06666666666666667,0.02721655269759087
2004-07-26,0.0,0.0,9,0,8,0,0,folha,0.0,0.0,0.0
2004-08-02,0.0,0.0,14,0,2,0,3,folha,0.0,0.0,0.0
2004-08-09,1.4142135623730951,0.10878565864408424,13,1,4,2,5,folha,0.10878565864408424,0.07692307692307693,0.04441155916843276
2004-08-16,1.0,0.041666666666666664,24,1,7,4,2,folha,0.041666666666666664,0.041666666666666664,0.017010345435994292
2004-08-23,22.074462777344227,0.5809069151932691,38,14,51,6,16,folha,0.5809069151932691,0.3684210526315789,0.23715425504628837
2004-08-30,15.95883521342926,0.4433009781508128,36,9,45,7,11,folha,0.4433009781508128,0.25,0.18097686649102765
2004-09-06,13.520557554648654,0.2876714373329501,47,9,42,7,12,folha,0.2876714373329501,0.19148936170212766,0.11744137250645918
2004-09-13,23.734716815188612,0.33429178612941707,71,14,59,13,21,folha,0.33429178612941707,0.19718309859154928,0.13647405020344586
2004-09-20,4.242640687119286,0.10878565864408425,39,3,33,2,6,folha,0.10878565864408425,0.07692307692307693,0.044411559168432764
2004-09-27,17.999271042140986,0.3673320620845099,49,13,47,7,17,folha,0.3673320620845099,0.2653061224489796,0.14996268637856677
2004-10-04,13.838394799844435,0.3375218243864496,41,9,43,8,13,folha,0.3375218243864496,0.21951219512195122,0.13779270780001227
2004-10-11,17.570445607413312,0.32537862235950576,54,12,44,9,15,folha,0.32537862235950576,0.2222222222222222,0.1328352663317551
2004-10-18,18.716709977355286,0.35314547127085444,53,12,65,10,11,folha,0.35314547127085444,0.22641509433962265,0.1441710349313816
2004-10-25,26.352379644873594,0.35611323844423776,74,14,76,7,18,folha,0.35611323844423776,0.1891891891891892,0.1453826208064101
2004-11-01,21.827698166887174,0.30316247454009965,72,15,72,7,21,folha,0.30316247454009965,0.20833333333333334,0.12376556196379009
2004-11-08,19.17083909452154,0.30429903324637364,63,13,73,8,20,folha,0.30429903324637364,0.20634920634920634,0.12422956011263826
2004-11-15,18.570445607413312,0.30443353454775923,61,13,65,8,17,folha,0.30443353454775923,0.21311475409836064,0.1242844700389941
2004-11-22,17.949382989376325,0.2458819587585798,73,12,63,8,25,folha,0.2458819587585798,0.1643835616438356,0.10038088931909628
2004-11-29,16.563872897793818,0.21794569602360286,76,11,61,13,15,folha,0.21794569602360286,0.14473684210526316,0.08897595781559263
2004-12-06,22.777810114122516,0.3163584738072572,72,17,52,9,32,folha,0.3163584738072572,0.2361111111111111,0.12915280610556953
2004-12-13,13.816124986991422,0.26068160352814,53,7,47,11,11,folha,0.26068160352814,0.1320754716981132,0.10642281899574169
2004-12-20,12.624973034561048,0.28055495632357885,45,9,42,6,5,folha,0.28055495632357885,0.2,0.11453608130026482
2004-12-27,20.504694452816985,0.3797165639410553,54,12,63,6,15,folha,0.3797165639410553,0.2222222222222222,0.15501863808974797
2005-01-03,0.0,0.0,3,0,0,0,0,folha,0.0,0.0,0.0
2005-01-10,1.0,0.3333333333333333,3,1,3,0,1,folha,0.3333333333333333,0.3333333333333333,0.13608276348795434
2005-01-17,0.0,0.0,3,0,0,1,0,folha,0.0,0.0,0.0
2005-01-24,0.0,0.0,1,0,0,0,0,folha,0.0,0.0,0.0
2005-01-31,0.0,0.0,1,0,0,1,0,folha,0.0,0.0,0.0
2005-02-07,2.414213562373095,1.2071067811865475,2,2,2,1,1,folha,1.2071067811865475,1.0,0.49279927982674443
2005-02-14,2.8284271247461903,0.7071067811865476,4,2,5,0,2,folha,0.7071067811865476,0.5,0.2886751345948129
2005-02-21,0.0,0.0,2,0,1,0,0,folha,0.0,0.0,0.0
2005-02-28,0.0,0.0,3,0,1,0,2,folha,0.0,0.0,0.0
2005-03-07,0.0,0.0,3,0,3,0,0,folha,0.0,0.0,0.0
2005-03-21,1.0,0.5,2,1,1,0,1,folha,0.5,0.5,0.20412414523193154
2005-03-28,0.0,0.0,2,0,3,0,0,folha,0.0,0.0,0.0
2005-04-04,0.0,0.0,3,0,0,1,2,folha,0.0,0.0,0.0
2005-04-11,3.1622776601683795,1.5811388300841898,2,1,3,2,1,folha,1.5811388300841898,0.5,0.6454972243679029
2005-04-18,3.414213562373095,0.5690355937288492,6,3,7,1,3,folha,0.5690355937288492,0.5,0.23230780835289197
2005-04-25,1.4142135623730951,0.47140452079103173,3,1,2,1,0,folha,0.47140452079103173,0.3333333333333333,0.1924500897298753
2005-05-09,0.0,0.0,2,0,1,0,0,folha,0.0,0.0,0.0
2005-05-16,0.0,0.0,1,0,1,0,0,folha,0.0,0.0,0.0
2005-05-23,0.0,0.0,6,0,4,0,0,folha,0.0,0.0,0.0
2005-05-30,0.0,0.0,3,0,3,0,0,folha,0.0,0.0,0.0
2005-06-06,0.0,0.0,1,0,0,0,0,folha,0.0,0.0,0.0
2005-06-13,0.0,0.0,1,0,0,2,0,folha,0.0,0.0,0.0
2005-06-20,0.0,0.0,1,0,0,1,1,folha,0.0,0.0,0.0
2005-06-27,1.0,0.5,2,1,1,0,1,folha,0.5,0.5,0.20412414523193154
2005-07-04,10.115624033326704,1.6859373388877839,6,6,10,3,5,folha,1.6859373388877839,1.0,0.6882810364301323
2005-07-11,10.464101615137753,0.5232050807568877,20,6,34,4,3,folha,0.5232050807568877,0.3,0.2135975797810068
2005-07-18,8.146264369941973,0.45257024277455404,18,5,25,3,4,folha,0.45257024277455404,0.2777777777777778,0.18476102792752716
2005-07-25,16.694378488605643,0.9820222640356261,17,8,19,13,10,folha,0.9820222640356261,0.47058823529411764,0.4009089104899967
2005-08-01,19.048627177541054,0.6568492130186571,29,8,34,12,11,folha,0.6568492130186571,0.27586206896551724,0.26815756830740056
2005-08-08,5.242640687119286,0.20970562748477142,25,3,20,7,3,folha,0.20970562748477142,0.12,0.08561196392130963
2005-08-15,18.50986092169139,0.5970922877964965,31,10,39,11,10,folha,0.5970922877964965,0.3225806451612903,0.2437619057420766
2005-08-22,18.938170905373752,0.6312723635124584,30,10,29,15,11,folha,0.6312723635124584,0.3333333333333333,0.25771586322104345
2005-08-29,6.464101615137754,0.2308607719692055,28,4,28,2,8,folha,0.2308607719692055,0.14285714285714285,0.09424851549159587
2005-09-05,9.974691494688162,0.5249837628783244,19,7,23,4,8,folha,0.5249837628783244,0.3684210526315789,0.21432372371636196
2005-09-12,4.1815405503520555,0.1548718722352613,27,2,21,4,3,folha,0.1548718722352613,0.07407407407407407,0.06322617708098324
2005-09-19,9.87831517751085,0.329277172583695,30,7,36,5,9,folha,0.329277172583695,0.23333333333333334,0.13442684279606787
2005-09-26,15.009967675098245,0.5003322558366082,30,8,36,6,14,folha,0.5003322558366082,0.26666666666666666,0.2042597881092235
2005-10-03,2.8284271247461903,0.11785113019775793,24,2,18,5,6,folha,0.11785113019775793,0.08333333333333333,0.04811252243246882
2005-10-10,14.242640687119286,0.547793872581511,26,7,20,11,7,folha,0.547793872581511,0.2692307692307692,0.2236359120079811
2005-10-17,15.424181237471341,0.5932377399027439,26,9,44,2,9,folha,0.5932377399027439,0.34615384615384615,0.24218829315394103
2005-10-24,12.357023842129925,0.30139082541780304,41,8,32,8,14,folha,0.30139082541780304,0.1951219512195122,0.12304228923831069
2005-10-31,6.5604779323150675,0.1640119483078767,40,5,47,2,6,folha,0.1640119483078767,0.125,0.06695759751233814
2005-11-07,34.47333550950373,0.5386458673359957,64,23,78,11,29,folha,0.5386458673359957,0.359375,0.21990125450534503
2005-11-14,19.892573392123477,0.18591190086096707,107,11,56,20,29,folha,0.18591190086096707,0.102803738317757,0.075898215703377
2005-11-21,23.877586219651835,0.23877586219651836,100,15,81,15,30,folha,0.23877586219651836,0.15,0.09747983754576356
2005-11-28,34.4380641519669,0.2893954970753521,119,21,98,24,41,folha,0.2893954970753521,0.17647058823529413,0.11814521694895239
2005-12-05,39.930864415021986,0.3914790628923724,102,24,91,24,37,folha,0.3914790628923724,0.23529411764705882,0.15982065817820615
2005-12-12,25.68482876242395,0.3210603595302994,80,15,73,18,28,folha,0.3210603595302994,0.1875,0.13107234291395797
2005-12-19,28.27061520005086,0.33655494285774834,84,17,98,14,24,folha,0.33655494285774834,0.20238095238095238,0.13739798006883888
2005-12-26,13.009967675098245,0.21327815860816796,61,7,71,5,14,folha,0.21327815860816796,0.11475409836065574,0.08707044364506521
2006-01-02,0.0,0.0,1,0,1,0,0,folha,0.0,0.0,0.0
2006-01-09,0.0,0.0,1,0,0,0,0,folha,0.0,0.0,0.0
2006-01-23,0.0,0.0,2,0,2,0,0,folha,0.0,0.0,0.0
2006-01-30,1.4142135623730951,1.4142135623730951,1,1,1,0,2,folha,1.4142135623730951,1.0,0.5773502691896258
2006-02-06,0.0,0.0,1,0,0,0,0,folha,0.0,0.0,0.0
2006-02-13,0.0,0.0,2,0,0,0,0,folha,0.0,0.0,0.0
2006-02-20,0.0,0.0,2,0,0,0,0,folha,0.0,0.0,0.0
2006-02-27,0.0,0.0,2,0,1,0,0,folha,0.0,0.0,0.0
2006-03-13,8.59575411272515,1.0744692640906437,8,4,15,3,4,folha,1.0744692640906437,0.5,0.43865024022097027
2006-03-20,14.560477932315067,0.6618399060143212,22,8,44,0,13,folha,0.6618399060143212,0.36363636363636365,0.2701950101911104
2006-03-27,18.984659169786408,0.7301791988379388,26,12,39,3,14,folha,0.7301791988379388,0.46153846153846156,0.29809440965786166
2006-04-03,13.949382989376325,0.6064949125815794,23,8,51,1,10,folha,0.6064949125815794,0.34782608695652173,0.24760051123645985
2006-04-10,7.59575411272515,0.9494692640906438,8,4,13,2,5,folha,0.9494692640906438,0.5,0.38761920391298743
2006-04-17,2.732050807568877,0.5464101615137754,5,2,3,2,2,folha,0.5464101615137754,0.4,0.2230710143300821
2006-04-24,0.0,0.0,4,0,5,0,1,folha,0.0,0.0,0.0
2006-05-01,1.4142135623730951,0.47140452079103173,3,1,7,1,0,folha,0.47140452079103173,0.3333333333333333,0.1924500897298753
2006-05-08,3.732050807568877,0.7464101615137755,5,2,16,0,2,folha,0.7464101615137755,0.4,0.3047206724228547
2006-05-15,4.1815405503520555,0.41815405503520553,10,2,20,1,2,folha,0.41815405503520553,0.2,0.17071067811865476
2006-05-22,7.146264369941973,0.6496603972674521,11,6,13,0,7,folha,0.6496603972674521,0.5454545454545454,0.26522274656651146
2006-05-29,4.732050807568877,0.3943375672974064,12,3,9,5,2,folha,0.3943375672974064,0.25,0.1609876377148447
2006-06-05,11.292528739883945,0.9410440616569954,12,7,12,6,7,folha,0.9410440616569954,0.5833333333333334,0.3841796294226385
2006-06-12,6.82842712474619,0.37935706248589945,18,5,14,7,4,folha,0.37935706248589945,0.2777777777777778,0.15487187223526133
2006-06-19,1.4142135623730951,0.04561979233461597,31,1,7,4,9,folha,0.04561979233461597,0.03225806451612903,0.018624202231923414
2006-06-26,6.242640687119286,0.4459029062228061,14,4,12,4,6,folha,0.4459029062228061,0.2857142857142857,0.18203909917832883
2006-07-03,2.414213562373095,0.09285436778358057,26,2,20,1,6,folha,0.09285436778358057,0.07692307692307693,0.03790763690974957
2006-07-10,5.5604779323150675,0.397176995165362,14,4,12,0,4,folha,0.397176995165362,0.2857142857142857,0.16214682928783303
2006-07-17,4.414213562373095,0.22071067811865475,20,4,15,1,5,folha,0.22071067811865475,0.2,0.09010475702906075
2006-07-24,3.8284271247461903,0.2014961644603258,19,3,16,4,2,folha,0.2014961644603258,0.15789473684210525,0.08226046467595341
2006-07-31,3.414213562373095,0.24387239731236393,14,3,15,0,6,folha,0.24387239731236393,0.21428571428571427,0.09956048929409657
2006-08-07,4.878315177510849,0.3252210118340566,15,2,12,2,4,folha,0.3252210118340566,0.13333333333333333,0.13277092210418137
2006-08-14,5.5604779323150675,0.2926567332797404,19,4,12,1,5,folha,0.2926567332797404,0.21052631578947367,0.11947661105419276
2006-08-21,3.414213562373095,0.24387239731236393,14,3,13,1,4,folha,0.24387239731236393,0.21428571428571427,0.09956048929409657
2006-08-28,2.8284271247461903,0.128564869306645,22,2,17,3,2,folha,0.128564869306645,0.09090909090909091,0.052486388108147805
2006-09-04,8.692130429902463,0.22287513922826827,39,5,23,9,10,folha,0.22287513922826827,0.1282051282051282,0.09098839457683598
2006-09-11,8.009967675098245,0.2355872845617131,34,5,16,3,8,folha,0.2355872845617131,0.14705882352941177,0.09617810617734301
2006-09-18,20.479385947505147,0.40155658720598325,51,11,28,27,13,folha,0.40155658720598325,0.21568627450980393,0.1639347902513458
2006-09-25,16.14213562373095,0.3587141249717989,45,12,30,13,9,folha,0.3587141249717989,0.26666666666666666,0.14644442828497742
2006-10-02,4.0,0.0784313725490196,51,3,38,3,7,folha,0.0784313725490196,0.058823529411764705,0.032019473761871614
2006-10-09,12.136969154856542,0.1811487933560678,67,8,44,10,15,folha,0.1811487933560678,0.11940298507462686,0.07395368520720627
2006-10-16,2.414213562373095,0.06353193585192356,38,2,29,2,5,folha,0.06353193585192356,0.05263157894736842,0.025936804201407603
2006-10-23,15.267220234572108,0.24624548765438883,62,11,53,12,13,folha,0.24624548765438883,0.1774193548387097,0.10052929936934453
2006-10-30,4.146264369941973,0.07973585326811486,52,3,29,5,9,folha,0.07973585326811486,0.057692307692307696,0.03255202578538532
2006-11-06,8.65685424949238,0.15458668302664963,56,6,46,5,11,folha,0.15458668302664963,0.10714285714285714,0.06310974907410878
2006-11-13,5.82842712474619,0.1165685424949238,50,4,34,3,5,folha,0.1165685424949238,0.08,0.047588908195416814
2006-11-20,10.70674230225704,0.15980212391428417,67,7,53,11,13,folha,0.15980212391428417,0.1044776119402985,0.06523894390050092
2006-11-27,15.039186596934142,0.31998269355179026,47,11,45,3,15,folha,0.31998269355179026,0.23404255319148937,0.13063238762054055
2006-12-04,7.974691494688162,0.10776610127956976,74,6,43,10,15,folha,0.10776610127956976,0.08108108108108109,0.04399532661733988
2006-12-11,13.071067811865476,0.19222158546860993,68,9,59,8,10,folha,0.19222158546860993,0.1323529411764706,0.07847413365781335
2006-12-18,24.270615200050855,0.36773659394016445,66,16,52,3,28,folha,0.36773659394016445,0.24242424242424243,0.15012783581707592
2006-12-25,1.4142135623730951,0.03288868749704872,43,1,26,2,5,folha,0.03288868749704872,0.023255813953488372,0.013426750446270367
2007-01-01,0.0,0.0,2,0,0,0,0,folha,0.0,0.0,0.0
2007-01-15,0.0,0.0,1,0,1,0,0,folha,0.0,0.0,0.0
2007-01-22,0.0,0.0,2,0,0,0,0,folha,0.0,0.0,0.0
2007-01-29,1.4142135623730951,0.282842712474619,5,1,7,0,1,folha,0.282842712474619,0.2,0.11547005383792516
2007-02-05,0.0,0.0,1,0,0,0,0,folha,0.0,0.0,0.0
2007-02-12,0.0,0.0,2,0,1,0,0,folha,0.0,0.0,0.0
2007-02-19,0.0,0.0,1,0,1,0,0,folha,0.0,0.0,0.0
2007-02-26,9.70674230225704,0.510881173803002,19,6,13,5,6,folha,0.510881173803002,0.3157894736842105,0.20856636583524726
2007-03-05,2.449489742783178,0.34992710611188255,7,1,4,3,1,folha,0.34992710611188255,0.14285714285714285,0.14285714285714285
2007-03-12,1.4142135623730951,0.20203050891044216,7,1,7,3,1,folha,0.20203050891044216,0.14285714285714285,0.08247860988423227
2007-03-19,0.0,0.0,2,0,2,0,1,folha,0.0,0.0,0.0
2007-03-26,0.0,0.0,2,0,1,0,0,folha,0.0,0.0,0.0
2007-04-02,0.0,0.0,3,0,0,0,0,folha,0.0,0.0,0.0
2007-04-09,14.998750768222418,1.2498958973518681,12,7,15,13,3,folha,1.2498958973518681,0.5833333333333334,0.5102678633516963
2007-04-16,0.0,0.0,1,0,1,0,0,folha,0.0,0.0,0.0
2007-04-30,0.0,0.0,5,0,2,0,0,folha,0.0,0.0,0.0
2007-05-14,0.0,0.0,1,0,0,0,0,folha,0.0,0.0,0.0
2007-05-21,0.0,0.0,1,0,1,0,0,folha,0.0,0.0,0.0
2007-05-28,4.47213595499958,1.4907119849998598,3,2,2,5,3,folha,1.4907119849998598,0.6666666666666666,0.6085806194501846
2007-06-11,0.0,0.0,3,0,1,1,0,folha,0.0,0.0,0.0
2007-07-02,1.0,1.0,1,1,1,0,1,folha,1.0,1.0,0.4082482904638631
2007-07-09,0.0,0.0,1,0,0,0,0,folha,0.0,0.0,0.0
2007-07-16,0.0,0.0,1,0,0,1,1,folha,0.0,0.0,0.0
2007-07-23,2.449489742783178,1.224744871391589,2,1,4,1,0,folha,1.224744871391589,0.5,0.5
2007-07-30,0.0,0.0,2,0,1,0,0,folha,0.0,0.0,0.0
2007-08-06,2.0,1.0,2,1,3,2,0,folha,1.0,0.5,0.4082482904638631
2007-08-13,3.414213562373095,0.5690355937288492,6,2,4,4,0,folha,0.5690355937288492,0.3333333333333333,0.23230780835289197
2007-08-20,4.146264369941973,0.41462643699419727,10,3,10,5,3,folha,0.41462643699419727,0.3,0.16927053408400367
2007-08-27,2.449489742783178,0.4898979485566356,5,1,2,5,0,folha,0.4898979485566356,0.2,0.2
2007-09-03,1.4142135623730951,0.3535533905932738,4,1,2,1,0,folha,0.3535533905932738,0.25,0.14433756729740646
2007-09-10,1.7320508075688772,0.21650635094610965,8,1,3,2,1,folha,0.21650635094610965,0.125,0.08838834764831845
2007-09-17,5.5604779323150675,0.24175991010065512,23,4,11,5,7,folha,0.24175991010065512,0.17391304347826086,0.09869807000128968
2007-09-24,23.702098105000708,0.3386014015000101,70,14,61,15,12,folha,0.3386014015000101,0.2,0.13823344331104725
2007-10-01,22.862974347297257,0.33622021098966554,68,14,89,11,17,folha,0.33622021098966554,0.20588235294117646,0.1372613263559303
2007-10-08,13.384260859804927,0.22685187897974451,59,7,49,16,12,folha,0.22685187897974451,0.11864406779661017,0.09261189178199584
2007-10-15,27.727922061357855,0.5545584412271571,50,17,57,14,16,folha,0.5545584412271571,0.34,0.22639753559329157
2007-10-22,29.084430452442472,0.3777198760057464,77,17,73,14,23,folha,0.3777198760057464,0.22077922077922077,0.1542034936535683
2007-10-29,11.974691494688162,0.21383377669086004,56,8,53,9,11,folha,0.21383377669086004,0.14285714285714285,0.08729727377747505
2007-11-05,25.49207130519607,0.37488340154700106,68,15,75,13,16,folha,0.37488340154700106,0.22058823529411764,0.1530455078048411
2007-11-12,32.64151341927879,0.4945683851405877,66,19,72,12,21,folha,0.4945683851405877,0.2878787878787879,0.20190669775111833
2007-11-19,37.166715171183775,0.47649634834850996,78,25,91,15,25,folha,0.47649634834850996,0.32051282051282054,0.19452881962555257
2007-11-26,26.873051167970285,0.2488245478515767,108,17,104,19,18,folha,0.2488245478515767,0.1574074074074074,0.10158219628584987
2007-12-03,26.909462611709912,0.30235351249112263,89,18,89,11,28,folha,0.30235351249112263,0.20224719101123595,0.12343530459024508
2007-12-10,41.247235207102186,0.4852615906717904,85,24,104,14,21,folha,0.4852615906717904,0.2823529411764706,0.1981072148195333
2007-12-17,24.984659169786408,0.26579424648708944,94,16,99,8,23,folha,0.26579424648708944,0.1702127659574468,0.1085100467434849
2007-12-24,19.287884542627612,0.27554120775182306,70,11,70,11,12,folha,0.27554120775182306,0.15714285714285714,0.11248922701702989
2007-12-31,0.0,0.0,8,0,7,0,0,folha,0.0,0.0,0.0
2008-11-03,24.565801410156983,0.5583136684126587,44,16,93,4,18,folha,0.5583136684126587,0.36363636363636365,0.22793060067207602
2008-11-10,46.308335343869416,0.5322797165962002,87,27,106,25,27,folha,0.5322797165962002,0.3103448275862069,0.21730228434898824
2008-11-17,49.696724949885365,0.67157736418764,74,28,81,27,29,folha,0.67157736418764,0.3783783783783784,0.2741703108438312
2008-11-24,44.12679479351736,0.46449257677386696,95,31,107,15,29,folha,0.46449257677386696,0.3263157894736842,0.18962830040108586
2008-12-01,67.52249460440937,0.6619852412196997,102,44,122,29,47,folha,0.6619852412196997,0.43137254901960786,0.2702543430402504
2008-12-08,44.677305050734184,0.3851491814718464,116,31,143,25,31,folha,0.3851491814718464,0.2672413793103448,0.15723649490943745
2008-12-15,91.22974753483847,0.32582052691013735,280,59,193,79,92,folha,0.32582052691013735,0.21071428571428572,0.13301567310909868
2008-12-22,63.55901519372378,0.2269964828347278,280,45,142,81,80,folha,0.2269964828347278,0.16071428571428573,0.09267092605858725
2008-12-29,28.338288046437583,0.20991324478842655,135,21,75,20,34,folha,0.20991324478842655,0.15555555555555556,0.08569672333059755
2009-08-10,1.4142135623730951,0.06148754619013457,23,1,38,0,2,folha,0.06148754619013457,0.043478260869565216,0.025102185616940255
2009-08-17,0.0,0.0,12,0,3,3,0,folha,0.0,0.0,0.0
2009-08-24,1.4142135623730951,0.128564869306645,11,1,3,3,2,folha,0.128564869306645,0.09090909090909091,0.052486388108147805
2009-08-31,2.0,0.15384615384615385,13,1,11,1,0,folha,0.15384615384615385,0.07692307692307693,0.06280742930213278
2009-09-07,7.656854249492381,0.2126903958192328,36,6,23,17,6,folha,0.2126903958192328,0.16666666666666666,0.08683049049128415
2009-09-14,5.878315177510849,0.20270052336244307,29,3,17,11,8,folha,0.20270052336244307,0.10344827586206896,0.08275214213884771
2009-09-21,1.0,0.0625,16,1,6,5,3,folha,0.0625,0.0625,0.025515518153991442
2009-09-28,7.974691494688162,0.3797472140327696,21,5,17,5,6,folha,0.3797472140327696,0.23809523809523808,0.15503115093729292
2009-10-05,5.414213562373095,0.3867295401695068,14,3,7,4,0,folha,0.3867295401695068,0.21428571428571427,0.157881673646077
2009-10-12,1.7320508075688772,0.15745916432444337,11,1,4,3,2,folha,0.15745916432444337,0.09090909090909091,0.0642824346533225
2009-10-19,4.5604779323150675,0.41458890293773343,11,3,10,1,4,folha,0.41458890293773343,0.2727272727272727,0.16925521086961812
2009-10-26,3.414213562373095,0.1625815982082426,21,2,15,2,4,folha,0.1625815982082426,0.09523809523809523,0.06637365952939771
2009-11-02,4.242640687119286,0.11164843913471804,38,3,54,1,4,folha,0.11164843913471804,0.07894736842105263,0.04558028440970731
2009-11-09,11.899494936611665,0.2586846725350362,46,6,78,4,3,folha,0.2586846725350362,0.13043478260869565,0.10560757533163274
2009-11-16,24.348984679394846,0.3203813773604585,76,15,78,10,20,folha,0.3203813773604585,0.19736842105263158,0.13079514960386499
2009-11-23,46.88342514853906,0.3634374042522408,129,32,149,20,40,folha,0.3634374042522408,0.24806201550387597,0.1483726989766012
2009-11-30,40.91994573785347,0.22733303187696371,180,30,185,21,34,folha,0.22733303187696371,0.16666666666666666,0.09280832162973732
2009-12-07,45.36892002959134,0.20436450463779882,222,30,200,23,42,folha,0.20436450463779882,0.13513513513513514,0.08343145964987558
2009-12-14,36.42345227961233,0.21552338626989542,169,24,193,13,29,folha,0.21552338626989542,0.14201183431952663,0.08798705399966762
2009-12-21,22.727922061357855,0.1942557441141697,117,14,94,13,21,folha,0.1942557441141697,0.11965811965811966,0.07930457544739541
2009-12-28,17.666821924590625,0.14971882986941207,118,12,116,16,16,folha,0.14971882986941207,0.1016949152542373,0.061122456344437436
2010-01-25,1.7320508075688772,0.17320508075688773,10,1,1,0,4,folha,0.17320508075688773,0.1,0.07071067811865477
2010-02-01,0.0,0.0,10,0,3,0,3,folha,0.0,0.0,0.0
2010-02-08,1.4142135623730951,0.3535533905932738,4,1,3,1,1,folha,0.3535533905932738,0.25,0.14433756729740646
2010-02-15,2.449489742783178,0.2721655269759087,9,1,3,3,0,folha,0.2721655269759087,0.1111111111111111,0.11111111111111112
2010-02-22,1.4142135623730951,0.20203050891044216,7,1,5,2,0,folha,0.20203050891044216,0.14285714285714285,0.08247860988423227
2010-03-01,0.0,0.0,10,0,10,0,1,folha,0.0,0.0,0.0
2010-03-08,0.0,0.0,3,0,1,0,0,folha,0.0,0.0,0.0
2010-03-15,2.732050807568877,0.2732050807568877,10,2,4,2,2,folha,0.2732050807568877,0.2,0.11153550716504106
2010-03-22,1.4142135623730951,0.20203050891044216,7,1,2,2,0,folha,0.20203050891044216,0.14285714285714285,0.08247860988423227
2010-03-29,0.0,0.0,2,0,0,0,0,folha,0.0,0.0,0.0
2010-04-05,0.0,0.0,3,0,0,0,0,folha,0.0,0.0,0.0
2010-04-12,2.414213562373095,0.8047378541243649,3,2,2,1,1,folha,0.8047378541243649,0.6666666666666666,0.3285328532178296
2010-04-19,3.449489742783178,0.4927842489690254,7,2,4,3,3,folha,0.4927842489690254,0.2857142857142857,0.2011783272091233
2010-04-26,0.0,0.0,8,0,4,1,2,folha,0.0,0.0,0.0
2010-05-03,0.0,0.0,9,0,1,1,2,folha,0.0,0.0,0.0
2010-05-10,1.0,0.08333333333333333,12,1,3,6,1,folha,0.08333333333333333,0.08333333333333333,0.034020690871988585
2010-05-17,0.0,0.0,8,0,3,1,2,folha,0.0,0.0,0.0
2010-05-24,0.0,0.0,4,0,1,0,0,folha,0.0,0.0,0.0
2010-05-31,3.0,0.6,5,2,2,3,2,folha,0.6,0.4,0.24494897427831783
2010-06-07,0.0,0.0,9,0,0,1,0,folha,0.0,0.0,0.0
2010-06-14,57.563139117061546,0.5814458496672883,99,32,85,84,24,"g1, folha",0.5814458496672883,0.32323232323232326,0.23737427412397877
2010-06-21,0.0,0.0,4,0,2,1,0,folha,0.0,0.0,0.0
2010-06-28,0.0,0.0,11,0,3,2,0,folha,0.0,0.0,0.0
2010-07-05,3.0,0.42857142857142855,7,2,3,4,1,folha,0.42857142857142855,0.2857142857142857,0.1749635530559413
2010-07-12,0.0,0.0,6,0,0,1,1,folha,0.0,0.0,0.0
2010-07-19,1.0,0.125,8,1,5,1,3,folha,0.125,0.125,0.051031036307982884
2010-07-26,0.0,0.0,5,0,4,0,0,folha,0.0,0.0,0.0
2010-08-02,0.0,0.0,9,0,2,2,1,folha,0.0,0.0,0.0
2010-08-09,1.0,0.07692307692307693,13,1,2,6,3,folha,0.07692307692307693,0.07692307692307693,0.03140371465106639
2010-08-16,1.7320508075688772,0.4330127018922193,4,1,3,0,1,folha,0.4330127018922193,0.25,0.1767766952966369
2010-08-23,0.0,0.0,7,0,2,0,1,folha,0.0,0.0,0.0
2010-08-30,2.0,0.2222222222222222,9,2,5,2,2,folha,0.2222222222222222,0.2222222222222222,0.09072184232530289
2010-09-06,1.4142135623730951,0.20203050891044216,7,1,3,1,1,folha,0.20203050891044216,0.14285714285714285,0.08247860988423227
2010-09-13,0.0,0.0,9,0,1,4,3,folha,0.0,0.0,0.0
2010-09-20,0.0,0.0,10,0,3,1,0,folha,0.0,0.0,0.0
2010-09-27,0.0,0.0,3,0,1,2,1,folha,0.0,0.0,0.0
2010-10-04,0.0,0.0,5,0,1,0,0,folha,0.0,0.0,0.0
2010-10-11,0.0,0.0,3,0,3,0,0,folha,0.0,0.0,0.0
2010-10-18,0.0,0.0,4,0,0,0,1,folha,0.0,0.0,0.0
2010-10-25,13.242640687119286,0.3579092077599807,37,7,71,4,6,folha,0.3579092077599807,0.1891891891891892,0.1461158222092877
2010-11-01,8.65685424949238,0.18035113019775792,48,6,69,7,5,folha,0.18035113019775792,0.125,0.07362804058646026
2010-11-08,51.9685893817138,0.43671083514045206,119,31,137,18,38,folha,0.43671083514045206,0.2605042016806723,0.1782864518731355
2010-11-15,24.192023676495612,0.24940230594325374,97,17,109,7,20,folha,0.24940230594325374,0.17525773195876287,0.1018180650390787
2010-11-22,40.52979627188788,0.2684092468336946,151,25,140,22,35,folha,0.2684092468336946,0.16556291390728478,0.10957761616454886
2010-11-29,47.50521672443506,0.3276221843064487,145,29,131,22,34,folha,0.3276221843064487,0.2,0.13375119666114435
2010-12-06,40.95470646721824,0.30113754755307526,136,26,137,11,39,folha,0.30113754755307526,0.19117647058823528,0.12293888898302324
2010-12-13,31.97396253682915,0.2251687502593602,142,21,131,14,32,folha,0.2251687502593602,0.14788732394366197,0.09192475735926832
2010-12-20,21.53516942700323,0.18890499497371255,114,15,105,7,25,folha,0.18890499497371255,0.13157894736842105,0.07712014125810279
2010-12-27,15.585052656894634,0.16405318586204878,95,10,100,7,15,folha,0.16405318586204878,0.10526315789473684,0.06697443267333181
2011-06-13,86.66798675011438,0.884367211735861,98,45,101,110,23,g1,0.884367211735861,0.45918367346938777,0.36104140233345844
2011-08-01,2.0,0.4,5,2,4,0,2,folha,0.4,0.4,0.16329931618554522
2011-08-08,19.217332181807446,0.3625911732416499,53,13,21,26,13,folha,0.3625911732416499,0.24528301886792453,0.14802722661318998
2011-08-15,5.974691494688162,0.2715768861221892,22,4,13,7,6,folha,0.2715768861221892,0.18181818181818182,0.11087079948888297
2011-08-22,0.0,0.0,9,0,4,1,0,folha,0.0,0.0,0.0
2011-08-29,1.0,0.125,8,1,1,0,1,folha,0.125,0.125,0.051031036307982884
2011-09-05,15.806513584913102,0.6586047327047125,24,9,15,12,7,folha,0.6586047327047125,0.375,0.26887425621810834
2011-09-12,3.414213562373095,0.18967853124294973,18,2,12,1,3,folha,0.18967853124294973,0.1111111111111111,0.07743593611763067
2011-09-19,10.692130429902463,0.46487523608271575,23,6,15,7,9,folha,0.46487523608271575,0.2608695652173913,0.18978452040975344
2011-09-26,6.913591357920932,0.5761326131600777,12,4,9,5,7,folha,0.5761326131600777,0.3333333333333333,0.23520515440307985
2011-10-03,7.656854249492381,0.2126903958192328,36,5,46,5,10,folha,0.2126903958192328,0.1388888888888889,0.08683049049128415
2011-10-10,7.863703305156273,0.1638271521907557,48,5,58,10,5,folha,0.1638271521907557,0.10416666666666667,0.06688215481343913
2011-10-17,28.358952354493088,0.47264920590821813,60,17,90,7,19,folha,0.47264920590821813,0.2833333333333333,0.19295823030113246
2011-10-24,22.41348460451408,0.3502106969455325,64,15,88,6,16,folha,0.3502106969455325,0.234375,0.14297291833017167
2011-10-31,31.437543878048334,0.4912116230945052,64,19,80,17,19,folha,0.4912116230945052,0.296875,0.2005363053843112
2011-11-07,18.227299856905695,0.26804852730743667,68,12,83,8,13,folha,0.26804852730743667,0.17647058823529413,0.10943035303461714
2011-11-14,22.034656368125848,0.21816491453589948,101,15,61,24,17,folha,0.21816491453589948,0.1485148514851485,0.08906545339847576
2011-11-21,16.48528137423857,0.19168931830509967,86,13,74,18,13,folha,0.19168931830509967,0.1511627906976744,0.07825683649824022
2011-11-28,46.87758139677858,0.28936778639986777,162,29,127,39,37,folha,0.28936778639986777,0.17901234567901234,0.1181339041130583
2011-12-05,54.39881141144005,0.3126368471921842,174,34,142,51,38,folha,0.3126368471921842,0.19540229885057472,0.12763345840222118
2011-12-12,29.641513419278787,0.22286852194946458,133,19,80,37,20,folha,0.22286852194946458,0.14285714285714285,0.09098569308407685
2011-12-19,32.720620393879344,0.21669285029059168,151,21,99,35,26,"folha, valor",0.21669285029059168,0.1390728476821192,0.08846448568687587
2011-12-26,37.85833015004093,0.2610919320692478,145,26,136,10,36,"folha, valor",0.2610919320692478,0.1793103448275862,0.10659033492117748
2012-01-16,0.0,0.0,6,0,2,1,0,folha,0.0,0.0,0.0
2012-01-23,1.0,0.08333333333333333,12,1,4,2,2,folha,0.08333333333333333,0.08333333333333333,0.034020690871988585
2012-01-30,1.4142135623730951,0.282842712474619,5,1,1,3,1,folha,0.282842712474619,0.2,0.11547005383792516
2012-02-06,1.0,0.5,2,1,2,0,1,folha,0.5,0.5,0.20412414523193154
2012-02-13,1.7320508075688772,0.28867513459481287,6,1,1,2,1,folha,0.28867513459481287,0.16666666666666666,0.11785113019775792
2012-02-20,1.0,0.3333333333333333,3,1,2,0,1,folha,0.3333333333333333,0.3333333333333333,0.13608276348795434
2012-02-27,0.0,0.0,2,0,0,0,0,folha,0.0,0.0,0.0
2012-03-05,1.4142135623730951,0.128564869306645,11,1,9,1,0,folha,0.128564869306645,0.09090909090909091,0.052486388108147805
2012-03-12,0.0,0.0,1,0,0,0,0,folha,0.0,0.0,0.0
2012-03-19,0.0,0.0,1,0,1,0,0,folha,0.0,0.0,0.0
2012-03-26,0.0,0.0,4,0,1,0,0,folha,0.0,0.0,0.0
2012-04-02,3.414213562373095,0.42677669529663687,8,2,6,2,0,folha,0.42677669529663687,0.25,0.17423085626466897
2012-04-09,0.0,0.0,3,0,1,0,0,folha,0.0,0.0,0.0
2012-04-16,0.0,0.0,2,0,0,1,0,folha,0.0,0.0,0.0
2012-04-23,0.0,0.0,7,0,0,1,1,folha,0.0,0.0,0.0
2012-04-30,3.449489742783178,0.5749149571305296,6,2,2,4,1,folha,0.5749149571305296,0.3333333333333333,0.23470804841064385
2012-05-07,4.0,0.5714285714285714,7,2,5,5,2,folha,0.5714285714285714,0.2857142857142857,0.23328473740792174
2012-05-14,1.7320508075688772,0.19245008972987523,9,1,8,3,1,folha,0.19245008972987523,0.1111111111111111,0.07856742013183861
2012-05-21,0.0,0.0,5,0,0,1,2,folha,0.0,0.0,0.0
2012-05-28,5.242640687119286,0.43688672392660716,12,4,9,2,2,folha,0.43688672392660716,0.3333333333333333,0.17835825816939507
2012-06-04,0.0,0.0,5,0,7,0,1,folha,0.0,0.0,0.0
2012-06-11,52.109005177022034,0.6947867356936271,75,28,46,87,20,"folha, g1",0.6947867356936271,0.37333333333333335,0.28364549708389114
2012-06-18,0.0,0.0,2,0,2,0,0,folha,0.0,0.0,0.0
2012-06-25,0.0,0.0,4,0,4,2,0,folha,0.0,0.0,0.0
2012-07-02,1.0,0.14285714285714285,7,1,4,0,1,folha,0.14285714285714285,0.14285714285714285,0.058321184351980436
2012-07-09,0.0,0.0,4,0,2,4,0,folha,0.0,0.0,0.0
2012-07-16,1.0,0.14285714285714285,7,1,2,1,4,folha,0.14285714285714285,0.14285714285714285,0.058321184351980436
2012-07-23,0.0,0.0,1,0,0,1,0,folha,0.0,0.0,0.0
2012-07-30,2.414213562373095,0.6035533905932737,4,2,4,0,2,folha,0.6035533905932737,0.5,0.24639963991337221
2012-08-06,0.0,0.0,5,0,1,0,0,folha,0.0,0.0,0.0
2012-08-13,0.0,0.0,5,0,1,0,1,folha,0.0,0.0,0.0
2012-08-20,2.414213562373095,0.344887651767585,7,2,3,4,2,folha,0.344887651767585,0.2857142857142857,0.1407997942362127
2012-08-27,1.0,0.08333333333333333,12,1,5,0,2,folha,0.08333333333333333,0.08333333333333333,0.034020690871988585
2012-09-03,0.0,0.0,3,0,0,2,0,folha,0.0,0.0,0.0
2012-09-10,2.0,0.25,8,1,10,2,0,folha,0.25,0.125,0.10206207261596577
2012-09-17,10.70674230225704,0.2611400561526107,41,8,44,4,10,folha,0.2611400561526107,0.1951219512195122,0.10660998149594053
2012-09-24,11.388905057061258,0.22331186386394625,51,9,67,0,11,folha,0.22331186386394625,0.17647058823529413,0.09116668666275497
2012-10-01,12.838394799844435,0.35662207777345656,36,8,50,4,9,folha,0.35662207777345656,0.2222222222222222,0.14559035359268446
2012-10-08,19.8065135849131,0.3474826944721597,57,13,61,5,19,folha,0.3474826944721597,0.22807017543859648,0.14185921598403603
2012-10-15,21.565801410156983,0.2729848279766707,79,12,65,12,22,folha,0.2729848279766707,0.1518987341772152,0.11144558934404754
2012-10-22,12.803118619434352,0.1803256143582303,71,9,65,3,13,folha,0.1803256143582303,0.1267605633802817,0.07361762378859336
2012-10-29,15.485281374238571,0.1800614113283555,86,10,71,9,10,folha,0.1800614113283555,0.11627906976744186,0.0735097633533116
2012-11-05,19.888282852609095,0.27622615073068185,72,11,77,8,18,folha,0.27622615073068185,0.1527777777777778,0.11276885381721422
2012-11-12,18.53516942700323,0.22603865154881986,82,13,60,22,19,folha,0.22603865154881986,0.15853658536585366,0.09227989307356253
2012-11-19,26.25260836221753,0.220610154304349,119,16,86,21,30,folha,0.220610154304349,0.13445378151260504,0.09006371835371951
2012-11-26,23.50986092169139,0.16556240085698162,142,15,108,10,25,folha,0.16556240085698162,0.1056338028169014,0.06759056711495556
2012-12-03,8.65685424949238,0.08323898316819596,104,6,66,10,15,folha,0.08323898316819596,0.057692307692307696,0.03398217257836627
2012-12-10,19.21733218180745,0.14235060875412925,135,14,74,18,19,"folha, valor",0.14235060875412925,0.1037037037037037,0.05811439267036348
2012-12-17,9.414213562373096,0.10232840828666409,92,6,69,7,3,"folha, valor",0.10232840828666409,0.06521739130434782,0.041775397748918815
2012-12-24,29.111667470117474,0.18309224823973255,159,17,110,11,33,"folha, valor",0.18309224823973255,0.1069182389937107,0.07474709734105606
2012-12-31,0.0,0.0,24,0,16,3,0,"valor, folha",0.0,0.0,0.0
2013-01-07,0.0,0.0,3,0,1,0,0,folha,0.0,0.0,0.0
2013-01-21,0.0,0.0,5,0,2,2,0,folha,0.0,0.0,0.0
2013-01-28,1.0,0.125,8,1,1,1,2,folha,0.125,0.125,0.051031036307982884
2013-02-04,0.0,0.0,7,0,2,0,2,folha,0.0,0.0,0.0
2013-02-11,1.0,0.2,5,1,3,2,1,folha,0.2,0.2,0.08164965809277261
2013-02-18,1.0,0.25,4,1,4,0,1,folha,0.25,0.25,0.10206207261596577
2013-02-25,1.7320508075688772,0.28867513459481287,6,1,1,1,5,folha,0.28867513459481287,0.16666666666666666,0.11785113019775792
2013-03-04,0.0,0.0,5,0,2,0,0,folha,0.0,0.0,0.0
2013-03-11,1.7320508075688772,0.4330127018922193,4,1,2,1,2,folha,0.4330127018922193,0.25,0.1767766952966369
2013-03-18,0.0,0.0,2,0,0,0,0,folha,0.0,0.0,0.0
2013-03-25,0.0,0.0,3,0,1,0,2,folha,0.0,0.0,0.0
2013-04-01,0.0,0.0,7,0,0,0,0,folha,0.0,0.0,0.0
2013-04-08,0.0,0.0,4,0,2,0,0,folha,0.0,0.0,0.0
2013-04-15,0.0,0.0,4,0,1,0,0,folha,0.0,0.0,0.0
2013-04-22,0.0,0.0,3,0,2,2,1,folha,0.0,0.0,0.0
2013-04-29,5.277916867529369,0.5277916867529369,10,3,5,0,7,folha,0.5277916867529369,0.3,0.2154700538379252
2013-05-06,1.4142135623730951,0.20203050891044216,7,1,3,2,0,folha,0.20203050891044216,0.14285714285714285,0.08247860988423227
2013-05-13,2.0,0.2222222222222222,9,1,7,3,2,folha,0.2222222222222222,0.1111111111111111,0.09072184232530289
2013-05-20,0.0,0.0,2,0,0,0,1,folha,0.0,0.0,0.0
2013-05-27,1.4142135623730951,0.23570226039551587,6,1,2,1,2,folha,0.23570226039551587,0.16666666666666666,0.09622504486493764
2013-06-03,0.0,0.0,5,0,0,4,2,folha,0.0,0.0,0.0
2013-06-10,34.299829299013496,0.5196943833183862,66,17,53,47,16,"folha, g1",0.5196943833183862,0.25757575757575757,0.21216434355340275
2013-06-17,1.7320508075688772,0.34641016151377546,5,1,1,1,1,folha,0.34641016151377546,0.2,0.14142135623730953
2013-06-24,0.0,0.0,2,0,0,0,0,folha,0.0,0.0,0.0
2013-07-01,2.8284271247461903,0.282842712474619,10,2,4,3,2,folha,0.282842712474619,0.2,0.11547005383792516
2013-07-08,0.0,0.0,2,0,0,0,0,folha,0.0,0.0,0.0
2013-07-15,0.0,0.0,8,0,2,1,3,folha,0.0,0.0,0.0
2013-07-22,0.0,0.0,5,0,1,3,2,folha,0.0,0.0,0.0
2013-07-29,3.1462643699419726,0.2860240336310884,11,2,8,2,3,folha,0.2860240336310884,0.18181818181818182,0.11676882276147031
2013-08-05,0.0,0.0,4,0,0,2,0,folha,0.0,0.0,0.0
2013-08-12,1.4142135623730951,0.128564869306645,11,1,12,1,0,folha,0.128564869306645,0.09090909090909091,0.052486388108147805
2013-08-19,0.0,0.0,4,0,1,0,2,folha,0.0,0.0,0.0
2013-08-26,0.0,0.0,8,0,4,3,0,folha,0.0,0.0,0.0
2013-09-02,1.4142135623730951,0.0744322927564787,19,1,11,2,3,folha,0.0744322927564787,0.05263157894736842,0.030386856273138203
2013-09-09,6.414213562373095,0.2375634652730776,27,5,14,3,4,folha,0.2375634652730776,0.18518518518518517,0.09698487857440523
2013-09-16,12.65685424949238,0.421895141649746,30,8,21,8,3,folha,0.421895141649746,0.26666666666666666,0.17223797033351815
2013-09-23,15.446827449687742,0.30287896960172045,51,9,28,26,14,folha,0.30287896960172045,0.17647058823529413,0.12364982155735872
2013-09-30,13.388905057061258,0.2434346374011138,55,10,29,15,19,folha,0.2434346374011138,0.18181818181818182,0.09938177455869508
2013-10-07,5.82842712474619,0.13246425283514068,44,5,25,6,8,folha,0.13246425283514068,0.11363636363636363,0.05407830476751911
2013-10-14,9.464101615137753,0.22533575274137507,42,7,32,4,10,folha,0.22533575274137507,0.16666666666666666,0.09199293583705412
2013-10-21,6.82842712474619,0.08327350152129499,82,4,30,10,6,folha,0.08327350152129499,0.04878048780487805,0.03399626463700858
2013-10-28,8.242640687119286,0.12488849525938311,66,6,35,8,16,folha,0.12488849525938311,0.09090909090909091,0.05098551468824742
2013-11-04,7.242640687119286,0.08622191294189625,84,5,36,7,7,folha,0.08622191294189625,0.05952380952380952,0.035199948559053174
2013-11-11,10.0,0.125,80,6,115,8,8,folha,0.125,0.075,0.051031036307982884
2013-11-18,26.08103548696372,0.23927555492627267,109,18,151,17,20,folha,0.23927555492627267,0.1651376146788991,0.09768383624844298
2013-11-25,24.495249049336817,0.25252834071481256,97,15,163,10,19,"folha, valor",0.25252834071481256,0.15463917525773196,0.10309426339049817
2013-12-02,19.862974347297257,0.16976901151536117,117,11,154,11,15,"folha, valor",0.16976901151536117,0.09401709401709402,0.06930790872488608
2013-12-09,17.88363865535276,0.15028267777607363,119,10,158,10,15,"folha, valor",0.15028267777607363,0.08403361344537816,0.061352646288413644
2013-12-16,24.885620559513658,0.22022673061516512,113,16,158,16,19,"folha, valor",0.22022673061516512,0.1415929203539823,0.08990718628808685
2013-12-23,28.341683011916334,0.26001544047629666,109,17,119,15,24,"folha, valor",0.26001544047629666,0.1559633027522936,0.10615085906865646
2013-12-30,9.974691494688162,0.16906256770657901,59,8,69,3,8,"folha, valor",0.16906256770657901,0.13559322033898305,0.06901950424764199
2014-06-09,47.49156063848662,1.1583307472801614,41,27,47,42,13,g1,1.1583307472801614,0.6585365853658537,0.4728865473688549
2014-08-18,4.414213562373095,0.27588834764831843,16,4,6,6,8,folha,0.27588834764831843,0.25,0.11263094628632593
2014-08-25,12.120955864630135,0.2956330698690277,41,9,21,13,11,folha,0.2956330698690277,0.21951219512195122,0.12069169537861435
2014-09-01,4.449489742783178,0.15891034795654208,28,3,13,3,6,folha,0.15891034795654208,0.10714285714285714,0.06487487789027593
2014-09-08,6.146264369941973,0.14293638069632494,43,5,28,5,8,folha,0.14293638069632494,0.11627906976744186,0.058353533064366574
2014-09-15,0.0,0.0,45,0,24,5,4,folha,0.0,0.0,0.0
2014-09-22,18.803118619434354,0.47007796548585884,40,10,51,4,12,folha,0.47007796548585884,0.25,0.19190852579433268
2014-09-29,7.242640687119286,0.19059580755577069,38,6,28,0,10,folha,0.19059580755577069,0.15789473684210525,0.07781041260422282
2014-10-06,3.0,0.07142857142857142,42,3,26,0,7,folha,0.07142857142857142,0.07142857142857142,0.029160592175990218
2014-10-13,3.414213562373095,0.11773150215079638,29,3,23,3,4,folha,0.11773150215079638,0.10344827586206896,0.04806368448680524
2014-10-20,0.0,0.0,53,0,16,7,5,folha,0.0,0.0,0.0
2014-10-27,10.727406610312546,0.17302268726310557,62,6,42,13,9,folha,0.17302268726310557,0.0967741935483871,0.07063621628662646
2014-11-03,1.4142135623730951,0.020797258270192576,68,1,25,8,11,folha,0.020797258270192576,0.014705882352941176,0.008490445135141557
2014-11-10,9.414213562373096,0.1364378777155521,69,6,41,16,10,folha,0.1364378777155521,0.08695652173913043,0.05570053033189174
2014-11-17,15.999271042140984,0.16494093857877304,97,10,86,22,16,folha,0.16494093857877304,0.10309278350515463,0.06733685620228913
2014-11-24,43.34168783478959,0.2564596913301159,169,26,193,32,32,folha,0.2564596913301159,0.15384615384615385,0.10469923055840982
2014-12-01,30.398872732159504,0.212579529595521,143,20,167,18,22,folha,0.212579529595521,0.13986013986013987,0.08678522954498363
2014-12-08,24.337772595392273,0.18578452362894865,131,15,166,11,28,folha,0.18578452362894865,0.11450381679389313,0.07584621416616145
2014-12-15,54.04983837549123,0.2874991402951661,188,32,213,36,39,"folha, valor",0.2874991402951661,0.1702127659574468,0.11737103253533189
2014-12-22,25.34774027049052,0.19958850606685447,127,14,162,15,34,"folha, valor",0.19958850606685447,0.11023622047244094,0.0814816663980297
2014-12-29,28.933635853692206,0.27555843670183056,105,18,137,13,18,"valor, folha",0.27555843670183056,0.17142857142857143,0.11249626070641694
2015-06-15,4.5604779323150675,0.26826340778323926,17,3,18,13,4,g1,0.26826340778323926,0.17647058823529413,0.1095180776215176
2015-07-13,1.4142135623730951,0.47140452079103173,3,1,1,2,0,folha,0.47140452079103173,0.3333333333333333,0.1924500897298753
2015-07-20,0.0,0.0,18,0,14,0,0,folha,0.0,0.0,0.0
2015-07-27,10.610365985079726,0.44209858271165525,24,6,31,2,10,folha,0.44209858271165525,0.25,0.18048599060853002
2015-08-03,2.0,0.1,20,2,20,2,2,folha,0.1,0.1,0.040824829046386304
2015-08-10,0.0,0.0,7,0,6,0,1,folha,0.0,0.0,0.0
2015-08-17,5.1815405503520555,0.3701100393108611,14,3,15,2,2,folha,0.3701100393108611,0.21428571428571427,0.1510967908321722
2015-08-24,9.974691494688162,0.49873457473440813,20,6,18,9,5,folha,0.49873457473440813,0.3,0.20360753753054386
2015-08-31,0.0,0.0,17,0,16,0,0,folha,0.0,0.0,0.0
2015-09-07,3.863703305156273,0.2759788075111623,14,2,13,0,5,folha,0.2759788075111623,0.14285714285714285,0.11266787637068755
2015-09-14,6.700169592637544,0.39412762309632615,17,4,13,5,5,folha,0.39412762309632615,0.23529411764705882,0.1609019283536609
2015-09-21,2.8284271247461903,0.15713484026367724,18,2,8,5,3,folha,0.15713484026367724,0.1111111111111111,0.06415002990995843
2015-09-28,13.87831517751085,0.23522568097476015,59,9,31,25,10,folha,0.23522568097476015,0.15254237288135594,0.09603048213114387
2015-10-05,13.692130429902463,0.18015961091976926,76,9,33,19,17,folha,0.18015961091976926,0.11842105263157894,0.07354985316863051
2015-10-12,1.4142135623730951,0.025712973861329,55,1,23,7,9,folha,0.025712973861329,0.01818181818181818,0.01049727762162956
2015-10-19,6.4787086646190755,0.14397130365820168,45,4,40,4,8,folha,0.14397130365820168,0.08888888888888889,0.05877603859431455
2015-10-26,10.045243855508328,0.2183748664240941,46,6,31,10,10,folha,0.2183748664240941,0.13043478260869565,0.08915116589791086
2015-11-02,5.872983346207417,0.1545521933212478,38,2,26,7,6,folha,0.1545521933212478,0.05263157894736842,0.0630956687108399
2015-11-09,12.624973034561048,0.16611806624422432,76,9,74,14,12,folha,0.16611806624422432,0.11842105263157894,0.06781741655936734
2015-11-16,17.8130862945326,0.2544726613504657,70,10,93,9,8,folha,0.2544726613504657,0.14285714285714285,0.10388802896611718
2015-11-23,17.520557554648654,0.20138571901895005,87,10,105,15,12,folha,0.20138571901895005,0.11494252873563218,0.08221537551332223
2015-11-30,42.892355100973916,0.32249891053363844,133,24,114,44,35,folha,0.32249891053363844,0.18045112781954886,0.1316596289018162
2015-12-07,26.348984679394842,0.16890374794483873,156,17,112,43,28,folha,0.16890374794483873,0.10897435897435898,0.06895466635141963
2015-12-14,39.60623723886871,0.20310890891727543,195,24,137,31,48,folha,0.20310890891727543,0.12307692307692308,0.08291886484345816
2015-12-21,22.629940239383036,0.18858283532819195,120,12,64,27,24,"folha, valor",0.18858283532819195,0.1,0.07698862013356256
2015-12-28,57.62011533049101,0.349212820184794,165,36,151,28,43,"valor, folha",0.349212820184794,0.21818181818181817,0.14256553684850656
2016-04-25,0.0,0.0,10,0,7,0,0,folha,0.0,0.0,0.0
2016-05-02,0.0,0.0,9,0,7,0,1,folha,0.0,0.0,0.0
2016-05-09,1.0,0.06666666666666667,15,1,6,2,2,folha,0.06666666666666667,0.06666666666666667,0.02721655269759087
2016-05-16,2.414213562373095,0.1724438258837925,14,2,10,0,5,folha,0.1724438258837925,0.14285714285714285,0.07039989711810635
2016-05-23,0.0,0.0,8,0,7,0,1,folha,0.0,0.0,0.0
2016-05-30,1.0,0.125,8,1,6,1,2,folha,0.125,0.125,0.051031036307982884
2016-06-06,0.0,0.0,8,0,6,1,0,folha,0.0,0.0,0.0
2016-06-13,17.974691494688162,0.5991563831562721,30,12,45,7,9,"folha, g1",0.5991563831562721,0.4,0.24460456914405937
2016-06-20,0.0,0.0,8,0,6,0,1,folha,0.0,0.0,0.0
2016-06-27,2.732050807568877,0.24836825523353429,11,2,12,0,2,folha,0.24836825523353429,0.18181818181818182,0.10139591560458278
2016-07-04,0.0,0.0,7,0,5,0,0,folha,0.0,0.0,0.0
2016-07-11,1.0,0.09090909090909091,11,1,7,0,2,folha,0.09090909090909091,0.09090909090909091,0.037113480951260276
2016-07-18,0.0,0.0,6,0,5,0,0,folha,0.0,0.0,0.0
2016-07-25,0.0,0.0,8,0,7,0,0,folha,0.0,0.0,0.0
2016-08-01,0.0,0.0,7,0,5,0,0,folha,0.0,0.0,0.0
2016-08-08,0.0,0.0,6,0,5,0,0,folha,0.0,0.0,0.0
2016-08-15,0.0,0.0,5,0,5,0,0,folha,0.0,0.0,0.0
2016-08-22,0.0,0.0,12,0,7,4,4,folha,0.0,0.0,0.0
2016-08-29,4.449489742783178,0.09672803788659082,46,3,21,10,9,folha,0.09672803788659082,0.06521739130434782,0.03948905610712448
2016-09-05,8.974691494688162,0.30947212050648837,29,5,17,10,6,folha,0.30947212050648837,0.1724137931034483,0.1263414641430005
2016-09-12,4.82842712474619,0.142012562492535,34,3,17,7,9,folha,0.142012562492535,0.08823529411764706,0.05797638586196993
2016-09-19,4.82842712474619,0.15575571370149,31,4,17,4,5,folha,0.15575571370149,0.12903225806451613,0.06358700384861218
2016-09-26,13.65685424949238,0.2787113112141302,49,9,25,14,12,folha,0.2787113112141302,0.1836734693877551,0.11378341633611035
2016-10-03,9.071067811865476,0.23871231083856514,38,6,21,10,8,folha,0.23871231083856514,0.15789473684210525,0.09745389281252251
2016-10-10,16.803118619434354,0.26671616856245006,63,12,31,20,17,folha,0.26671616856245006,0.19047619047619047,0.10888641985469177
2016-10-17,13.974691494688162,0.3583254229407221,39,8,33,6,11,folha,0.3583254229407221,0.20512820512820512,0.1462857413452905
2016-10-24,10.777294663077205,0.17962157771795342,60,4,51,16,4,folha,0.17962157771795342,0.06666666666666667,0.0733302020337764
2016-10-31,17.283233524798515,0.30862917008568774,56,10,65,11,14,folha,0.30862917008568774,0.17857142857142858,0.12599733107476285
2016-11-07,24.30249641498219,0.2859117225292022,85,15,95,14,19,folha,0.2859117225292022,0.17647058823529413,0.11672297194612516
2016-11-14,25.44876078492416,0.39151939669114094,65,14,70,13,16,folha,0.39151939669114094,0.2153846153846154,0.15983712438260134
2016-11-21,18.48867633971732,0.14558012865919148,127,10,95,17,20,folha,0.14558012865919148,0.07874015748031496,0.05943283865062416
2016-11-28,25.10634399227556,0.2057897048547177,122,15,115,25,29,folha,0.2057897048547177,0.12295081967213115,0.08401329520200145
2016-12-05,25.95935066447457,0.21814580390314764,119,16,98,23,22,folha,0.21814580390314764,0.13445378151260504,0.08905765151532513
2016-12-12,34.11505561502346,0.2527041156668404,135,18,109,41,25,folha,0.2527041156668404,0.13333333333333333,0.10316602321416991
2016-12-19,17.01993535019649,0.14302466680837386,119,10,90,14,23,folha,0.14302466680837386,0.08403361344537816,0.058389575718682245
2016-12-26,34.19202367649561,0.222026127769452,154,22,131,20,43,"folha, valor",0.222026127769452,0.14285714285714285,0.09064178710019001
2017-05-22,2.449489742783178,2.449489742783178,1,1,1,2,2,folha,2.449489742783178,1.0,1.0
2017-05-29,1.4142135623730951,0.15713484026367724,9,1,9,1,1,folha,0.15713484026367724,0.1111111111111111,0.06415002990995843
2017-06-05,7.292528739883945,0.2917011495953578,25,5,18,6,7,folha,0.2917011495953578,0.2,0.1190864956486484
2017-06-12,17.26064752495261,0.3595968234365127,48,11,32,22,16,"folha, g1",0.3595968234365127,0.22916666666666666,0.14680478842419192
2017-06-19,0.0,0.0,15,0,7,0,1,folha,0.0,0.0,0.0
2017-06-26,5.863703305156273,0.3086159634292775,19,3,20,5,5,folha,0.3086159634292775,0.15789473684210525,0.12599193947986062
2017-07-03,2.8284271247461903,0.1663780661615406,17,2,12,4,3,folha,0.1663780661615406,0.11764705882352941,0.06792356108113246
2017-07-10,4.0,0.23529411764705882,17,2,14,2,1,folha,0.23529411764705882,0.11764705882352941,0.09605842128561483
2017-07-17,2.8284271247461903,0.1767766952966369,16,2,14,3,3,folha,0.1767766952966369,0.125,0.07216878364870323
2017-07-24,5.82842712474619,0.30675932235506265,19,3,13,3,3,folha,0.30675932235506265,0.15789473684210525,0.12523396893530742
2017-07-31,8.242640687119286,0.22277407262484555,37,6,20,8,4,folha,0.22277407262484555,0.16216216216216217,0.09094713430876566
2017-08-07,2.8284271247461903,0.0831890330807703,34,2,17,5,7,folha,0.0831890330807703,0.058823529411764705,0.03396178054056623
2017-08-14,2.0,0.05714285714285714,35,1,13,10,2,folha,0.05714285714285714,0.02857142857142857,0.023328473740792173
2017-08-21,4.878315177510849,0.13938043364316713,35,3,18,5,7,folha,0.13938043364316713,0.08571428571428572,0.056901823758934884
2017-08-28,6.0,0.15789473684210525,38,4,24,11,5,folha,0.15789473684210525,0.10526315789473684,0.06446025638903101
2017-09-04,7.59575411272515,0.21702154607786145,35,4,22,6,9,folha,0.21702154607786145,0.11428571428571428,0.08859867518011141
2017-09-11,9.242640687119286,0.22006287350284012,42,7,24,9,12,folha,0.22006287350284012,0.16666666666666666,0.08984029190209983
2017-09-18,3.449489742783178,0.08413389616544337,41,2,20,6,9,folha,0.08413389616544337,0.04878048780487805,0.034347519279606414
2017-09-25,5.863703305156273,0.15430798171463875,38,3,24,4,7,folha,0.15430798171463875,0.07894736842105263,0.06299596973993031
2017-10-02,5.449489742783178,0.2477040792174172,22,3,13,6,2,folha,0.2477040792174172,0.13636363636363635,0.10112476688143587
2017-10-09,3.863703305156273,0.12879011017187575,30,2,15,4,4,folha,0.12879011017187575,0.06666666666666667,0.05257834230632086
2017-10-16,6.242640687119286,0.1224047193552801,51,5,25,7,7,folha,0.1224047193552801,0.09803921568627451,0.049971517421502035
2017-10-23,2.0,0.0392156862745098,51,1,14,12,2,folha,0.0392156862745098,0.0196078431372549,0.016009736880935807
2017-10-30,6.464101615137754,0.10773502691896257,60,4,20,13,8,folha,0.10773502691896257,0.06666666666666667,0.043982640562744736
2017-11-06,10.106343992275558,0.11229271102528399,90,6,80,8,8,folha,0.11229271102528399,0.06666666666666667,0.04584330730762477
2017-11-13,18.984659169786408,0.19775686635194176,96,11,76,15,17,folha,0.19775686635194176,0.11458333333333333,0.08073390261567086
2017-11-20,9.838394799844435,0.12297993499805544,80,5,75,11,10,folha,0.12297993499805544,0.0625,0.050206348224313135
2017-11-27,26.074462777344227,0.22477985152882954,116,17,93,20,23,folha,0.22477985152882954,0.14655172413793102,0.09176599011736561
2017-12-04,13.120955864630135,0.13811532489084352,95,7,74,12,11,folha,0.13811532489084352,0.07368421052631578,0.0563853452735479
2017-12-11,12.1915082254503,0.13546120250500335,90,7,87,9,8,folha,0.13546120250500335,0.07777777777777778,0.05530180434684678
2017-12-18,16.803118619434354,0.15002784481637815,112,11,87,17,16,"folha, valor",0.15002784481637815,0.09821428571428571,0.06124861116826412
2017-12-25,13.424181237471341,0.11376424777518086,118,8,102,14,10,"folha, valor",0.11376424777518086,0.06779661016949153,0.046444059670124924
2018-06-11,7.414213562373095,0.5295866830266497,14,4,20,4,3,g1,0.5295866830266497,0.2857142857142857,0.21620285799805744
2018-07-02,3.732050807568877,0.3110042339640731,12,2,2,4,2,folha,0.3110042339640731,0.16666666666666666,0.12696694684285614
2018-07-09,0.0,0.0,3,0,0,1,0,folha,0.0,0.0,0.0
2018-07-16,0.0,0.0,7,0,3,1,1,folha,0.0,0.0,0.0
2018-07-23,3.414213562373095,0.18967853124294973,18,2,20,1,2,"folha, g1",0.18967853124294973,0.1111111111111111,0.07743593611763067
2018-07-30,1.0,0.07692307692307693,13,1,10,0,1,folha,0.07692307692307693,0.07692307692307693,0.03140371465106639
2018-08-06,1.0,0.03571428571428571,28,1,17,2,4,folha,0.03571428571428571,0.03571428571428571,0.014580296087995109
2018-08-13,7.82842712474619,0.18639112201776642,42,4,36,5,1,"folha, g1",0.18639112201776642,0.09523809523809523,0.07609385692139445
2018-08-20,5.732050807568877,0.0895632938682637,64,4,66,4,8,folha,0.0895632938682637,0.0625,0.03656406161003124
2018-08-27,15.292528739883945,0.2153877287307598,71,10,68,12,14,"folha, g1",0.2153877287307598,0.14084507042253522,0.08793167204122697
2018-09-03,14.327804920294028,0.21384783463125415,67,8,57,10,14,"folha, g1",0.21384783463125415,0.11940298507462686,0.08730301290760839
2018-09-10,22.785844453984343,0.24767222232591676,92,15,72,29,16,"folha, g1",0.24767222232591676,0.16304347826086957,0.10111176135994134
2018-09-17,10.009967675098245,0.15640574492341008,64,5,62,7,9,folha,0.15640574492341008,0.078125,0.0638523779837092
2018-09-24,9.485281374238571,0.21078403053863493,45,7,21,10,9,folha,0.21078403053863493,0.15555555555555556,0.08605222012448041
2018-10-01,17.631545744180542,0.3148490311460811,56,12,40,5,10,folha,0.3148490311460811,0.21428571428571427,0.12853657871959118
2018-10-08,9.120955864630135,0.2605987389894324,35,5,17,10,9,"folha, g1",0.2605987389894324,0.14285714285714285,0.10638898968947424
2018-10-15,11.65685424949238,0.2988936987049328,39,9,26,11,10,"folha, g1",0.2988936987049328,0.23076923076923078,0.12202284152670978
2018-10-22,12.099771282656063,0.15124714103320078,80,6,22,16,12,"folha, g1",0.15124714103320078,0.075,0.06174638676435101
2018-10-29,6.656854249492381,0.0924563090207275,72,4,33,12,4,"folha, g1",0.0924563090207275,0.05555555555555555,0.037745130100310643
2018-11-05,7.692130429902463,0.18761293731469422,41,5,19,3,9,folha,0.18761293731469422,0.12195121951219512,0.07659266092762781
2018-11-12,16.327804920294028,0.2633516922628069,62,10,36,13,18,"folha, g1",0.2633516922628069,0.16129032258064516,0.10751287815705628
2018-11-19,6.1815405503520555,0.13152213936919266,47,4,20,12,13,"g1, folha",0.13152213936919266,0.0851063829787234,0.05369368855562284
2018-11-26,9.009967675098245,0.1477043881163647,61,5,24,8,12,"folha, g1",0.1477043881163647,0.08196721311475409,0.060300063942516816
2018-12-03,16.08103548696372,0.20616712162774,78,10,34,16,12,"folha, g1",0.20616712162774,0.1282051282051282,0.08416737495438019
2018-12-10,5.277916867529369,0.09099856668154084,58,3,29,9,10,"folha, g1",0.09099856668154084,0.05172413793103448,0.0371500092824009
2018-12-17,20.406911894894584,0.3188579983577279,64,12,31,9,19,"folha, valor",0.3188579983577279,0.1875,0.13017323273027165
2018-12-24,25.727922061357855,0.25727922061357855,100,19,75,15,15,"folha, valor, g1",0.25727922061357855,0.19,0.10503380198736852
2018-12-31,3.0,0.2,15,2,5,1,4,"folha, valor",0.2,0.13333333333333333,0.08164965809277261
2019-01-14,2.0,2.0,1,1,1,2,0,g1,2.0,1.0,0.8164965809277261
2019-01-21,0.0,0.0,1,0,0,0,1,g1,0.0,0.0,0.0
2019-01-28,2.0,2.0,1,1,1,2,0,g1,2.0,1.0,0.8164965809277261
2019-03-11,1.4142135623730951,0.3535533905932738,4,1,4,0,1,folha,0.3535533905932738,0.25,0.14433756729740646
2019-03-18,5.242640687119286,0.7489486695884694,7,4,9,1,3,folha,0.7489486695884694,0.5714285714285714,0.30575701400467725
2019-03-25,15.53000977870159,1.553000977870159,10,7,17,6,8,"folha, g1",1.553000977870159,0.7,0.6340099943042
2019-04-01,4.242640687119286,0.7071067811865476,6,3,11,0,3,folha,0.7071067811865476,0.5,0.2886751345948129
2019-04-08,9.692130429902463,0.5701253194060272,17,6,17,2,7,folha,0.5701253194060272,0.35294117647058826,0.23275268699767448
2019-04-15,3.0,0.25,12,2,16,1,2,folha,0.25,0.16666666666666666,0.10206207261596577
2019-04-22,6.82842712474619,0.4016721838085994,17,4,20,3,3,folha,0.4016721838085994,0.23529411764705882,0.1639819823667473
2019-04-29,1.7320508075688772,0.13323467750529824,13,1,14,0,1,folha,0.13323467750529824,0.07692307692307693,0.05439282932204212
2019-05-06,7.692130429902463,0.24813323967427298,31,5,22,12,6,folha,0.24813323967427298,0.16129032258064516,0.10129997090428194
2019-05-13,15.520557554648654,0.408435725122333,38,11,30,10,10,folha,0.408435725122333,0.2894736842105263,0.16674318654556072
2019-05-20,8.449489742783179,0.26404655446197434,32,6,32,5,6,"folha, g1",0.26404655446197434,0.1875,0.10779655446197434
2019-05-27,13.261888403268674,0.6630944201634337,20,8,21,3,9,folha,0.6630944201634337,0.4,0.27070716344784834
2019-06-03,8.292528739883945,0.5528352493255964,15,5,11,4,9,folha,0.5528352493255964,0.3333333333333333,0.22569404544533822
2019-06-10,9.838394799844435,0.49191973999222177,20,6,21,6,2,folha,0.49191973999222177,0.3,0.20082539289725254
2019-06-17,9.82842712474619,0.4914213562373095,20,6,17,9,8,"folha, g1",0.4914213562373095,0.3,0.20062192858131464
2019-06-24,13.838394799844435,0.5535357919937774,25,6,32,5,6,folha,0.5535357919937774,0.24,0.22598004079202014
2019-07-01,9.82842712474619,0.5460237291525661,18,6,19,4,4,folha,0.5460237291525661,0.3333333333333333,0.2229132539792385
2019-07-08,7.692130429902463,0.3662919252334506,21,4,16,5,3,folha,0.3662919252334506,0.19047619047619047,0.14953805228727335
2019-07-15,5.0,0.3125,16,3,17,2,4,"folha, g1",0.3125,0.1875,0.1275775907699572
2019-07-22,5.656854249492381,0.3771236166328254,15,4,14,2,2,folha,0.3771236166328254,0.26666666666666666,0.15396007178390023
2019-07-29,2.414213562373095,0.12706387170384711,19,2,17,2,2,folha,0.12706387170384711,0.10526315789473684,0.051873608402815206
2019-08-05,11.388905057061258,0.42181129840967624,27,7,20,5,10,"folha, g1",0.42181129840967624,0.25925925925925924,0.17220374147409273
2019-08-12,38.44880100038712,0.6516745932269004,59,21,53,26,20,"folha, g1",0.6516745932269004,0.3559322033898305,0.2660450386236154
2019-08-19,13.388905057061258,0.2677781011412252,50,9,32,13,8,folha,0.2677781011412252,0.18,0.1093199520145646
2019-08-26,16.87367098025452,0.2678360473056273,63,10,51,14,13,"folha, g1",0.2678360473056273,0.15873015873015872,0.10934360843712071
2019-09-02,5.0,0.1724137931034483,29,3,19,7,6,folha,0.1724137931034483,0.10344827586206896,0.07038763628687295
2019-09-09,9.242640687119286,0.22006287350284012,42,5,29,7,8,"folha, g1",0.22006287350284012,0.11904761904761904,0.08984029190209983
2019-09-16,10.210759472187952,0.28363220756077645,36,7,22,8,11,"folha, g1",0.28363220756077645,0.19444444444444445,0.11579236385717856
2019-09-23,14.838394799844435,0.37095986999611086,40,7,29,9,18,"folha, g1",0.37095986999611086,0.175,0.15144373275660913
2019-09-30,11.06449510224598,0.32542632653664644,34,7,28,4,9,folha,0.32542632653664644,0.20588235294117646,0.1328547414805208
2019-10-07,3.863703305156273,0.18398587167410824,21,2,13,6,2,folha,0.18398587167410824,0.09523809523809523,0.07511191758045838
2019-10-14,7.16227766016838,0.2170387169747994,33,3,25,10,5,folha,0.2170387169747994,0.09090909090909091,0.08860568516943207
2019-10-21,10.881710142989599,0.21336686554881568,51,6,23,15,12,folha,0.21336686554881568,0.11764705882352941,0.08710665810193692
2019-10-28,9.974691494688162,0.19182099028246466,52,7,21,10,11,"folha, g1",0.19182099028246466,0.1346153846153846,0.07831059135790149
2019-11-04,7.146264369941973,0.11910440616569955,60,5,19,13,10,folha,0.11910440616569955,0.08333333333333333,0.04862417020386043
2019-11-11,7.974691494688162,0.14499439081251203,55,6,25,11,11,folha,0.14499439081251203,0.10909090909090909,0.05919371217605729
2019-11-18,10.59575411272515,0.22074487734844062,48,6,27,9,9,folha,0.22074487734844062,0.125,0.090118718806156
2019-11-25,8.560477932315067,0.1646245756214436,52,6,25,9,6,"folha, g1",0.1646245756214436,0.11538461538461539,0.0672077015657933
2019-12-02,12.65685424949238,0.23438618980541445,54,10,30,7,20,folha,0.23438618980541445,0.18518518518518517,0.09568776129639897
2019-12-09,19.36359655174942,0.31231607341531326,62,11,43,16,17,folha,0.31231607341531326,0.1774193548387097,0.127502503056188
2019-12-16,15.65685424949238,0.2846700772634978,55,11,32,12,14,"folha, valor",0.2846700772634978,0.2,0.11621607238903879
2019-12-23,18.888282852609095,0.20309981561945262,93,11,63,14,19,"valor, folha, g1",0.20309981561945262,0.11827956989247312,0.08291515252016732
2019-12-30,5.277916867529369,0.18849703098319173,28,3,12,3,5,"folha, valor, g1",0.18849703098319173,0.10714285714285714,0.07695359065640185
2020-01-20,0.0,0.0,1,0,0,0,1,folha,0.0,0.0,0.0
2020-03-16,1.4142135623730951,1.4142135623730951,1,1,1,1,0,g1,1.4142135623730951,1.0,0.5773502691896258
2020-03-23,0.0,0.0,1,0,0,1,0,g1,0.0,0.0,0.0
2020-04-13,2.0,2.0,1,1,1,2,0,g1,2.0,1.0,0.8164965809277261
2020-04-20,0.0,0.0,1,0,0,2,0,g1,0.0,0.0,0.0
2020-05-18,5.23606797749979,0.290892665416655,18,3,9,11,5,"folha, g1",0.290892665416655,0.16666666666666666,0.1187564333648259
2020-05-25,4.414213562373095,0.23232702959858395,19,3,9,7,4,"folha, g1",0.23232702959858395,0.15789473684210525,0.0948471126621692
2020-06-01,3.414213562373095,0.2008360919042997,17,2,10,5,4,folha,0.2008360919042997,0.11764705882352941,0.08199099118337365
2020-06-08,5.146264369941973,0.5146264369941973,10,3,12,3,2,"folha, g1",0.5146264369941973,0.3,0.21009536313038998
2020-06-15,2.0,0.2,10,1,3,3,5,folha,0.2,0.1,0.08164965809277261
2020-06-22,0.0,0.0,9,0,1,3,4,"folha, g1",0.0,0.0,0.0
2020-06-29,2.414213562373095,0.142012562492535,17,2,8,6,4,"g1, folha",0.142012562492535,0.11764705882352941,0.05797638586196993
2020-07-06,2.414213562373095,0.2194739602157359,11,2,6,2,2,folha,0.2194739602157359,0.18181818181818182,0.08959986905940807
2020-07-13,3.414213562373095,0.42677669529663687,8,2,2,4,2,folha,0.42677669529663687,0.25,0.17423085626466897
2020-07-20,4.414213562373095,0.4414213562373095,10,2,8,4,3,folha,0.4414213562373095,0.2,0.1802095140581215
2020-07-27,5.650281539872885,0.7062851924841106,8,3,6,4,5,folha,0.7062851924841106,0.375,0.2883397224115786
2020-08-03,2.414213562373095,0.24142135623730948,10,2,3,4,4,folha,0.24142135623730948,0.2,0.09855985596534887
2020-08-10,3.0,0.25,12,2,7,1,4,folha,0.25,0.16666666666666666,0.10206207261596577
2020-08-17,14.348984679394842,0.6238688991041236,23,5,18,13,5,folha,0.6238688991041236,0.21739130434782608,0.2546934115328307
2020-08-24,10.485281374238571,0.5242640687119285,20,6,18,5,3,folha,0.5242640687119285,0.3,0.21402990980327405
2020-08-31,26.8130862945326,0.5059072885760868,53,18,54,17,19,"folha, g1",0.5059072885760868,0.33962264150943394,0.20653578569439568
2020-09-07,21.13092353972838,0.50311722713639,42,14,42,7,17,"folha, g1",0.50311722713639,0.3333333333333333,0.2053967478813503
2020-09-14,24.212687984551117,0.47475858793237485,51,16,40,14,11,"folha, g1",0.47475858793237485,0.3137254901960784,0.19381938190642964
2020-09-21,12.106343992275558,0.302658599806889,40,9,29,4,11,folha,0.302658599806889,0.225,0.1235598559653489
2020-09-28,22.727922061357855,0.3551237822087165,64,16,46,10,33,folha,0.3551237822087165,0.25,0.14497867698976974
2020-10-05,17.970047297431833,0.3098284016798592,58,12,50,9,17,folha,0.3098284016798592,0.20689655172413793,0.12648691532295359
2020-10-12,17.984659169786408,0.3670338606078859,49,11,37,10,17,folha,0.3670338606078859,0.22448979591836735,0.14984094613552124
2020-10-19,8.31319304793945,0.18072158799868368,46,5,54,2,8,folha,0.18072158799868368,0.10869565217391304,0.0737792793503772
2020-10-26,34.41347625105256,0.5294380961700393,65,21,57,10,32,folha,0.5294380961700393,0.3230769230769231,0.21614219766786089
2020-11-02,16.838394799844437,0.27603925901384324,61,13,49,7,18,folha,0.27603925901384324,0.21311475409836064,0.11269255559331301
2020-11-09,24.95935066447457,0.3670492744775672,68,15,66,11,24,folha,0.3670492744775672,0.22058823529411764,0.14984723882146805
2020-11-16,15.681433796945203,0.21481416160198907,73,11,51,7,13,folha,0.21481416160198907,0.1506849315068493,0.08769751424144005
2020-11-23,15.65685424949238,0.16835327149991805,93,10,61,17,17,folha,0.16835327149991805,0.10752688172043011,0.06872993528384014
2020-11-30,33.50521672443506,0.3722801858270562,90,22,74,12,20,"folha, g1",0.3722801858270562,0.24444444444444444,0.15198274943746495
2020-12-07,24.970562748477143,0.25222790655027416,99,19,67,13,25,"valor, folha",0.25222790655027416,0.1919191919191919,0.10297161165642843
2020-12-14,22.8130862945326,0.24796832928839782,92,16,63,13,22,"folha, valor",0.24796832928839782,0.17391304347826086,0.10123264652116867
2020-12-21,13.074467600217481,0.19514130746593256,67,7,42,9,18,"folha, valor",0.19514130746593256,0.1044776119402985,0.07966610517185004
2020-12-28,21.87418643129983,0.22550707661133845,97,15,69,16,21,"folha, valor",0.22550707661133845,0.15463917525773196,0.09206287851408232
2021-01-11,1.0,1.0,1,1,1,0,1,g1,1.0,1.0,0.4082482904638631
2021-02-08,5.449489742783178,0.7784985346833111,7,3,8,2,1,folha,0.7784985346833111,0.42857142857142855,0.31782069591308415
2021-02-15,2.0,0.4,5,1,3,2,2,folha,0.4,0.2,0.16329931618554522
2021-02-22,3.414213562373095,0.682842712474619,5,2,4,2,5,folha,0.682842712474619,0.4,0.2787693700234704
2021-03-01,6.863703305156273,0.5719752754296894,12,4,6,7,5,folha,0.5719752754296894,0.3333333333333333,0.2335079283817679
2021-03-08,4.0,0.5,8,2,4,4,3,folha,0.5,0.25,0.20412414523193154
2021-03-15,0.0,0.0,9,0,3,0,0,folha,0.0,0.0,0.0
2021-03-22,0.0,0.0,3,0,2,0,1,folha,0.0,0.0,0.0
2021-03-29,4.1815405503520555,1.0453851375880139,4,2,6,2,1,folha,1.0453851375880139,0.5,0.4267766952966369
2021-04-05,1.4142135623730951,0.20203050891044216,7,1,2,1,3,folha,0.20203050891044216,0.14285714285714285,0.08247860988423227
2021-04-12,0.0,0.0,10,0,4,3,2,folha,0.0,0.0,0.0
2021-04-19,1.7320508075688772,0.21650635094610965,8,1,3,1,1,folha,0.21650635094610965,0.125,0.08838834764831845
2021-04-26,1.0,0.14285714285714285,7,1,5,1,1,folha,0.14285714285714285,0.14285714285714285,0.058321184351980436
2021-05-03,2.414213562373095,0.48284271247461896,5,2,3,0,3,folha,0.48284271247461896,0.4,0.19711971193069774
2021-05-10,2.0,0.3333333333333333,6,2,2,1,3,folha,0.3333333333333333,0.3333333333333333,0.13608276348795434
2021-05-17,6.242640687119286,0.6242640687119285,10,5,10,2,3,folha,0.6242640687119285,0.5,0.25485473884966037
2021-05-24,0.0,0.0,8,0,3,3,3,"g1, folha",0.0,0.0,0.0
2021-05-31,5.414213562373095,0.9023689270621825,6,3,6,2,4,folha,0.9023689270621825,0.5,0.36839057184084634
2021-06-07,0.0,0.0,5,0,0,0,1,folha,0.0,0.0,0.0
2021-06-14,0.0,0.0,7,0,2,0,1,folha,0.0,0.0,0.0
2021-06-21,1.0,0.25,4,1,2,0,1,folha,0.25,0.25,0.10206207261596577
2021-06-28,0.0,0.0,3,0,0,0,0,folha,0.0,0.0,0.0
2021-07-05,0.0,0.0,3,0,2,0,0,folha,0.0,0.0,0.0
2021-07-12,0.0,0.0,3,0,0,1,1,folha,0.0,0.0,0.0
2021-07-19,1.0,0.125,8,1,3,0,3,folha,0.125,0.125,0.051031036307982884
2021-07-26,10.974691494688162,0.5776153418256927,19,7,17,5,9,folha,0.5776153418256927,0.3684210526315789,0.23581047584603895
2021-08-02,15.732050807568877,0.5826685484284769,27,8,37,5,7,folha,0.5826685484284769,0.2962962962962963,0.2378734388029863
2021-08-09,14.803118619434352,0.5482636525716427,27,9,23,8,10,folha,0.5482636525716427,0.3333333333333333,0.22382769888584647
2021-08-16,14.009967675098245,0.48310233362407745,29,9,25,7,12,folha,0.48310233362407745,0.3103448275862069,0.19722570182113244
2021-08-23,9.692130429902463,0.3727742473039409,26,5,16,6,5,"folha, g1",0.3727742473039409,0.19230769230769232,0.15218444919078716
2021-08-30,7.414213562373095,0.5295866830266497,14,6,10,2,5,folha,0.5295866830266497,0.42857142857142855,0.21620285799805744
2021-09-06,11.327804920294028,0.4719918716789178,24,7,23,7,9,"folha, g1",0.4719918716789178,0.2916666666666667,0.19268987472575722
2021-09-13,13.949382989376325,0.46497943297921085,30,9,27,5,11,"folha, g1",0.46497943297921085,0.3,0.1898270586146192
2021-09-20,15.166308865713244,0.30332617731426487,50,9,32,15,18,folha,0.30332617731426487,0.18,0.12383239334148723
2021-09-27,15.106343992275558,0.5209084135267434,29,10,23,14,11,folha,0.5209084135267434,0.3448275862068966,0.21265996931053605
2021-10-04,11.838394799844435,0.25735640869227033,46,7,38,14,9,"folha, g1",0.25735640869227033,0.15217391304347827,0.10506531388853863
2021-10-11,16.02797451293157,0.5724276611761275,28,7,25,10,7,"g1, folha",0.5724276611761275,0.25,0.2336926140893815
2021-10-18,30.97859838062396,0.7375856757291419,42,19,50,8,20,folha,0.7375856757291419,0.4523809523809524,0.3011180911870554
2021-10-25,22.781209902474522,0.47460853963488586,48,12,56,9,23,folha,0.47460853963488586,0.25,0.19375812494549274
2021-11-01,31.72667765245353,0.43461202263634974,73,18,51,20,27,folha,0.43461202263634974,0.2465753424657534,0.17742961525633152
2021-11-08,49.30781989282411,0.4980587867962031,99,30,80,32,22,folha,0.4980587867962031,0.30303030303030304,0.20333164826005556
2021-11-15,29.291794959151673,0.3755358328096368,78,18,60,16,27,"folha, g1",0.3755358328096368,0.23076923076923078,0.1533118617524573
2021-11-22,17.384260859804925,0.19103583362422996,91,11,68,15,23,folha,0.19103583362422996,0.12087912087912088,0.07799005249443085
2021-11-29,42.76246928390892,0.44085019880318477,97,29,68,33,22,"folha, g1",0.44085019880318477,0.29896907216494845,0.17997634001205434
2021-12-06,19.570445607413312,0.21989264727430688,89,12,100,9,18,folha,0.21989264727430688,0.1348314606741573,0.08977079733530902
2021-12-13,27.444116587667832,0.2829290369862663,97,18,82,11,29,"folha, valor",0.2829290369862663,0.18556701030927836,0.11550529567223031
2021-12-20,15.120955864630135,0.19385840852089917,78,10,45,11,12,"folha, valor",0.19385840852089917,0.1282051282051282,0.07914236387070227
2021-12-27,31.883638655352765,0.26350114591200635,121,21,91,19,25,"folha, valor, g1",0.26350114591200635,0.17355371900826447,0.10757389235384553
2022-02-28,4.146264369941973,0.8292528739883945,5,3,4,3,2,g1,0.8292528739883945,0.6,0.33854106816800733
2022-04-18,0.0,0.0,1,0,0,2,0,g1,0.0,0.0,0.0
2022-05-16,0.0,0.0,2,0,0,5,0,g1,0.0,0.0,0.0
2022-05-30,0.0,0.0,17,0,0,1,3,folha,0.0,0.0,0.0
2022-06-06,1.4142135623730951,0.3535533905932738,4,1,2,1,1,folha,0.3535533905932738,0.25,0.14433756729740646
2022-06-13,1.7320508075688772,0.09116056881941459,19,1,4,4,6,"folha, g1",0.09116056881941459,0.05263157894736842,0.03721614637823934
2022-06-20,0.0,0.0,7,0,4,0,1,folha,0.0,0.0,0.0
2022-06-27,6.878315177510849,0.687831517751085,10,4,6,4,4,"folha, g1",0.687831517751085,0.4,0.28080604124904474
2022-07-04,2.8284271247461903,0.282842712474619,10,2,5,6,4,"folha, g1",0.282842712474619,0.2,0.11547005383792516
2022-07-11,16.156232045040216,0.6213935401938545,26,10,19,10,9,"folha, g1",0.6213935401938545,0.38461538461538464,0.2536828504894289
2022-07-18,9.277916867529369,0.28993490211029277,32,7,23,9,12,folha,0.28993490211029277,0.21875,0.1183654281323345
2022-07-25,10.89292222699217,0.40344156396267294,27,7,18,7,12,"folha, g1",0.40344156396267294,0.25925925925925924,0.1647043287898285
2022-08-01,11.136969154856542,0.4124803390687608,27,7,24,7,12,"folha, g1",0.4124803390687608,0.25925925925925924,0.16839439327477618
2022-08-08,19.484036965334244,0.4995906914188268,39,11,43,7,14,"folha, g1",0.4995906914188268,0.28205128205128205,0.20395704570339537
2022-08-15,22.281827284053428,0.5434592020500836,41,10,43,14,10,folha,0.5434592020500836,0.24390243902439024,0.22186629017380177
2022-08-22,9.485281374238571,0.27897886394819327,34,5,34,7,6,"folha, g1",0.27897886394819327,0.14705882352941177,0.11389264428240053
2022-08-29,7.146264369941973,0.22332076156068664,32,5,30,0,9,folha,0.22332076156068664,0.15625,0.0911703191322383
2022-09-05,14.727406610312546,0.5664387157812517,26,9,34,7,8,"folha, g1",0.5664387157812517,0.34615384615384615,0.231247637370242
2022-09-12,10.292528739883945,0.3118948102995135,33,7,35,4,5,folha,0.3118948102995135,0.21212121212121213,0.12733052310932724
2022-09-19,21.30249641498219,0.4630977481517867,46,11,41,20,13,"folha, g1",0.4630977481517867,0.2391304347826087,0.18905886400063152
2022-09-26,19.039186596934144,0.3885548285088601,49,10,50,9,15,folha,0.3885548285088601,0.20408163265306123,0.1586268444902216
2022-10-03,12.796545909814856,0.3121108758491428,41,9,42,4,14,folha,0.3121108758491428,0.21951219512195122,0.12741873150059155
2022-10-10,18.74008161684244,0.3535864456008007,53,9,40,12,10,folha,0.3535864456008007,0.16981132075471697,0.1443510619477206
2022-10-17,16.570445607413312,0.2209392747655108,75,10,59,13,19,"folha, g1",0.2209392747655108,0.13333333333333333,0.09019808121934551
2022-10-24,26.38284426789881,0.29980504849885015,88,17,58,10,21,"folha, g1",0.29980504849885015,0.19318181818181818,0.12239489852209112
2022-10-31,17.292528739883945,0.2789117538690959,62,11,51,7,14,"folha, g1",0.2789117538690959,0.1774193548387097,0.11386524670733614
2022-11-07,30.40884040725775,0.37083951716167984,82,18,64,14,24,folha,0.37083951716167984,0.21951219512195122,0.1513945989177002
2022-11-14,34.88363865535276,0.41528141256372336,84,22,56,20,18,"folha, g1",0.41528141256372336,0.2619047619047619,0.1695379267405583
2022-11-21,22.716709977355286,0.36639854802185945,62,14,43,13,13,"folha, g1",0.36639854802185945,0.22580645161290322,0.14958158085836576
2022-11-28,22.892918696403907,0.35770185463131104,64,12,46,19,17,folha,0.35770185463131104,0.1875,0.146031170648986
2022-12-05,16.984659169786408,0.3032974851747573,56,10,38,12,12,"folha, g1",0.3032974851747573,0.17857142857142858,0.12382067982458352
2022-12-12,18.438793109825916,0.27115872220332227,68,13,53,13,17,"folha, g1",0.27115872220332227,0.19117647058823528,0.11070008478387186
2022-12-19,12.727406610312546,0.23140739291477355,55,8,35,8,9,"folha, valor",0.23140739291477355,0.14545454545454545,0.09447167255815576
2022-12-26,40.92406613060297,0.35898303623335936,114,23,116,13,34,"folha, valor",0.35898303623335936,0.20175438596491227,0.14655421084779596
2023-01-02,11.438793109825918,1.1438793109825918,10,6,15,3,5,"folha, g1",1.1438793109825918,0.6,0.46698677320562465
2023-01-09,1.4142135623730951,0.20203050891044216,7,1,6,2,1,folha,0.20203050891044216,0.14285714285714285,0.08247860988423227
2023-01-16,2.0,0.18181818181818182,11,1,8,3,2,"folha, g1",0.18181818181818182,0.09090909090909091,0.07422696190252055
2023-01-23,3.0,0.5,6,2,2,2,1,"folha, g1",0.5,0.3333333333333333,0.20412414523193154
2023-01-30,5.99070478491457,0.4992253987428808,12,3,13,4,7,folha,0.4992253987428808,0.25,0.20380791559292144
2023-02-06,3.732050807568877,0.41467231195209747,9,2,17,1,2,folha,0.41467231195209747,0.2222222222222222,0.16928926245714151
2023-02-13,1.0,0.1111111111111111,9,1,4,2,7,folha,0.1111111111111111,0.1111111111111111,0.045360921162651446
2023-02-20,3.0,0.5,6,2,6,1,3,folha,0.5,0.3333333333333333,0.20412414523193154
2023-02-27,7.146264369941973,0.7146264369941973,10,5,12,3,5,"folha, g1",0.7146264369941973,0.5,0.2917450212231626
2023-03-06,9.631030293135233,0.9631030293135232,10,5,11,3,6,"folha, g1",0.9631030293135232,0.5,0.3931851652578136
2023-03-13,9.47213595499958,1.1840169943749475,8,3,11,3,4,folha,1.1840169943749475,0.375,0.48337291383373365
2023-03-20,3.863703305156273,0.7727406610312546,5,2,3,4,0,folha,0.7727406610312546,0.4,0.31547005383792515
2023-03-27,1.4142135623730951,0.7071067811865476,2,1,1,0,3,"folha, g1",0.7071067811865476,0.5,0.2886751345948129
2023-04-03,2.449489742783178,0.4898979485566356,5,1,6,2,2,folha,0.4898979485566356,0.2,0.2
2023-04-10,3.8284271247461903,1.9142135623730951,2,2,3,1,3,folha,1.9142135623730951,1.0,0.7814744144215574
2023-04-17,1.0,0.3333333333333333,3,1,3,0,1,folha,0.3333333333333333,0.3333333333333333,0.13608276348795434
2023-04-24,15.494733598291505,1.1067666855922504,14,7,20,5,9,"folha, g1",1.1067666855922504,0.5,0.4518356073353921
2023-05-01,0.0,0.0,5,0,6,0,0,folha,0.0,0.0,0.0
2023-05-08,4.242640687119286,1.0606601717798214,4,2,5,2,2,folha,1.0606601717798214,0.5,0.4330127018922194
2023-05-15,2.0,0.6666666666666666,3,1,3,0,2,folha,0.6666666666666666,0.3333333333333333,0.2721655269759087
2023-05-22,2.0,0.2857142857142857,7,1,7,5,0,"folha, g1",0.2857142857142857,0.14285714285714285,0.11664236870396087
2023-05-29,0.0,0.0,5,0,2,0,0,"folha, g1",0.0,0.0,0.0
2023-06-05,1.4142135623730951,0.3535533905932738,4,1,2,1,0,"folha, g1",0.3535533905932738,0.25,0.14433756729740646
2023-06-12,5.449489742783178,0.6811862178478972,8,3,10,0,5,folha,0.6811862178478972,0.375,0.2780931089239486
2023-06-19,22.58505747976789,1.2547254155426606,18,13,34,2,17,folha,1.2547254155426606,0.7222222222222222,0.5122395058968514
2023-06-26,20.965396279602732,0.8735581783167805,24,12,47,3,13,"folha, g1",0.8735581783167805,0.5,0.35662863291855207
2023-07-03,14.212172533505807,1.5791302815006452,9,6,18,6,4,folha,1.5791302815006452,0.6666666666666666,0.6446772378423572
2023-07-10,10.70674230225704,1.7844570503761732,6,6,14,2,6,"folha, g1",1.7844570503761732,1.0,0.7285015402222602
2023-07-17,5.414213562373095,0.27071067811865474,20,3,27,2,3,folha,0.27071067811865474,0.15,0.11051717155225389
2023-07-24,13.478708664619075,0.4347970536973895,31,8,38,5,11,folha,0.4347970536973895,0.25806451612903225,0.17750515387068375
2023-07-31,20.781209902474522,0.5328515359608852,39,11,58,3,15,"folha, g1",0.5328515359608852,0.28205128205128205,0.21753572862707501
2023-08-07,22.151587847783887,0.6922371202432465,32,11,40,6,15,folha,0.6922371202432465,0.34375,0.282604620934933
2023-08-14,22.53516942700323,0.5496382787073958,41,14,43,8,18,"folha, g1",0.5496382787073958,0.34146341463414637,0.22438888765579462
2023-08-21,20.75198615776537,0.45113013386446454,46,12,48,2,20,"folha, g1",0.45113013386446454,0.2608695652173913,0.18417310592690134
2023-08-28,30.816486082884605,0.5602997469615383,55,18,59,10,19,folha,0.5602997469615383,0.32727272727272727,0.22874141384438304
2023-09-04,14.176896353095724,0.4296029197907795,33,8,29,6,12,"folha, g1",0.4296029197907795,0.24242424242424243,0.1753846575828698
2023-09-11,20.8065135849131,0.5623382049976514,37,12,39,10,15,"folha, g1",0.5623382049976514,0.32432432432432434,0.22957361085280856
2023-09-18,8.327804920294028,0.2449354388321773,34,5,23,1,11,folha,0.2449354388321773,0.14705882352941177,0.09999447417725248
2023-09-25,10.777294663077205,0.26286084544090743,41,6,39,4,14,"folha, g1",0.26286084544090743,0.14634146341463414,0.1073124907811362
2023-10-02,20.049159094905644,0.46625951383501496,43,13,43,7,18,"folha, g1",0.46625951383501496,0.3023255813953488,0.19034964943565677
2023-10-09,21.273938309713085,0.3798917555305908,56,12,49,10,15,"folha, g1",0.3798917555305908,0.21428571428571427,0.15509015975667947
2023-10-16,11.692130429902463,0.21652093388708263,54,9,22,13,18,"folha, g1",0.21652093388708263,0.16666666666666666,0.08839430110904059
2023-10-23,24.702098105000708,0.4049524279508313,61,16,44,8,24,folha,0.4049524279508313,0.26229508196721313,0.16532113643011756
2023-10-30,11.120955864630135,0.20219919753872972,55,8,38,8,15,folha,0.20219919753872972,0.14545454545454545,0.08254747672835136
2023-11-06,11.388905057061258,0.27116440612050613,42,8,32,2,10,folha,0.27116440612050613,0.19047619047619047,0.1107024052333453
2023-11-13,15.763198241767938,0.2717792800304817,58,11,42,10,10,"folha, g1",0.2717792800304817,0.1896551724137931,0.11095342645594367
2023-11-20,11.292528739883945,0.1821375603207088,62,7,31,15,18,"folha, g1",0.1821375603207088,0.11290322580645161,0.0743573476301881
2023-11-27,7.292528739883945,0.15192768208091553,48,5,31,7,4,folha,0.15192768208091553,0.10416666666666667,0.06202421648367105
2023-12-04,29.160142461564277,0.48600237435940463,60,20,47,14,16,"folha, g1",0.48600237435940463,0.3333333333333333,0.19840963849360532
2023-12-11,17.13092353972838,0.27630521838271577,62,11,47,10,11,"g1, folha",0.27630521838271577,0.1774193548387097,0.11280113305098806
2023-12-18,19.93477111702175,0.28478244452888213,70,13,50,7,17,"valor, folha",0.28478244452888213,0.18571428571428572,0.11626194613303605
2023-12-25,20.495249049336817,0.19519284808892207,105,12,99,11,15,"folha, valor",0.19519284808892207,0.11428571428571428,0.07968714654307495
2024-01-01,2.0,1.0,2,1,1,3,0,"g1, folha",1.0,0.5,0.4082482904638631
2024-01-08,0.0,0.0,5,0,4,0,1,folha,0.0,0.0,0.0
2024-01-15,2.0,0.4,5,1,5,0,2,folha,0.4,0.2,0.16329931618554522
2024-01-22,2.8284271247461903,0.4040610178208843,7,2,7,1,1,"folha, g1",0.4040610178208843,0.2857142857142857,0.16495721976846453
2024-01-29,1.4142135623730951,0.7071067811865476,2,1,2,0,2,folha,0.7071067811865476,0.5,0.2886751345948129
2024-02-05,0.0,0.0,3,0,0,4,1,"folha, g1",0.0,0.0,0.0
2024-02-12,3.8284271247461903,0.6380711874576984,6,2,4,2,2,"g1, folha",0.6380711874576984,0.3333333333333333,0.2604914714738525
2024-02-19,1.4142135623730951,0.3535533905932738,4,1,2,1,0,folha,0.3535533905932738,0.25,0.14433756729740646
2024-02-26,4.414213562373095,0.6306019374818707,7,3,8,0,4,folha,0.6306019374818707,0.42857142857142855,0.2574421629401735
2024-03-04,8.631030293135233,1.4385050488558722,6,4,13,1,5,folha,1.4385050488558722,0.6666666666666666,0.5872672270190457
2024-03-11,7.732050807568877,0.7029137097789888,11,4,27,1,4,"folha, g1",0.7029137097789888,0.36363636363636365,0.2869633203608842
2024-03-18,8.65685424949238,0.6183467321065985,14,6,23,3,3,folha,0.6183467321065985,0.42857142857142855,0.2524389962964351
2024-03-25,7.0710678118654755,0.8838834764831844,8,3,18,3,3,folha,0.8838834764831844,0.375,0.36084391824351614
2024-04-01,10.095131908272988,1.121681323141443,9,4,20,4,5,"folha, g1",1.121681323141443,0.4444444444444444,0.4579244826177381
2024-04-08,8.742018482667122,0.7947289529697383,11,5,22,0,6,folha,0.7947289529697383,0.45454545454545453,0.3244467364320315
2024-04-15,5.414213562373095,0.28495860854595234,19,3,24,5,4,"folha, g1",0.28495860854595234,0.15789473684210525,0.1163338647918462
2024-04-22,16.581988881201923,1.5074535346547202,11,8,25,6,10,"folha, g1",1.5074535346547202,0.7272727272727273,0.6154153284764973
2024-04-29,6.464101615137754,0.5386751345948129,12,4,16,1,5,folha,0.5386751345948129,0.3333333333333333,0.21991320281372367
2024-05-06,3.0,0.3333333333333333,9,2,21,1,3,folha,0.3333333333333333,0.2222222222222222,0.13608276348795434
2024-05-13,8.181540550352056,0.8181540550352056,10,4,24,2,7,folha,0.8181540550352056,0.4,0.3340099943042
2024-05-20,9.11438315501064,1.13929789437633,8,5,19,0,5,folha,1.13929789437633,0.625,0.4651164177082155
2024-05-27,9.009967675098245,0.7508306395915204,12,5,17,2,6,folha,0.7508306395915204,0.4166666666666667,0.3065253250411271
2024-06-03,7.146264369941973,0.5955220308284978,12,4,20,2,4,"folha, g1",0.5955220308284978,0.3333333333333333,0.24312085101930217
2024-06-10,4.242640687119286,0.3535533905932738,12,2,23,1,1,"folha, g1",0.3535533905932738,0.16666666666666666,0.14433756729740646
2024-06-17,6.878315177510849,0.3620165882900447,19,4,26,2,4,folha,0.3620165882900447,0.21052631578947367,0.1477926532889709
2024-06-24,8.82842712474619,0.3678511301977579,24,6,27,6,5,"g1, folha",0.3678511301977579,0.25,0.15017459504843456
2024-07-01,5.82842712474619,0.19428090415820634,30,5,26,1,8,"folha, g1",0.19428090415820634,0.16666666666666666,0.07931484699236137
2024-07-08,5.5957541127251496,0.4304426240557807,13,3,18,3,2,folha,0.4304426240557807,0.23076923076923078,0.17572746541355178
2024-07-15,13.109738957754308,0.46820496277693957,28,6,38,6,2,folha,0.46820496277693957,0.21428571428571427,0.1911438756403822
2024-07-22,9.292528739883945,0.27330966882011604,34,6,33,2,14,"folha, g1",0.27330966882011604,0.17647058823529413,0.11157820506305695
2024-07-29,12.938280050948535,0.4461475879637426,29,8,42,5,9,folha,0.4461475879637426,0.27586206896551724,0.1821389900807739
2024-08-05,44.07598869876116,0.8642350725247286,51,23,58,27,25,"folha, g1",0.8642350725247286,0.45098039215686275,0.3528224909171332
2024-08-12,6.732050807568877,0.22440169358562922,30,3,30,3,4,"folha, g1",0.22440169358562922,0.1,0.09161160778352875
2024-08-19,21.151587847783887,0.6823092854123834,31,11,44,7,11,"folha, g1",0.6823092854123834,0.3548387096774194,0.27855159933722556
2024-08-26,12.777294663077205,0.5323872776282169,24,6,30,3,6,folha,0.5323872776282169,0.25,0.2173461959564296
2024-09-02,15.246035652598035,0.5082011884199346,30,7,32,7,10,"folha, g1",0.5082011884199346,0.23333333333333334,0.20747226638414185
2024-09-09,10.327804920294028,0.4303252050122512,24,6,27,2,7,folha,0.4303252050122512,0.25,0.17567952928976294
2024-09-16,16.30249641498219,0.45284712263839416,36,11,42,3,12,"folha, g1",0.45284712263839416,0.3055555555555556,0.18487406365860376
2024-09-23,10.438793109825918,0.23197318021835373,45,7,34,5,9,"folha, g1",0.23197318021835373,0.15555555555555556,0.09470265425760853
2024-09-30,9.292528739883945,0.23231321849709863,40,6,33,7,8,"folha, g1",0.23231321849709863,0.15,0.0948414743035984
2024-10-07,7.388905057061258,0.16419789015691685,45,5,36,3,9,"folha, g1",0.16419789015691685,0.1111111111111111,0.06703350795433448
2024-10-14,14.071067811865476,0.26057532984936066,54,8,44,13,12,"folha, g1",0.26057532984936066,0.14814814814814814,0.10637943294805871
2024-10-21,6.146264369941973,0.1575965223062044,39,4,28,7,5,"folha, g1",0.1575965223062044,0.10256410256410256,0.064338510814558
2024-10-28,12.292528739883945,0.19511950380768167,63,9,51,9,15,"folha, valor",0.19511950380768167,0.14285714285714285,0.07965720386564326
2024-11-04,6.146264369941973,0.08907629521655033,69,5,39,12,12,"valor, g1, folha",0.08907629521655033,0.07246376811594203,0.03636524524301105
2024-11-11,14.30056307974577,0.2804031976420739,51,7,36,14,7,"folha, valor, g1",0.2804031976420739,0.13725490196078433,0.11447412607797738
2024-11-18,8.23606797749979,0.16808301994897532,49,5,27,10,11,"folha, valor",0.16808301994897532,0.10204081632653061,0.06861960555017256
2024-11-25,11.277916867529369,0.23495660140686184,48,5,35,7,14,"g1, folha",0.23495660140686184,0.10416666666666667,0.09592063085755062
2024-12-02,9.382332347441762,0.1705878608625775,55,6,21,9,10,"folha, g1",0.1705878608625775,0.10909090909090909,0.0696422025710346
2024-12-09,59.252713040096225,0.6172157608343357,96,29,114,29,33,"folha, valor, g1",0.6172157608343357,0.3020833333333333,0.25197727920797014
2024-12-16,41.27128766006367,0.5033083860983374,82,24,94,17,27,"valor, folha",0.5033083860983374,0.2926829268292683,0.20547478820077217
2024-12-23,13.009967675098245,0.2601993535019649,50,9,39,9,15,"folha, g1, valor",0.2601993535019649,0.18,0.10622594124697954
2024-12-30,0.0,0.0,15,0,7,1,2,"folha, g1",0.0,0.0,0.0
2025-01-06,1.7320508075688772,0.34641016151377546,5,1,5,2,1,"folha, g1",0.34641016151377546,0.2,0.14142135623730953
2025-01-13,0.0,0.0,3,0,0,4,1,"g1, folha",0.0,0.0,0.0
2025-01-20,0.0,0.0,5,0,5,1,0,folha,0.0,0.0,0.0
2025-01-27,0.0,0.0,4,0,2,0,0,folha,0.0,0.0,0.0
2025-02-03,1.4142135623730951,0.282842712474619,5,1,4,3,0,"folha, g1",0.282842712474619,0.2,0.11547005383792516
2025-02-10,0.0,0.0,1,0,0,0,0,folha,0.0,0.0,0.0
2025-02-17,0.0,0.0,3,0,1,0,1,folha,0.0,0.0,0.0
2025-02-24,2.0,0.3333333333333333,6,1,11,1,0,folha,0.3333333333333333,0.16666666666666666,0.13608276348795434
2025-03-03,1.7320508075688772,0.24743582965269675,7,1,8,3,1,"g1, folha",0.24743582965269675,0.14285714285714285,0.10101525445522108
2025-03-10,11.059855727862905,0.5266597965649003,21,6,24,15,4,"folha, g1",0.5266597965649003,0.2857142857142857,0.21500796160366642
2025-03-17,6.5604779323150675,0.4686055665939334,14,4,16,4,3,"folha, g1",0.4686055665939334,0.2857142857142857,0.19130742146382324
2025-03-24,6.610365985079727,0.734485109453303,9,4,18,3,5,"folha, g1",0.734485109453303,0.4444444444444444,0.2998522903054743
2025-03-31,12.934771117021748,0.5389487965425729,24,8,34,3,13,"folha, g1",0.5389487965425729,0.3333333333333333,0.22002492483606173
2025-04-07,16.873670980254516,0.7336378687067181,23,9,27,6,16,"folha, g1",0.7336378687067181,0.391304347826087,0.29950640571906967
2025-04-14,12.115624033326702,1.1014203666660638,11,6,19,4,6,"valor, g1, folha",1.1014203666660638,0.5454545454545454,0.44965298177350177
2025-04-21,4.0,0.3333333333333333,12,2,14,4,3,"g1, folha",0.3333333333333333,0.16666666666666666,0.13608276348795434
2025-04-28,5.5604779323150675,0.46337316102625564,12,4,16,0,6,folha,0.46337316102625564,0.3333333333333333,0.1891713008358052
2025-05-05,9.388905057061258,0.7824087547551049,12,6,22,4,6,"folha, g1",0.7824087547551049,0.5,0.31941703657273146
2025-05-12,13.838394799844435,0.8140232235202609,17,7,32,3,8,"folha, g1",0.8140232235202609,0.4117647058823529,0.3323235894000296
2025-05-19,12.751298523718267,0.8500865682478845,15,7,20,3,7,folha,0.8500865682478845,0.4666666666666667,0.34704638823349093
2025-05-26,9.974691494688162,0.7672839611298586,13,7,21,0,8,folha,0.7672839611298586,0.5384615384615384,0.31324236543160594
2025-06-02,8.146264369941973,0.9051404855491081,9,5,12,1,9,folha,0.9051404855491081,0.5555555555555556,0.3695220558550543
2025-06-09,2.732050807568877,0.3902929725098396,7,2,13,0,2,folha,0.3902929725098396,0.2857142857142857,0.1593364388072015
2025-06-16,3.23606797749979,0.5393446629166316,6,2,10,0,2,folha,0.5393446629166316,0.3333333333333333,0.22018653660652335
2025-06-23,4.0,0.8,5,2,4,1,2,folha,0.8,0.4,0.32659863237109044
2025-06-30,5.863703305156273,0.5330639368323884,11,4,9,2,6,folha,0.5330639368323884,0.36363636363636365,0.21762244091975924
2025-07-07,1.0,0.16666666666666666,6,1,7,0,1,folha,0.16666666666666666,0.16666666666666666,0.06804138174397717
2025-07-14,1.0,0.14285714285714285,7,1,1,4,2,"folha, g1",0.14285714285714285,0.14285714285714285,0.058321184351980436
2025-07-21,7.388905057061258,0.8209894507845843,9,5,13,2,3,folha,0.8209894507845843,0.5555555555555556,0.33516753977167235
2025-07-28,8.742018482667122,0.301448913195418,29,5,18,3,9,folha,0.301448913195418,0.1724137931034483,0.12306600347421885
2025-08-04,14.48867633971732,0.5174527264184757,28,8,38,2,16,"folha, g1",0.5174527264184757,0.2857142857142857,0.21124919095620776
2025-08-11,11.424181237471341,0.31733836770753726,36,8,39,3,10,"folha, g1",0.31733836770753726,0.2222222222222222,0.12955284611519485
2025-08-18,13.323160723037697,0.36008542494696477,37,7,43,2,11,folha,0.36008542494696477,0.1891891891891892,0.14700425915555204
2025-08-25,14.934771117021748,0.3829428491544038,39,10,33,5,9,"folha, g1",0.3829428491544038,0.2564102564102564,0.15633576351264633
2025-09-01,9.928203230275509,0.3545786867955539,28,5,25,3,13,"folha, g1",0.3545786867955539,0.17857142857142858,0.1447561427192064
2025-09-08,18.605721787823395,0.6644900638508355,28,11,23,6,12,folha,0.6644900638508355,0.39285714285714285,0.2712769325973268
2025-09-15,22.002666007619734,0.46814182994935605,47,13,37,14,13,"folha, valor",0.46814182994935605,0.2765957446808511,0.19111810177144908
2025-09-22,19.79190653543178,0.4398201452318174,45,12,52,12,14,"folha, g1",0.4398201452318174,0.26666666666666666,0.17955582240245743
2025-09-29,14.42418123747134,0.27738810072060266,52,9,29,11,15,"folha, g1",0.27738810072060266,0.17307692307692307,0.1132432179142039
2025-10-06,9.803118619434352,0.17823852035335186,55,7,30,15,9,"folha, g1",0.17823852035335186,0.12727272727272726,0.07276557122906435
2025-10-13,30.298367668771167,0.4966945519470683,61,16,59,20,8,folha,0.4966945519470683,0.26229508196721313,0.20277470171510506
2025-10-20,8.388905057061258,0.17476885535544287,48,6,37,6,8,folha,0.17476885535544287,0.125,0.07134908642518571
2025-10-27,9.83182209022494,0.1966364418044988,50,5,41,11,8,"folha, g1",0.1966364418044988,0.1,0.08027649120958352
2025-11-03,19.53856439248198,0.35524662531785417,55,12,48,11,15,"folha, g1",0.35524662531785417,0.21818181818181817,0.14502882747907045
2025-11-10,23.013362640576997,0.37726824000945897,61,12,49,18,12,"folha, g1",0.37726824000945897,0.19672131147540983,0.15401911403017202
2025-11-17,19.838394799844437,0.4959598699961109,40,13,42,6,17,folha,0.4959598699961109,0.325,0.20247476906459205
2025-11-24,17.520557554648654,0.33693379912785876,52,11,44,12,17,"g1, valor, folha",0.33693379912785876,0.21153846153846154,0.13755264749344298
2025-12-01,13.485281374238571,0.28094336196330355,48,9,34,8,7,"folha, valor, g1",0.28094336196330355,0.1875,0.11469464723868897
2025-12-08,12.04059283767923,0.17971034086088403,67,8,51,9,15,"folha, valor, g1",0.17971034086088403,0.11940298507462686,0.07336643943513402
2025-12-15,16.25260836221753,0.2708768060369588,60,10,54,12,17,"folha, valor, g1",0.2708768060369588,0.16666666666666666,0.11058499299089984
2025-12-22,17.58505747976789,0.33179353735411116,53,10,53,8,11,"g1, folha, valor",0.33179353735411116,0.18867924528301888,0.13545414441177378
2025-12-29,41.06104363892103,0.59508758896987,69,23,71,23,27,"valor, folha, g1",0.59508758896987,0.3333333333333333,0.24294349087321143
