date,open,high,low,close,volume,return,realized_vol_5d,realized_vol_21d,realized_vol_30d,intraday_range
2008-01-02,63885.0,63906.0,62659.0,62815.0,2980200,,,,,1.985194619119637
2008-01-03,62814.0,63129.0,62556.0,62892.0,1895800,0.0012258218578364843,,,,0.9110856706735356
2008-01-04,62898.0,63436.0,60574.0,61037.0,2613800,-0.0294950073141258,,,,4.688959155921818
2008-01-07,61054.0,61505.0,60092.0,60772.0,2223400,-0.0043416288480757625,,,,2.32508392022642
2008-01-08,60771.0,62650.0,60771.0,62081.0,3314000,0.021539524781149177,,,,3.02669093603518
2008-01-09,62078.0,62674.0,61487.0,62674.0,3480400,0.009552036855076329,30.172411414046422,,,1.8939273063790407
2008-01-10,62677.0,63615.0,62594.0,63515.0,3227000,0.01341864249928193,31.761640295082355,,,1.6074942926867668
2008-01-11,63514.0,63514.0,61942.0,61942.0,2920600,-0.024765803353538507,28.837455765175367,,,2.537857996189984
2008-01-14,61950.0,62536.0,61643.0,62188.0,2829000,0.003971457169610337,28.083543439335617,,,1.4359683540232844
2008-01-15,62180.0,62180.0,59897.0,59907.0,4080800,-0.03667910207757119,35.56463022265551,,,3.810906905703841
2008-01-16,59906.0,59906.0,58077.0,58777.0,3455400,-0.01886257031732519,32.90478869372068,,,3.1117614032699867
2008-01-17,58773.0,59643.0,56734.0,57037.0,3594000,-0.029603416302295127,24.618286656610387,,,5.1001981170117645
2008-01-18,57039.0,58291.0,56241.0,57506.0,5810600,0.008222732612163997,31.71461308936002,,,3.564845407435746
2008-01-21,57503.0,57503.0,53487.0,53709.0,3566400,-0.06602789274162701,42.874813564454556,,,7.477331545923402
2008-01-22,53705.0,56541.0,53610.0,56097.0,3650200,0.04446182204099869,65.79897273696514,,,5.224878335739879
2008-01-23,56098.0,56098.0,53011.0,54235.0,3719400,-0.03319250583810185,67.45646474166412,,,5.691896376878399
2008-01-24,54242.0,57675.0,54242.0,57463.0,3801800,0.059518760947727456,83.3020895669232,,,5.974279101334772
2008-01-28,57457.0,58721.0,56360.0,58594.0,3928600,0.01968223030471772,84.18229762556652,,,4.029422807796021
2008-01-29,58597.0,59715.0,58597.0,59530.0,3441800,0.01597433184285091,56.111143266099425,,,1.8780446833529314
2008-01-30,59522.0,60289.0,58752.0,60289.0,4314400,0.01274987401310268,52.24352799154395,,,2.5493871187115396
2008-01-31,60288.0,60288.0,57886.0,59490.0,6158800,-0.013252832191610442,41.47682566873737,,,4.037653387123886
2008-02-01,59491.0,61187.0,59491.0,61080.0,3601800,0.026727181038830095,24.195768087877628,47.03540007815255,,2.7766863130320893
2008-02-06,61076.0,61076.0,58742.0,58969.0,0,-0.03456123117223309,39.61104281698647,48.443001429970714,,3.958011836727772
2008-02-07,58965.0,59581.0,58030.0,58965.0,3993400,-6.783225084361355e-05,37.506309800868635,47.44811732536803,,2.63037395064869
2008-02-08,58967.0,59520.0,58843.0,59076.0,2023200,0.0018824726532689073,35.618049265472344,47.44544362426464,,1.145981447626786
2008-02-11,59081.0,60805.0,59081.0,60643.0,2569600,0.02652515403886513,39.938317636162694,47.77311058342799,,2.8428672723974735
2008-02-12,60645.0,62828.0,60645.0,61805.0,13473600,0.019161321174743895,37.526333587047496,48.14699720664564,,3.532076692824205
2008-02-13,61802.0,63002.0,61802.0,62591.0,4423000,0.012717417684653398,17.938311409871194,48.12256707469555,,1.917208544359413
2008-02-14,62595.0,63224.0,61737.0,61819.0,2359200,-0.012334041635378878,24.18271633165138,47.51367410356449,,2.4054093401704977
2008-02-15,61803.0,61803.0,60717.0,61272.0,2353000,-0.008848412300425434,27.33238792020088,47.59747698467732,,1.7724245985115552
2008-02-18,61292.0,62883.0,61292.0,62801.0,1497200,0.024954302128215256,26.655896841672334,46.43242101020944,42.57109573996723,2.5333991496950685
2008-02-19,62801.0,63590.0,62180.0,62297.0,2089200,-0.008025349914810298,25.902113446624092,45.948773347942385,42.6387837333377,2.2633513652342807
2008-02-20,62292.0,63780.0,61634.0,63747.0,2756400,0.023275599146026282,29.55955167079045,44.83358511495676,42.203956227705206,3.3664329301771065
2008-02-21,63748.0,64631.0,63620.0,63792.0,2422600,0.0007059155724975508,26.349705832754466,44.8557449011621,42.165543954939416,1.5848382242287435
2008-02-22,63780.0,64609.0,63360.0,64609.0,2075800,0.01280724855781279,22.677253896217284,36.60759341207677,41.88824715625889,1.9331672058072407
2008-02-25,64605.0,65013.0,64060.0,65001.0,2370400,0.006067266170347807,18.864302299846713,34.27480474902135,41.84341610512662,1.4661312902878416
2008-02-26,64994.0,65399.0,63983.0,65183.0,3564000,0.002799956923739577,14.50662323189135,31.03716901292694,41.694679497535084,2.1723455502201494
2008-02-27,65178.0,65968.0,64647.0,65495.0,4842600,0.004786524093705502,7.2952824152969376,25.012870293002397,40.96888415159917,2.0169478586151612
2008-02-28,65495.0,66005.0,65248.0,65555.0,3693000,0.0009161004656843552,7.21050775269311,24.59552266954074,40.966874131938496,1.1547555487758372
2008-02-29,65553.0,65553.0,63482.0,63489.0,2817000,-0.0315155213179773,25.15243565269609,27.384592763019803,40.5677186226897,3.261982390650349
2008-03-03,63496.0,64644.0,63159.0,64490.0,2267000,0.015766510734142924,28.206845338773906,27.536482353761947,40.241516523939296,2.3026825864475113
2008-03-04,64486.0,64530.0,62745.0,63656.0,2141800,-0.012932237556210313,28.916019999892196,27.51233039742265,39.3329023380151,2.8041347241422647
2008-03-05,63653.0,65045.0,63653.0,64629.0,2322800,0.015285283398265737,31.87164204425013,26.557419145256905,39.452418710578826,2.153831871141438
2008-03-06,64631.0,64676.0,62975.0,62975.0,2246000,-0.02559222639991332,35.43999296878725,25.108669029059577,34.6455325803608,2.701071853910282
2008-03-07,62973.0,62973.0,61382.0,61868.0,2489000,-0.017578404128622438,30.616783927351243,26.11317886898716,33.22730771212131,2.571604060257322
2008-03-10,61869.0,61923.0,59996.0,59999.0,1901000,-0.03020947824400333,28.269205345648896,28.4575870928181,32.95131689565267,3.2117201953365893
2008-03-11,60006.0,62368.0,60006.0,62368.0,3223600,0.03948399139985659,47.62304575273452,30.22737525723647,30.409392218015878,3.7871985633658287
2008-03-12,62378.0,63036.0,62022.0,62177.0,2316400,-0.0030624679322729387,44.701271060968146,29.565226198501993,30.031556480058768,1.630828119722727
2008-03-13,62175.0,62413.0,60168.0,62280.0,3854200,0.00165656110780521,41.80353032900871,29.233417159753998,29.74430354074449,3.6046885035324343
2008-03-14,62280.0,63028.0,60710.0,61991.0,2813200,-0.0046403339755940465,39.711418094864406,28.947011943926746,29.608430192237428,3.7392524721330513
2008-03-17,61987.0,61987.0,59342.0,60012.0,2131800,-0.03192398896614024,40.56025262743638,30.902599390704427,30.862685181109573,4.40745184296474
2008-03-18,60040.0,61933.0,60040.0,61933.0,3084800,0.0320102646137439,36.115373068533614,31.72938115271377,31.288246159725052,3.0565288295416013
2008-03-19,61936.0,62372.0,58805.0,58827.0,2229400,-0.05015096959617649,50.32723992602976,36.05387778599732,33.087332353634444,6.06354225100719
2008-03-20,58818.0,59170.0,57824.0,58987.0,2717800,0.00271983952946786,50.49588458846173,34.88811066478148,33.09574228452915,2.2818587146320377
2008-03-24,58994.0,61083.0,58994.0,59813.0,2289000,0.014003085425602357,53.481232787829825,35.38852917059956,33.334110068689554,3.49255178640095
2008-03-25,59820.0,61616.0,59820.0,61234.0,2523800,0.023757377158811543,51.48740785017618,36.19212451205577,33.156434411227366,2.933011072280106
2008-03-26,61234.0,61849.0,60759.0,61415.0,2351000,0.0029558741875428396,45.47662889492184,36.11743436502195,32.69481455293409,1.7748107139949523
2008-03-27,61418.0,62200.0,60679.0,60762.0,1639200,-0.010632581616868864,20.613504113087362,36.171088385691405,32.605550267810415,2.503209242618742
2008-03-28,60762.0,61062.0,60192.0,60452.0,1673400,-0.0051018728810769964,22.217202823017146,36.061796323997605,32.449917269973774,1.4391583405015551
2008-03-31,60449.0,60982.0,59917.0,60968.0,2168400,0.008535697743664361,21.133467316667037,36.27695111505035,32.45438500968479,1.7468180028867604
2008-04-01,60965.0,62788.0,60965.0,62775.0,1205600,0.029638498884660747,24.722085425280717,36.4472829121799,32.79351443352617,2.9040223018717644
2008-04-02,62775.0,63816.0,62775.0,63364.0,1076800,0.009382716049382678,24.795265328323733,36.15896029411193,32.80250862587992,1.6428887065210531
2008-04-03,63367.0,64731.0,62793.0,64175.0,1039400,0.012799065715548341,19.74089467333126,36.15098112473821,32.31492075103468,3.0198675496688745
2008-04-04,64177.0,64630.0,63906.0,64446.0,812800,0.004222828204129225,15.61235899989467,35.78739649092196,32.33365154687417,1.1234211587996152
2008-04-07,64447.0,65409.0,63919.0,64176.0,909400,-0.004189554045247235,19.88941017615062,34.599014131404324,32.1481058653677,2.3217402144103714
2008-04-08,64180.0,64833.0,63453.0,64540.0,878000,0.005671902268760798,10.160617392503596,33.94645826882836,32.14179910959957,2.138208862720793
2008-04-09,64540.0,64621.0,63167.0,63477.0,863400,-0.01647040594979854,17.780479452319167,32.598836154031666,32.47744115155945,2.2905934432944215
2008-04-10,63475.0,63646.0,62712.0,63527.0,909400,0.0007876868787120017,14.188372976627797,29.757622039084147,32.43960768740902,1.4702409998898107
2008-04-11,63526.0,63526.0,62459.0,62585.0,696800,-0.014828340705526744,15.328644400482316,30.23756642113029,32.68666191894777,1.704881361348566
2008-04-14,62592.0,62733.0,61467.0,62153.0,926600,-0.006902612447072021,15.269324159043931,30.341003413465806,31.46776599347674,2.0369089183144817
2008-04-15,62151.0,62825.0,62151.0,62618.0,841600,0.007481537496178747,16.192918852857563,30.39399960960356,31.185551239267145,1.0763678175604459
2008-04-16,62625.0,64314.0,62625.0,64152.0,1237800,0.024497748251301577,23.81044583026631,29.02723047310146,31.800369653367085,2.632809577254022
2008-04-17,64150.0,64945.0,63599.0,64552.0,908400,0.006235191420376651,23.91966397613479,27.131069240746818,31.5406955379308,2.085140661792044
2008-04-18,64554.0,65384.0,64554.0,64923.0,856800,0.005747304498698647,17.76583417807699,19.36008703371511,30.612084048838113,1.2784375336937603
2008-04-22,64922.0,65689.0,64922.0,65413.0,965800,0.007547402307348738,12.658520814717775,19.367687829424966,30.13544451448398,1.1725497989696239
2008-04-23,65413.0,65689.0,64914.0,64948.0,862800,-0.0071086787030101295,17.871046685282558,19.512286542677245,28.697060486131853,1.193262302149412
2008-04-24,64946.0,65086.0,64223.0,64576.0,971600,-0.005727659050317135,11.315836572128495,18.39187448687389,26.58973113212636,1.3364098116947472
2008-04-25,64576.0,65253.0,64172.0,65187.0,1111000,0.009461719524281431,12.37745177890683,18.545300315700707,26.658969780095447,1.6583061039777869
2008-04-28,65191.0,66025.0,65191.0,65678.0,1183000,0.007532176660990597,12.777728360805742,17.93168576242417,26.712196010232255,1.2698316026675598
2008-04-29,65678.0,65678.0,63706.0,63826.0,1113600,-0.028198178994488288,23.932422799649128,20.909483568281136,28.05314380618948,3.0896499858991633
2008-04-30,63826.0,68038.0,63826.0,67868.0,2112800,0.06332842415316642,53.564196884506046,29.638447317683514,31.65455829152135,6.206164908351506
2008-05-02,67869.0,70973.0,67865.0,69366.0,1981800,0.02207225791241818,52.27781703115968,28.96317937434114,31.023339155740043,4.480581264596488
2008-05-05,69366.0,70435.0,69366.0,70175.0,1347400,0.011662774269815213,52.15839442711621,29.01815201664431,26.495418595375202,1.5233345208407552
2008-05-06,70175.0,70215.0,69561.0,70195.0,1518000,0.0002850017812612293,53.082135452361726,28.919615449723867,26.531220310174664,0.9316902913312913
2008-05-07,70201.0,70545.0,68599.0,69018.0,1342600,-0.016767576038179355,47.73102679366241,29.838422173568123,27.209638009917136,2.819554319163117
2008-05-08,69021.0,69877.0,69014.0,69722.0,975000,0.010200237619171881,23.246161965766436,29.791507469322553,26.6725658056098,1.2377728693955996
2008-05-09,69722.0,69722.0,68764.0,69646.0,841200,-0.0010900433148790523,18.078908957773336,29.839157965100082,26.718268981640094,1.3755276684949602
2008-05-12,69646.0,70420.0,69068.0,70416.0,966600,0.01105591132297623,17.854153081052885,28.994975898206715,26.399969844237646,1.9200181776868892
2008-05-13,70422.0,71084.0,70108.0,70503.0,1207600,0.001235514655760106,17.851754852777052,28.98698176267265,26.251500028248188,1.3843382551097116
2008-05-14,70495.0,70966.0,70027.0,70027.0,1200000,-0.0067514857523793825,12.080541817162382,28.415696073417323,26.459316442465447,1.3409113627600782
2008-05-15,70031.0,71492.0,70031.0,71492.0,1144400,0.02092050209205021,17.379983742794135,28.518200006552952,25.860900770122075,2.0435852962569236
2008-05-16,71496.0,72767.0,71496.0,72767.0,1348800,0.01783416326302234,18.318807253038003,28.77195008812809,26.11517166767139,1.7466708810312366
2008-05-19,72767.0,73794.0,72458.0,73439.0,1494600,0.009234955405609702,18.226604697598145,28.102602611839377,26.040054227031757,1.819196884489168
2008-05-20,73445.0,73522.0,72146.0,73517.0,1256200,0.0010621059654951637,18.270478270937478,28.168243913906093,26.060482343863356,1.871675938898486
2008-05-21,73508.0,73780.0,72150.0,72295.0,1465000,-0.016622005794578176,23.918555845690037,29.27360373740113,26.663957430757375,2.2546510823708417
2008-05-23,72295.0,72295.0,70774.0,71452.0,1094000,-0.011660557438273766,22.683401765019344,29.838037575975186,27.046355491071754,2.1287017858142527
2008-05-26,71452.0,71988.0,71423.0,71629.0,503200,0.002477187482505805,16.962471407707014,29.55647146185471,26.377731417679502,0.7887866646190789
2008-05-27,71629.0,71659.0,70335.0,70992.0,1409600,-0.008893046112607994,13.098395990212719,29.718905737044242,26.63347525670695,1.8649988731124632
2008-05-28,70995.0,73180.0,70734.0,73153.0,1455000,0.030440049583051687,29.91462741406201,31.004479707178223,27.10304480082498,3.343676951047804
2008-05-29,73154.0,73920.0,71695.0,71798.0,1542600,-0.018522822030538788,30.569205571133228,32.10303237162269,27.76090556536722,3.0989721162149366
2008-05-30,71798.0,72862.0,71766.0,72593.0,1770400,0.01107273183097024,29.937018729858384,29.87713407410377,27.808657172126615,1.5097874450704614
2008-06-02,72593.0,72593.0,71352.0,71897.0,1171000,-0.009587701293513162,31.342010111925145,21.97737428844364,27.49397747975794,1.7260803649665493
2008-06-03,71897.0,72019.0,69602.0,70012.0,1301200,-0.02621806194973364,36.70719307671647,22.995861913160784,28.835661593996075,3.452265325944124
2008-06-04,70012.0,70012.0,68465.0,68673.0,1438400,-0.019125292806947414,22.90150799891498,23.58540821281073,29.51292625605999,2.2527048476111426
2008-06-05,68674.0,71235.0,68674.0,71235.0,1219200,0.037307238652745545,40.86675935922555,27.056158669205253,31.20737796123408,3.59514283708851
2008-06-06,71208.0,71211.0,69515.0,69786.0,1199800,-0.020341124447252,40.95508930884294,27.375586693209602,31.81077478576435,2.430286877024045
2008-06-09,69786.0,69990.0,68534.0,69281.0,1035000,-0.007236408448686005,40.91694208152017,27.276771319753813,31.848035756869187,2.1015862935003824
2008-06-10,69275.0,69275.0,67067.0,67775.0,1256000,-0.02173756152480477,39.705321049773026,28.284410768613284,32.53499379644495,3.2578384360014754
2008-06-11,67775.0,68061.0,66715.0,66795.0,1254200,-0.014459609000368912,38.880017123839984,28.27859352871978,32.80384825226367,2.0151208922823565
2008-06-12,66798.0,67958.0,66798.0,67322.0,1142800,0.007889812111685046,19.20345955619155,28.478457941398922,31.683291732793467,1.72306229761445
2008-06-13,67326.0,67885.0,66907.0,67204.0,917400,-0.0017527702682629265,18.118553042667024,28.426936049747432,25.799239311815143,1.4552705196119278
2008-06-16,67206.0,67618.0,66430.0,67285.0,1043400,0.0012052853996786794,19.14599131050676,27.236459262642263,24.927973903212887,1.7656238388942556
2008-06-17,67284.0,69029.0,67284.0,68438.0,1200200,0.017136063015531056,18.604757365975384,27.17099517818347,25.216393460276155,2.54975306116485
2008-06-18,68431.0,68431.0,66917.0,67090.0,1361400,-0.019696659750431,21.647092130327483,27.406681087518304,25.8057540007452,2.256670144581905
2008-06-19,67090.0,67339.0,66182.0,66590.0,1172000,-0.007452675510508322,21.288484960450287,27.36112281868334,25.462020655108255,1.7374981228412676
2008-06-20,66584.0,66611.0,64602.0,64614.0,1141400,-0.02967412524403068,28.86997881771572,28.438437494253517,26.528768721386314,3.109233293094376
2008-06-23,64622.0,65401.0,64440.0,64640.0,858600,0.0004023895750147055,28.719247463425507,28.399185378838826,26.538688901570733,1.4866955445544554
2008-06-24,64636.0,65084.0,63713.0,64168.0,1128800,-0.007301980198019753,18.87347922211735,28.29362660724798,26.264886725096286,2.136578980177035
2008-06-25,64173.0,66308.0,64173.0,65853.0,1351400,0.02625919461413795,31.90724309948546,30.24858914797984,27.58064783466571,3.2420694577316147
2008-06-26,65804.0,65804.0,63689.0,63947.0,1265000,-0.028943252395486896,36.82968911912183,28.839973113152695,28.633859090946267,3.3074264625392904
2008-06-27,63951.0,64624.0,63881.0,64321.0,1100000,0.005848593366381438,31.869373440803095,28.76642134510573,27.868853004230203,1.1551437322180935
2008-06-30,64326.0,65353.0,64326.0,65018.0,970400,0.01083627431165568,32.948994237864504,28.749817157405012,27.477265004410512,1.5795625826694148
2008-07-01,65018.0,65018.0,62911.0,63396.0,1261800,-0.024946937771078814,37.877206215113226,29.53497657907241,27.87271340110654,3.3235535365007256
2008-07-02,63397.0,63945.0,61028.0,61106.0,1309000,-0.03612215281721243,34.057374339856686,30.57812669834623,29.249433012559457,4.773671979838314
2008-07-03,61094.0,61601.0,59243.0,59273.0,1207600,-0.029997054299086834,34.34271840210255,31.375052912105744,29.92142974363811,3.9782025542827255
2008-07-04,59266.0,59779.0,58786.0,59365.0,642000,0.0015521400975149202,32.81053621444422,27.2102201597695,29.965604424149323,1.6727027709930091
2008-07-07,59372.0,60795.0,58731.0,59088.0,1078400,-0.0046660490187820924,26.05049232375484,26.89076632531591,29.861629895872337,3.4930950446791225
2008-07-08,59081.0,59536.0,57945.0,59536.0,1235600,0.007581911724884982,31.007403693538066,27.41168002838631,30.11436531339195,2.6723327062617575
2008-07-10,59528.0,60589.0,58338.0,60253.0,1487000,0.012043133566245645,26.20679893846426,27.62789769576579,28.632767016132554,3.7359135644698194
2008-07-11,60256.0,61053.0,59603.0,60148.0,1051000,-0.001742651818166685,10.828427935616695,27.455512563294594,28.421966118854748,2.4107202234488265
2008-07-14,60156.0,61306.0,60156.0,60721.0,970400,0.009526501296801326,11.628500162754737,27.55676036641306,28.345969376089098,1.8939082030928343
2008-07-15,60715.0,61679.0,58790.0,61015.0,1473400,0.004841817493124401,8.390057446799783,27.741428025495313,28.4857169440769,4.734901253790052
2008-07-16,61018.0,62183.0,60863.0,62056.0,1575600,0.017061378349586098,11.366646200618067,28.676246990976175,28.485690705768143,2.127110996519273
2008-07-17,62063.0,62606.0,59985.0,60109.0,1893000,-0.03137488719865933,29.614985482737875,29.157364079104724,29.26677242308571,4.360411918348333
2008-07-18,60106.0,61299.0,59479.0,59988.0,1230600,-0.0020130096990467194,29.623687265253523,28.751238260255143,26.501440536000743,3.0339401213576047
2008-07-21,60002.0,61275.0,60002.0,60772.0,1230600,0.013069280522771232,30.465756243147247,29.41591049212707,26.652524041468972,2.0947146712301716
2008-07-22,60772.0,60780.0,59231.0,59647.0,1203800,-0.018511814651484215,32.70920514158075,28.43470099709451,26.953159274454062,2.596945361879055
2008-07-23,59646.0,60242.0,59313.0,59421.0,1422000,-0.003788958371753859,26.951656811061547,28.396527107638903,26.472967259002232,1.5634203396105755
2008-07-24,59425.0,59641.0,57334.0,57434.0,1776800,-0.03343935645647167,28.070992670844586,30.184406640301848,27.65480568055456,4.0167844830588155
2008-07-25,57420.0,57711.0,56418.0,57199.0,1183400,-0.004091653027823217,27.785325831953262,27.96166298851766,27.391099583474183,2.260529030227801
2008-07-28,57207.0,58176.0,56839.0,56869.0,887600,-0.005769331631671926,20.461489760728675,26.747888482211103,27.370989634572407,2.351017250171447
2008-07-29,56869.0,58043.0,56869.0,58043.0,1118200,0.020643936063584833,30.42023605276508,27.99610924326596,28.341578152013717,2.0226383887807313
2008-07-30,58069.0,59998.0,58069.0,59998.0,1527800,0.0336819254690488,41.27791135114222,30.59450072504261,29.81942347430497,3.215107170239008
2008-07-31,59998.0,60023.0,59225.0,59505.0,1277200,-0.008216940564685471,29.86144879655296,29.661183591682455,29.484958632739822,1.3410637761532644
2008-08-01,59505.0,59505.0,57492.0,57630.0,999400,-0.03150995714645832,40.77255723071605,29.04583651355061,30.547531094124142,3.492972410203019
2008-08-04,57619.0,57641.0,55367.0,55609.0,1148000,-0.03506854069061249,48.71587186289279,29.69392574487359,30.969009173583167,4.089266125986801
2008-08-05,55609.0,56974.0,55609.0,56471.0,1402400,0.015501087953388781,47.18331712037275,30.34154280758039,31.49434942124082,2.417169874802996
2008-08-06,56473.0,57813.0,56473.0,57542.0,1266800,0.01896548670999265,40.19800310460827,31.192137373891683,32.18938837522402,2.328733794445796
2008-08-07,57546.0,57942.0,56960.0,57018.0,1116400,-0.009106391852907403,40.20506926950381,31.144116657291715,30.96387588516108,1.7222631449717634
2008-08-08,57018.0,57146.0,56152.0,56584.0,1054200,-0.00761163141464094,34.694452028280686,30.779775638411326,30.11239871998854,1.7566803336632262
2008-08-11,56590.0,56974.0,54569.0,54720.0,1208600,-0.03294217446628023,33.48594085726041,32.493585496538536,31.104213933209866,4.395102339181286
2008-08-12,54721.0,55355.0,54325.0,54503.0,1226200,-0.003965643274853825,29.284037138465273,32.10437711112119,30.735263865618954,1.8898042309597636
2008-08-13,54509.0,55492.0,54035.0,54573.0,1922800,0.001284332972496971,20.93238076935404,31.991318966554356,30.24273890721724,2.66981840837044
2008-08-14,54573.0,55725.0,54573.0,55138.0,1065600,0.010353105015300512,25.737285811901707,31.486073835589668,29.036483785615435,2.089303202872792
2008-08-15,55137.0,55307.0,53831.0,54244.0,945800,-0.016213863397294026,26.66315298055449,30.32836217582765,28.19612827615542,2.7210382715139003
2008-08-18,54252.0,54928.0,53050.0,53327.0,847000,-0.01690509549443253,18.50797782519806,30.599505731784955,28.454967609192472,3.5216681980985243
2008-08-19,53326.0,54329.0,52345.0,53639.0,1006600,0.005850694770003884,20.12487563222486,30.14903917670775,28.577703444899544,3.698801245362516
2008-08-20,53641.0,55545.0,53641.0,55377.0,1149400,0.03240179719979874,32.64902648818643,32.50167277174147,30.238141604788783,3.4382505372266463
2008-08-21,55380.0,56144.0,55380.0,55935.0,1113200,0.010076385503006602,32.610852129856035,32.83028617294504,30.162721822261464,1.3658711003843746
2008-08-22,55933.0,56430.0,55202.0,55850.0,823400,-0.001519620988647552,28.561768716543572,30.864135060897812,30.163149502734356,2.1987466427931963
2008-08-25,55854.0,55906.0,54468.0,54477.0,653400,-0.024583706356311574,32.66364181155716,31.908830410433186,30.618335689727218,2.6396460891752485
2008-08-26,54477.0,55088.0,54153.0,54359.0,836200,-0.0021660517282522385,32.94095822242908,31.881399023583935,30.521030103134926,1.720046358468699
2008-08-27,54366.0,55591.0,54366.0,55519.0,881600,0.02133961257565442,27.106529999853358,31.944380968129238,30.79740863163592,2.206451845314217
2008-08-28,55516.0,56524.0,55516.0,56382.0,1062400,0.015544228102091218,28.54676107134373,29.953083863878145,30.104349237849632,1.7878046184952645
2008-08-29,56388.0,56856.0,55678.0,55680.0,1102400,-0.012450782164520557,30.32821557539343,30.085434548433632,30.257641816154134,2.11566091954023
2008-09-01,55665.0,55665.0,54933.0,55162.0,520000,-0.009303160919540199,23.93911040369524,28.3671047886735,29.963164406501765,1.3270004713389654
2008-09-02,55161.0,55412.0,54207.0,54404.0,1163200,-0.013741343678619344,26.646152111078404,26.09924187454912,29.780605253410368,2.2149106683332107
2008-09-03,54414.0,55241.0,52891.0,53527.0,1439800,-0.016120138225130476,20.57036928378518,25.89120907216969,30.02632459036279,4.39030769518187
2008-09-04,53527.0,53749.0,51157.0,51409.0,1542200,-0.03956881573785187,19.329000995340333,27.677806826164275,30.607830933509415,5.041918730183431
2008-09-05,51404.0,51940.0,50092.0,51940.0,1441600,0.01032893073197294,28.30579096397609,28.147664922028987,30.86814406511136,3.557951482479784
2008-09-08,51940.0,53706.0,50646.0,50718.0,1466000,-0.0235271467077397,28.718096441384866,28.914414942741622,31.42922379942225,6.033360936945463
2008-09-09,50711.0,50711.0,48419.0,48435.0,1481000,-0.04501360463740689,34.754939186139296,30.63347549353085,32.75760051044855,4.732115205946114
2008-09-10,48439.0,49957.0,47606.0,49633.0,1904800,0.024734179828636238,48.90760375844362,32.39096990411861,31.912039369660228,4.736767876211392
2008-09-11,49629.0,51270.0,48217.0,51270.0,1556200,0.032982088529808884,52.565879141496296,34.84154125399071,33.850198136857074,5.954749366101034
2008-09-12,51267.0,52591.0,50789.0,52393.0,1393800,0.02190364735712902,54.61482053372227,35.60966381289427,33.718098557802236,3.4393907583074075
2008-09-15,52386.0,52386.0,48409.0,48416.0,1589800,-0.07590708682457581,77.87545271909728,43.6649277769885,38.79374022432439,8.214226701916722
2008-09-16,48404.0,49313.0,46261.0,49229.0,2046400,0.016791969596827494,71.60764352746587,44.06871638746213,38.8527914607211,6.199597798045867
2008-09-17,49218.0,49218.0,45859.0,45909.0,2322200,-0.06743992362225515,83.74570049952132,49.1456852424207,42.28191313679233,7.3166481517785185
2008-09-18,45909.0,49002.0,45295.0,48423.0,2332600,0.054760504476246474,92.47041122231497,51.930919929974536,45.920339125737485,7.655452987216818
2008-09-19,48424.0,53168.0,48424.0,53055.0,2103800,0.09565702248931296,119.39459598532352,62.60359470484966,54.38742814258176,8.941664310621054
2008-09-22,53055.0,53455.0,51530.0,51541.0,1450200,-0.02853642446517768,102.8129864020853,63.285483842586856,54.18125259343001,3.7348906695640367
2008-09-23,51537.0,51856.0,49289.0,49593.0,1648800,-0.037795153373042845,109.07446209061243,64.01286754940043,55.19635919645658,5.1761337285504
2008-09-24,49598.0,50747.0,49598.0,49843.0,1203000,0.005041034016897594,89.89958247250868,64.08315904926529,55.229820792854824,2.305238448729009
2008-09-25,49848.0,51867.0,49848.0,51828.0,1401400,0.03982505065906938,86.59844927816447,65.28906832471314,56.46939082069895,3.8955776800185227
2008-09-26,51824.0,51824.0,49902.0,50783.0,1989400,-0.020162846337886897,49.65832068982105,65.21948769414432,56.570604644528125,3.7847311108047967
2008-09-29,50743.0,50743.0,43766.0,46028.0,1881800,-0.09363369631569618,79.11678000468541,72.20732471479923,62.44259123150017,15.15816459546363
2008-09-30,46026.0,49541.0,46026.0,49541.0,1557000,0.07632310767358996,102.26295454127276,77.8867522446131,66.62302123270646,7.095133323913526
2008-10-01,49538.0,49834.0,47641.0,49799.0,1498000,0.005207807674451503,102.26668321405008,77.86342483656111,65.87216261780961,4.403702885600112
2008-10-02,49805.0,49805.0,45113.0,46145.0,1684200,-0.07337496736882265,107.01480809282928,81.51439881831796,68.83931647051516,10.167948856864232
2008-10-03,46155.0,48075.0,44158.0,44517.0,1577200,-0.03528009535160903,107.46609990809613,81.30367841538998,69.36392597359838,8.798885818900645
2008-10-06,44502.0,44502.0,37617.0,42101.0,2075600,-0.05427140193633895,94.25383594499958,82.77763227061796,70.5559857924388,16.35353079499299
2008-10-07,42104.0,43167.0,39583.0,40140.0,1969600,-0.04657846606968952,46.439162086149,83.67975923359539,71.42779131135286,8.928749377179871
2008-10-08,40137.0,40439.0,37597.0,38594.0,2832800,-0.03851519681116089,24.128901913406004,83.364400865897,71.31955257387753,7.363838938695134
2008-10-09,38594.0,40479.0,36832.0,37080.0,2180800,-0.03922889568326682,12.129411827698448,83.00428309189033,71.31012606933355,9.835490830636463
2008-10-10,37079.0,37079.0,33238.0,35610.0,2444600,-0.039644012944983764,10.747591766431778,81.79540116337353,71.72965522773505,10.78629598427408
2008-10-13,35609.0,40829.0,35609.0,40829.0,1974000,0.14655995506880082,133.24838713498036,98.71253639686324,85.48491226895145,12.785030248107962
2008-10-14,40833.0,43753.0,40218.0,41569.0,2264400,0.018124372382375187,127.87332695508663,96.14412476021757,85.81686425071217,8.503933219466429
2008-10-15,41567.0,41567.0,35411.0,36833.0,2147000,-0.11393105439149365,154.197393327442,102.7565853095133,91.180716527379,16.7132734232889
2008-10-16,36835.0,37394.0,33752.0,36442.0,2284000,-0.010615480683083156,151.58468956076229,100.74239070312072,90.77227962855426,9.993963009714065
2008-10-17,36440.0,38342.0,35834.0,36399.0,1849400,-0.0011799571922507246,147.6396154836736,98.10708649988713,90.61120614135808,6.890299184043518
2008-10-20,36401.0,39453.0,36401.0,39441.0,1549600,0.08357372455287226,113.06604559066544,96.51722710535934,94.47913525128209,7.73814051367866
2008-10-21,39440.0,39980.0,38083.0,39043.0,1533600,-0.010091022032909902,111.22038472781483,96.33735695156166,93.78665658512728,4.858745485746485
2008-10-22,39043.0,39043.0,35028.0,35070.0,1647800,-0.10175959839151705,104.19995514570049,100.9808653585373,97.34244777349531,11.448531508411747
2008-10-23,35069.0,35777.0,32706.0,33818.0,1962800,-0.035700028514399795,106.09888729905772,100.97587194739843,96.75871185515457,9.080962800875273
2008-10-24,33809.0,33809.0,30788.0,31482.0,2251800,-0.06907564019161394,112.1001927711373,100.38092036027967,97.57833000256635,9.595959595959595
2008-10-27,31480.0,31480.0,29435.0,29435.0,1696200,-0.06502128200241408,55.36470422374269,101.4975034582253,97.03767201433632,6.947511465941907
2008-10-28,29438.0,33387.0,29438.0,33387.0,2342000,0.13426193307287249,148.24832128855897,111.88819643213397,105.91347772528754,11.827956989247312
2008-10-29,33387.0,35766.0,33387.0,34845.0,2184800,0.043669691796208054,137.92055572103544,109.14668671833884,105.64083988064421,6.827378390012914
2008-10-30,34852.0,37590.0,34852.0,37449.0,2485800,0.07473095135600527,141.33143103860237,113.3001880503374,106.80825126561022,7.311276669603995
2008-10-31,37447.0,37945.0,35858.0,37257.0,2002000,-0.005126972682848674,120.66135318231605,111.0181670987945,102.34245136842695,5.601631908097807
2008-11-03,37261.0,38545.0,36938.0,38249.0,1676800,0.02662586896422159,84.07625497630235,111.16286260864419,102.71018722878304,4.201417030510601
2008-11-04,38256.0,41003.0,38256.0,40255.0,2134200,0.052445815576877886,47.47908646195146,111.3393557602487,103.75258831495135,6.823997019003851
2008-11-05,40245.0,40245.0,37711.0,37786.0,2127800,-0.06133399577692211,84.39897899814922,112.23368652715453,104.97654551760165,6.706187476843276
2008-11-06,37786.0,37786.0,35387.0,36362.0,1999000,-0.03768591541840893,73.3589523195146,112.19868900602692,104.36734354560697,6.597546889610033
2008-11-07,36362.0,37716.0,36297.0,36665.0,1764400,0.008332874979374072,73.96584340536312,111.33623184467085,104.44560073787792,3.87017591708714
2008-11-10,36672.0,38725.0,36298.0,36776.0,1467000,0.0030274103368335137,69.93459607409817,110.31287531574027,101.32911611182661,6.599412660430716
2008-11-11,36775.0,37629.0,35499.0,37262.0,1536400,0.013215140308897144,52.21080101422104,97.49632977917676,98.51153146134384,5.7162793194138795
2008-11-12,37261.0,37261.0,34221.0,34374.0,2413400,-0.07750523321346148,61.67756791026599,100.52240787212952,100.47281124940433,8.843893640542271
2008-11-13,34374.0,36244.0,33645.0,35993.0,1890000,0.0470995519869668,73.05668830313896,94.24100152079421,99.97485270640864,7.220848498319117
2008-11-14,36003.0,36697.0,35016.0,35789.0,1628600,-0.005667768732809164,72.58446134907587,94.18260194494302,99.59823403507373,4.696973930537316
2008-11-17,35777.0,36373.0,34427.0,35717.0,1393600,-0.0020117913325323755,72.36641016318968,94.18524799946898,98.51460577813424,5.448385922669877
2008-11-18,35698.0,35698.0,33882.0,34095.0,1750800,-0.04541254864630284,75.00399762436206,90.41903313068978,98.47101029347162,5.3262941780319695
2008-11-19,34098.0,34786.0,33275.0,33405.0,1567200,-0.020237571491421025,53.76746229453296,90.55385851758292,98.04935411174021,4.523274958838497
2008-11-21,33403.0,33403.0,31081.0,31251.0,1894800,-0.06448136506511004,42.50323059290781,86.40544179804702,99.12771386026928,7.430162234808487
2008-11-24,31255.0,34382.0,31255.0,34189.0,1995600,0.09401299158426935,97.79718417413096,91.93278550666436,102.444705395179,9.146216619380503
2008-11-25,34189.0,35532.0,33620.0,34813.0,1712200,0.018251484395565898,99.57195240527952,88.3215000999246,92.86367446857055,5.492201189210927
2008-11-26,34814.0,36877.0,34319.0,36470.0,2075200,0.04759716197972019,96.80576907291825,85.44033579655617,93.85176781633434,7.013984096517686
2008-11-27,36470.0,36817.0,36114.0,36213.0,878600,-0.007046887853029871,94.19616751280834,72.99736596198142,87.75515553389754,1.9412918012868308
2008-11-28,36216.0,37217.0,35944.0,36596.0,1547400,0.010576312374009245,62.79586051211324,71.66976831656045,87.72851875185191,3.4785222428680727
2008-12-01,36596.0,36596.0,34396.0,34741.0,1458800,-0.05068859984697782,57.563417197537504,69.04125585546255,89.02881139495943,6.332575343254368
2008-12-02,34743.0,35734.0,34743.0,35001.0,1596400,0.007483952678391637,56.34779005702134,69.12280846205434,85.47902180713764,2.831347675780692
2008-12-03,35001.0,35476.0,33798.0,35297.0,2237800,0.00845690123139331,40.96317614185396,68.45585637277615,85.50650200260819,4.75394509448395
2008-12-04,35311.0,35944.0,35128.0,35128.0,1264800,-0.004787942318044025,40.96666249744561,65.42613773262616,80.12132566518524,2.3229332726030516
2008-12-05,35125.0,35435.0,34013.0,35347.0,1929800,0.006234342974265505,39.9777535958629,62.29301550454265,79.3582338124788,4.022972246583868
2008-12-08,35347.0,38426.0,35347.0,38285.0,2422400,0.08311879367414488,56.55960877853396,67.5180390639106,79.66102425566875,8.042314222280266
2008-12-09,38285.0,38863.0,37653.0,37968.0,2011600,-0.008280005223978093,59.7900150756607,67.6075997564727,76.80382897528398,3.1868942267172358
2008-12-10,37972.0,39748.0,37972.0,39004.0,2233000,0.027286135693215252,59.599280690443855,68.15055203174754,67.40162736863175,4.553379140600964
2008-12-11,39009.0,39880.0,38515.0,38519.0,1952400,-0.012434622090042091,61.86479684945777,68.27732936434434,66.63859892828945,3.543705703678704
2008-12-12,38517.0,39374.0,37014.0,39374.0,1692800,0.02219683792414129,60.78816578844647,62.0133011976737,63.470575949966815,5.993803017219485
2008-12-15,39368.0,39735.0,38320.0,38320.0,1631600,-0.026768933814192097,37.02699112422931,61.300647120809,64.00254769331721,3.6925887265135704
2008-12-16,38324.0,39993.0,38324.0,39993.0,1614000,0.04365866388308981,46.50339513321013,62.717434454334274,64.76434173916238,4.173230315305179
2008-12-17,39993.0,40361.0,39121.0,39947.0,2284800,-0.0011502012852249166,44.48566617534263,62.7042156555483,62.99615315629664,3.1041129496582975
2008-12-18,39947.0,40498.0,38995.0,39536.0,1696200,-0.010288632437980283,43.975924326270025,60.20074129044358,60.322648570821,3.801598543099959
2008-12-19,39535.0,39785.0,38728.0,39131.0,1219200,-0.010243828409550737,42.22570790543341,59.71293518111944,59.260762314837535,2.7011832051314815
2008-12-22,39140.0,39452.0,37478.0,37619.0,1275600,-0.03863944187472845,47.32937528882107,56.323195629997926,60.45332657978379,5.2473484143650815
2008-12-23,37617.0,38005.0,36452.0,36471.0,860000,-0.030516494324676402,24.924085075475226,48.78162627145805,61.15980507069712,4.2581777302514325
2008-12-26,36470.0,37136.0,36334.0,36864.0,508600,0.010775684790655493,30.799480920503004,48.56551685992485,61.11957973338771,2.175564236111111
2008-12-29,36864.0,37631.0,36638.0,37060.0,984800,0.005316840277777679,34.342010957065355,45.823066327924025,56.48998244553328,2.679438747976255
2008-12-30,37070.0,37783.0,37065.0,37550.0,1569800,0.013221802482460854,39.09443943380946,45.90379044899691,55.032248204776,1.9121171770972039
2009-01-02,37550.0,40265.0,37550.0,40244.0,1055200,0.0717443408788283,58.339990477081415,51.83130569542207,58.55749374288371,6.746347281582348
2009-01-05,40243.0,41889.0,39526.0,41519.0,1909200,0.03168174137759672,43.082403462305486,48.415235682582555,59.04092625431356,5.691370216045666
2009-01-06,41520.0,42363.0,41520.0,42312.0,1791000,0.01909968929887529,41.54022620694199,48.53780550398145,57.118276722307826,1.992342597844583
2009-01-07,42308.0,42308.0,40563.0,40820.0,1383600,-0.035261864246549424,61.04218336388647,50.95944938281809,57.92036120999805,4.274865262126409
2009-01-08,40819.0,41991.0,40251.0,41991.0,1556000,0.02868691817736413,60.932065048091225,51.26688912141206,54.04650337098449,4.143745088233193
2009-01-09,41992.0,42525.0,41181.0,41583.0,1573400,-0.00971636779309848,45.536347372734156,51.67228958307466,48.14866889670913,3.2320900367938816
2009-01-12,41585.0,41585.0,39345.0,39403.0,1554600,-0.05242526994204366,54.88532733796083,48.14325600003224,50.98538361088975,5.684846331497602
2009-01-13,39397.0,40323.0,38623.0,39544.0,1798400,0.003578407735451705,50.657863353726526,48.00526120407503,49.33115857998699,4.299008699170544
2009-01-14,39537.0,39570.0,37658.0,37982.0,2198400,-0.03950030345943756,51.90388790877244,49.19795293460377,50.789915899846186,5.033963456374072
2009-01-15,37993.0,39197.0,36806.0,39151.0,2029400,0.03077773682270557,52.99381224411967,50.17884107510193,51.41715128028309,6.107123700544047
2009-01-16,39149.0,39904.0,38578.0,39342.0,1734200,0.0048785471635461874,54.63051882294654,49.62343981081451,48.85680017293208,3.37044380051853
2009-01-19,39351.0,39570.0,38700.0,38828.0,791000,-0.01306491789944586,41.0847763423356,48.89900359556733,49.11393842986376,2.2406510765427012
2009-01-20,38828.0,39174.0,37272.0,37272.0,1417800,-0.04007417327701657,48.009297415861305,48.31096457484399,50.71257294550696,5.103026400515132
2009-01-21,37279.0,38543.0,37279.0,38543.0,1672000,0.034100665378836714,49.283415636819974,49.98700777300486,51.48662519355297,3.279454116181927
2009-01-22,38543.0,38845.0,37255.0,37894.0,1744600,-0.01683833640349741,43.868239229852286,50.18762023395289,51.81723086115152,4.1959149205679
2009-01-23,37891.0,38660.0,36744.0,38132.0,1433000,0.00628067767984386,44.10198326963473,50.15312215736116,45.9217467234743,5.024651211580824
2009-01-26,38130.0,39065.0,37831.0,38509.0,1493800,0.009886709325500842,44.76420162012834,48.31831548887328,45.929693755736125,3.2044457139889375
2009-01-27,38511.0,39025.0,38422.0,38699.0,1423800,0.0049339115531434885,28.76713984204635,46.89313773921401,45.264847363184,1.558179797927595
2009-01-28,38704.0,40438.0,38704.0,40227.0,2132400,0.03948422439856336,31.959722319064827,48.501244100260244,46.49691342140648,4.310537698560668
2009-01-29,40229.0,40229.0,39369.0,39638.0,1330400,-0.014641907176771829,30.871363975533907,48.95521615546633,46.322337631946134,2.169635198546849
2009-01-30,39637.0,40273.0,39185.0,39301.0,1477600,-0.008501942580352195,33.42669140556724,48.9988929049277,45.681479120517146,2.768377394977227
2009-02-02,39296.0,39364.0,38453.0,38666.0,1334600,-0.01615734968575866,36.59615748439308,42.39104634058599,44.11794125278843,2.356075104743185
2009-02-03,38665.0,39765.0,38655.0,39747.0,1545000,0.027957378575492742,41.471456455742874,42.04123150458965,44.89487361310257,2.7926635972526226
2009-02-04,39746.0,41490.0,39746.0,40129.0,2408600,0.009610788235590029,29.92155252966025,41.5745172081445,44.86064278269158,4.34598420095193
2009-02-05,40120.0,41373.0,39791.0,41109.0,1932800,0.02442124149617486,30.99611755379798,40.72463004701072,45.23709144519573,3.8483057238074387
2009-02-06,41110.0,42873.0,41110.0,42756.0,2180000,0.0400642195139751,34.24027592533661,41.8856669933779,44.836806739082434,4.123397885676864
2009-02-09,42755.0,43441.0,41977.0,42100.0,1749400,-0.015342875853681326,33.74195569245298,42.115035899623464,44.0104098396223,3.477434679334917
2009-02-10,42101.0,42819.0,40960.0,41207.0,2280000,-0.02121140142517819,41.222962786816716,38.35289290412075,44.62820932720828,4.51136942752445
2009-02-11,41207.0,42032.0,40286.0,40846.0,1673400,-0.00876064746280969,42.670496748842105,38.54330300692022,44.78108810199566,4.274592371346031
2009-02-12,40827.0,41082.0,39992.0,40501.0,1782200,-0.008446359496645961,38.89284468397387,35.74802563493685,44.81813806092384,2.691291573047579
2009-02-13,40512.0,41833.0,40512.0,41674.0,1445400,0.028962247845732314,31.241244044598087,35.577337278268075,40.62755193950831,3.169842107789029
2009-02-16,41672.0,41841.0,41026.0,41841.0,1088600,0.004007294716130039,30.192313093895663,35.5734879521348,39.61921475842902,1.9478501947850195
2009-02-17,41838.0,41838.0,39817.0,39847.0,1729800,-0.04765660476566047,43.98317233970974,39.377988613389,41.5803018398324,5.071900017567194
2009-02-18,39848.0,40434.0,39209.0,39674.0,1654400,-0.004341606645418716,43.94427712893083,36.45870436470205,40.35707879830896,3.087664465392953
2009-02-19,39675.0,40433.0,39630.0,39730.0,1162600,0.0014115037556081678,44.084219883437086,34.68655137936041,39.39786203506461,2.0211427133148754
2009-02-20,39725.0,39725.0,38103.0,38715.0,1711600,-0.025547445255474477,34.78172692263258,35.39610408573827,39.94656869113438,4.189590597959447
2009-02-25,38712.0,38933.0,37694.0,38232.0,1216400,-0.012475784579620286,31.04640235844312,35.6561229036497,37.150882883078175,3.2407407407407405
2009-02-26,38234.0,39219.0,38180.0,38180.0,1520800,-0.00136011717932627,17.26098831444319,35.49014416252652,37.128563034774444,2.721320062860136
2009-02-27,38178.0,38801.0,37324.0,38183.0,1654000,7.857517024612015e-05,18.18628479551464,35.44196871367597,35.27938112041243,3.868213602912291
2009-03-02,38180.0,38180.0,36196.0,36235.0,1728000,-0.05101746850692712,33.49985631131413,36.46001516175092,37.08107063972421,5.475369118255831
2009-03-03,36236.0,37085.0,35722.0,36468.0,1731400,0.006430246998758049,36.552878803406834,36.46760780725886,37.10993357718252,3.7375233081057364
2009-03-04,36468.0,38554.0,36468.0,38402.0,1796200,0.053032795875836314,58.586392515824194,41.351382096972145,40.24946388109987,5.432008749544295
2009-03-05,38391.0,38391.0,36973.0,37369.0,1354600,-0.026899640643716527,62.05629548836077,42.01686287731326,39.28070978352838,3.7945890979153845
2009-03-06,37367.0,38309.0,36476.0,37105.0,1481200,-0.007064679279616848,61.99125758125772,40.67530358999862,38.00116053829723,4.9400350357094736
2009-03-09,37103.0,37464.0,36392.0,36741.0,1067400,-0.009809998652472673,48.11268941487058,40.47506750108148,37.80052007742775,2.9177213467243677
2009-03-10,36745.0,38804.0,36745.0,38795.0,1788200,0.055904847445632955,61.26775545752554,44.516660768843096,41.18760952280524,5.307384972290244
2009-03-11,38795.0,39310.0,38238.0,38805.0,1401200,0.00025776517592479564,49.97609782190685,41.78614505328064,41.09946269396716,2.7625306017265814
2009-03-12,38806.0,39304.0,38286.0,39152.0,1631800,0.008942146630588788,42.64232345443068,41.82274014989324,41.152766047969685,2.60012259910094
2009-03-13,39152.0,39707.0,38580.0,39015.0,1595200,-0.0034991826726603614,41.82943645419033,41.30432358068878,39.485461453950464,2.888632577213892
2009-03-16,39018.0,39713.0,38467.0,38607.0,1526800,-0.010457516339869244,42.02818687633073,41.34204196550087,39.37574730286853,3.227393995907478
2009-03-17,38608.0,39511.0,38080.0,39511.0,1456800,0.023415442795347907,20.7021816800799,42.21507685123769,39.90102242719316,3.6217762142188255
2009-03-18,39508.0,40551.0,38850.0,40142.0,1731800,0.015970236136771954,22.005275345256912,41.28908175214548,39.82323993458868,4.23745702755219
2009-03-19,40146.0,41137.0,40146.0,40453.0,1902800,0.007747496387823238,21.950824325456487,41.371740596996936,39.08268834214035,2.449756507551974
2009-03-20,40453.0,41053.0,40076.0,40076.0,1394200,-0.009319457147801136,23.94229827963486,37.946988082788465,39.10026439896145,2.437868050703663
2009-03-23,40077.0,42509.0,40077.0,42439.0,1883400,0.05896297035632303,40.11018667581443,42.929605084606855,42.12088981918076,5.7305780060793134
2009-03-24,42439.0,42439.0,41476.0,41476.0,1826200,-0.02269139235137496,49.44067484128707,43.882777915849246,41.027848951854054,2.3218246696884948
2009-03-25,41478.0,42623.0,41114.0,41799.0,1956400,0.0077876362233579854,49.17268834813015,42.71059264666426,40.85747438133144,3.6101342137371706
2009-03-26,41801.0,42680.0,41801.0,42589.0,1640400,0.018899973683580873,49.70011284044754,42.56856671921612,40.69483752731408,2.0639132170278707
2009-03-27,42589.0,42589.0,41586.0,41907.0,1342000,-0.016013524619033048,51.5924030528236,43.164202014095224,40.90617946330146,2.3933948982270263
2009-03-30,41909.0,41909.0,40351.0,40653.0,1508600,-0.02992340181831199,33.04028087117094,44.797405159297966,41.8087195673272,3.8324354906156985
2009-03-31,40661.0,41610.0,40661.0,40926.0,1591200,0.00671537155929447,31.583643849357067,40.19441544373834,40.97968090408708,2.318819332453697
2009-04-01,40918.0,42005.0,40256.0,41976.0,1671600,0.02565606216097338,37.285586009717356,40.76126112918718,41.651497405724726,4.166666666666666
2009-04-02,41977.0,44286.0,41977.0,43736.0,2363600,0.04192872117400426,46.636320126397294,39.33888750177697,40.745482882666835,5.2794036948966525
2009-04-03,43738.0,44610.0,43520.0,44391.0,1882800,0.014976220962136466,42.56980576836871,37.49022114407203,40.81016773021171,2.4554526818499243
2009-04-06,44385.0,44385.0,43429.0,44167.0,1466200,-0.005046067896645745,28.531623106190107,37.39105276003458,40.88953272259994,2.1645119659474266
2009-04-07,44163.0,44471.0,43593.0,43825.0,1707600,-0.0077433377861299,33.22615712785863,37.26956276504725,40.09501096743913,2.0034227039361094
2009-04-08,43828.0,44390.0,43706.0,44182.0,1782400,0.008146035367940563,31.628044249178945,33.0828779661268,39.78296891878479,1.5481417771943327
2009-04-09,44183.0,45702.0,44183.0,45539.0,1923800,0.030713865375039617,24.87847528187252,34.037190430399555,40.40917616284306,3.3356024506466984
2009-04-13,45536.0,46179.0,45226.0,45992.0,1552600,0.009947517512461923,24.265356990100926,34.04297995043827,40.38042819156724,2.072099495564446
2009-04-14,45989.0,46591.0,45284.0,45418.0,2127600,-0.012480431379370271,27.044589516101,34.560570010246735,37.012079687654726,2.877713681800167
2009-04-15,45420.0,45453.0,44811.0,45273.0,1758000,-0.0031925668237262617,25.781151554612048,34.17480533531097,37.14821932625839,1.418063746603936
2009-04-16,45277.0,46211.0,45277.0,46025.0,1770800,0.01661034170476894,26.77645202397886,33.86368901046208,34.686801302885875,2.0293318848451927
2009-04-17,46018.0,46187.0,45723.0,45778.0,1465600,-0.005366648560564902,18.84192727505916,33.99818184358012,33.43575307519246,1.0135873126829482
2009-04-20,45778.0,45778.0,44275.0,44433.0,1272800,-0.02938092533531389,26.387883346448156,36.18762841795946,34.847210998236456,3.3826210249139157
2009-04-22,44434.0,45369.0,44434.0,44888.0,1364400,0.01024013683523517,28.15656123583703,35.8641509992831,34.52703478921685,2.0829620388522545
2009-04-23,44888.0,45804.0,44888.0,45801.0,1243600,0.020339511673498567,32.29532499947448,30.763510474008694,31.553345896807855,1.999956332831161
2009-04-24,45801.0,46946.0,45801.0,46772.0,1528400,0.021200410471386988,33.693919883247844,29.738661551690736,31.819944392820293,2.4480458393910887
2009-04-27,46772.0,46772.0,45662.0,45820.0,1687400,-0.020354057983408835,37.60536159356951,31.081744227943574,32.73903337996118,2.422522915757311
2009-04-28,45819.0,46138.0,44966.0,45821.0,1792400,2.1824530772596162e-05,27.317400780947704,30.669971417788577,32.67114242963045,2.557779184216844
2009-04-29,45825.0,47410.0,45825.0,47227.0,2053400,0.03068462058881294,32.53717373242195,31.156712986004525,33.08984532145538,3.356131026743177
2009-04-30,47235.0,48126.0,47235.0,47290.0,2136000,0.001333982679399437,31.657237001864193,28.388118447108962,32.752122959612535,1.8841192641150348
2009-05-04,47290.0,50405.0,47290.0,50405.0,2502000,0.06587016282512148,53.20618334102939,34.86994761405759,36.965991932688915,6.179942466025196
2009-05-05,50404.0,50909.0,50013.0,50670.0,1945400,0.0052574149389941205,44.76721842328165,34.44374262961218,36.9737864443346,1.7683047167949477
2009-05-06,50675.0,52096.0,50672.0,51499.0,2468600,0.01636076573909606,41.4043015397131,32.466876759938806,36.689022249454325,2.7651022349948544
2009-05-07,51499.0,52079.0,49743.0,50058.0,2030200,-0.027981125847103883,54.290967756065854,34.64231971619834,34.939958402112715,4.666586759359143
2009-05-08,50066.0,51396.0,50051.0,51396.0,1692800,0.026728994366534753,54.0913175888879,35.1156892888136,34.375490625626206,2.616935170052144
2009-05-11,51389.0,51389.0,50060.0,50976.0,1285600,-0.008171842166705634,33.95194005253915,35.13939237272925,34.66970760434552,2.60710922787194
2009-05-12,50980.0,51565.0,49808.0,50326.0,1852000,-0.012751098556183282,35.38685145846514,35.826441367312135,34.92768119396132,3.491237133887056
2009-05-13,50317.0,50317.0,48430.0,48679.0,1712200,-0.03272662242180979,37.18622241672994,37.13123420886049,36.14966270375524,3.876414881160254
2009-05-14,48671.0,49461.0,48284.0,49446.0,1416200,0.015756280942500922,37.55061566675032,37.313627273557124,34.681552852220086,2.3803745500141567
2009-05-15,49447.0,49552.0,48796.0,49007.0,1508800,-0.008878372365813236,27.380301338322283,37.137091258815566,34.97715661524372,1.5426367661762606
2009-05-18,49012.0,51490.0,49012.0,51463.0,1731600,0.05011528965249856,50.48573475528333,40.31232368385071,36.825516445381886,4.815109884771583
2009-05-19,51465.0,52145.0,50987.0,51347.0,2003200,-0.002254046596583903,49.04317637210481,40.241325842164514,35.38987579471357,2.2552437338111284
2009-05-20,51349.0,52640.0,51143.0,51245.0,2062000,-0.0019864841178647286,37.991897909244784,40.14295763579354,35.34076209549287,2.921260610791297
2009-05-21,51244.0,51244.0,49565.0,50087.0,1681000,-0.022597326568445708,43.96813986935999,39.45924268726105,36.13297435638954,3.3521672290215028
2009-05-22,50089.0,50893.0,49989.0,50568.0,1308800,0.009603290274921683,42.796471047154796,39.451256193846255,35.97377013726031,1.7876918209144124
2009-05-25,50558.0,50969.0,50558.0,50816.0,491000,0.0049042872963138695,19.53167850346279,39.104165208958236,35.96161318983524,0.8088003778337531
2009-05-26,50817.0,51934.0,50074.0,51841.0,1456600,0.020170812342569233,25.316506551335173,39.05282407140881,35.430359339907305,3.587893752049536
2009-05-27,51840.0,53092.0,51637.0,51792.0,1731400,-0.0009451978164001229,25.223338633692865,38.01793674211814,35.42728064005031,2.8093141797961074
2009-05-28,51795.0,53041.0,51795.0,53041.0,1518800,0.02411569354340437,16.579140405786926,38.44477219113657,35.517227650758876,2.349126147697065
2009-05-29,53047.0,53806.0,52432.0,53198.0,2841400,0.0029599743594577177,17.70796109247853,37.50506968978095,35.43218140114044,2.5828038648069476
2009-06-01,53202.0,54857.0,53202.0,54486.0,1803000,0.024211436520169993,19.27736836232746,37.984754887966616,35.7043249888957,3.0374775171603714
2009-06-02,54486.0,54955.0,53850.0,54000.0,1919000,-0.008919722497522264,23.9938494727194,31.705204715947477,35.816277581453214,2.0462962962962963
2009-06-03,53999.0,54001.0,51643.0,52087.0,2037400,-0.03542592592592597,39.69771906304562,34.4319788323312,36.37029128329061,4.527041296292741
2009-06-04,52094.0,53464.0,51745.0,53464.0,1398400,0.026436538867663728,40.55964195221107,35.147989978764954,36.85104095732402,3.2152476432739787
2009-06-05,53474.0,54627.0,53050.0,53341.0,1442200,-0.0023006134969325576,40.64100345683825,33.47215090989419,36.67475688188852,2.9564500103110176
2009-06-08,53340.0,53905.0,52483.0,53630.0,1184800,0.005417971166644886,35.71178905668,32.38426537357167,36.36591343071275,2.6515010255454037
2009-06-09,53633.0,54102.0,52845.0,53157.0,1228400,-0.008819690471750907,35.70133817399936,32.41123950805337,35.82160801674109,2.3646932671143968
2009-06-10,53159.0,54048.0,52819.0,53411.0,1437800,0.004778298248584445,21.05960521326186,31.95842291033794,35.78829768203281,2.3010241336054373
2009-06-12,53411.0,53936.0,53143.0,53558.0,1421800,0.0027522420475183385,9.464078711180338,29.201172755220185,34.977524589466135,1.4806378132118452
2009-06-15,53558.0,53558.0,51252.0,52034.0,1662800,-0.028455132753276824,22.85169749359441,31.053095237486843,36.24936601851176,4.431717723027251
2009-06-16,52035.0,52494.0,51166.0,51206.0,1328600,-0.015912672483376245,21.7977011615884,31.473853728096675,31.44072349179471,2.5934460805374373
2009-06-17,51197.0,51197.0,50265.0,51046.0,1638000,-0.0031246338319728117,22.219879342442525,26.247707076912207,31.42933948463544,1.8258041766250048
2009-06-18,51050.0,51275.0,50510.0,50903.0,1165000,-0.0028013948203581274,20.017828700008224,26.253639248585834,31.074292667826754,1.5028583776987605
2009-06-19,50908.0,51665.0,50908.0,51374.0,1225000,0.00925289275681207,22.856853932364224,26.449705992121576,30.038584616468246,1.4735080001557208
2009-06-22,51367.0,51367.0,49411.0,49495.0,1602000,-0.03657492116634875,27.619017333978462,28.346369593826164,30.923901965246188,3.951914334781291
2009-06-23,49496.0,49902.0,49130.0,49814.0,1395200,0.006445095464188366,29.042232502638644,28.22661554766585,30.92247943901131,1.5497651262697234
2009-06-24,49819.0,50758.0,49520.0,49672.0,1370200,-0.0028506042478018134,29.05617216476788,28.165102337148802,30.71644779305475,2.4923498147849896
2009-06-25,49668.0,51515.0,49327.0,51515.0,1591600,0.03710339829280085,42.10401257438097,30.294025794957076,30.96821148857099,4.247306609725323
2009-06-26,51517.0,51935.0,51341.0,51486.0,1220400,-0.0005629428321848318,41.7127756703276,30.293013576487926,30.701651645617368,1.1537116886143806
2009-06-29,51488.0,52275.0,51488.0,52138.0,1052800,0.012663636716777393,25.467008976147387,29.385304161474707,30.70195735911193,1.5094556753231807
2009-06-30,52143.0,52435.0,51102.0,51465.0,1321200,-0.012908051708926283,30.621459342649093,29.65234281464687,27.421652514476786,2.5901097833479065
2009-07-01,51464.0,52383.0,51464.0,51544.0,1371200,0.00153502380258419,29.910738460801156,28.1879293864368,27.414825139983257,1.7829427285426043
2009-07-02,51538.0,51538.0,50608.0,51025.0,1006400,-0.01006906720471834,16.141971595117894,28.223756186422328,27.57232190802032,1.8226359627633513
2009-07-03,51026.0,51167.0,50915.0,50935.0,487800,-0.0017638412542870796,16.103258871723412,25.566052538838697,26.736927962849272,0.49474820850103074
2009-07-06,50932.0,50932.0,49691.0,50622.0,1377800,-0.006145086875429473,9.35576100608011,23.584450843989945,26.670595839714125,2.451503298960926
2009-07-07,50619.0,50621.0,49400.0,49457.0,1637400,-0.02301370945438741,15.120011022611223,24.63146789701017,27.455999698489858,2.468811290616091
2009-07-08,49460.0,49846.0,48456.0,49178.0,1545600,-0.0056412641284347975,13.012915867779629,24.425224096955468,26.75650721146144,2.8264671194436537
2009-07-10,49175.0,49326.0,48714.0,49221.0,1038800,0.0008743747204034147,14.814071184011143,24.415314770690653,26.765682944756165,1.243371731577985
2009-07-13,49221.0,49644.0,48262.0,49187.0,1331400,-0.0006907620730989272,15.07657865392669,24.25340021236293,25.63995830165659,2.809685486002399
2009-07-14,49186.0,49647.0,48573.0,48873.0,1431200,-0.006383800597718925,15.069766976099588,24.14847400731331,25.61369957635826,2.1975323798416304
2009-07-15,48876.0,51488.0,48876.0,51297.0,1885000,0.04959793751150943,37.63851691380136,28.94668592780753,28.790882883837643,5.091915706571534
2009-07-16,51292.0,52338.0,50703.0,51918.0,1547400,0.012105971109421576,35.78259798053034,28.695816448507294,28.986493483940507,3.1491968103547903
2009-07-17,51918.0,52352.0,51736.0,52072.0,1232200,0.0029662159559304957,35.43509383878738,28.668094698330332,27.116894557018995,1.1829774158856967
2009-07-20,52073.0,53262.0,52073.0,53155.0,1498200,0.02079812567214634,34.026233551234256,29.419027193244435,26.68742424503685,2.236854482174772
2009-07-21,53155.0,53716.0,52520.0,53234.0,1396200,0.0014862195466089911,31.126417657342166,29.308087154619816,26.682334521184032,2.24668444978773
2009-07-22,53232.0,53664.0,52543.0,53073.0,1360000,-0.0030243829131757494,15.13356577963918,25.867333830922046,26.647425873061444,2.112185103536638
2009-07-23,53074.0,54629.0,53065.0,54249.0,2061200,0.0221581595161382,18.60954064959912,26.65695019479427,27.282897449951488,2.883002451658095
2009-07-24,54249.0,54600.0,54037.0,54457.0,1131800,0.0038341720584711414,18.44534239204158,26.53441724685373,27.272364312109186,1.033843215748205
2009-07-27,54458.0,54886.0,53943.0,54549.0,1108600,0.001689406320583231,15.537515577459827,23.744234428509284,27.267452945089577,1.728720966470513
2009-07-28,54547.0,54547.0,53779.0,54472.0,1304800,-0.00141157491429722,16.103144514808914,23.76134394080562,25.83931563559779,1.4098986635335586
2009-07-29,54470.0,54470.0,53256.0,53735.0,1231600,-0.013529886914378064,20.408568523864197,24.120141849614864,25.7074391458606,2.2592351353866196
2009-07-30,53735.0,55083.0,53735.0,54478.0,1248200,0.013827114543593533,15.672935172271899,23.8783037349178,25.8978248130248,2.474393333088586
2009-07-31,54474.0,54980.0,54206.0,54766.0,1225200,0.005286537684937143,15.877868767867689,23.888247930295606,25.86548037282886,1.4132856151626922
2009-08-03,54766.0,56200.0,54766.0,55998.0,1256400,0.022495709016543186,21.99648524987569,24.303793036158897,26.44122884968577,2.5608057430622524
2009-08-04,55998.0,56656.0,55727.0,56038.0,1512800,0.0007143112254008877,21.63458928836398,24.2377673889641,23.651756613608104,1.657803633248867
2009-08-05,56041.0,56586.0,55407.0,56384.0,1241000,0.006174381669581397,13.59599655565425,23.918976746154836,23.649706281737597,2.0910187287173665
2009-08-06,56385.0,56780.0,55361.0,55755.0,1333400,-0.011155646992054513,19.222126497091082,22.461602152791666,23.98629310710911,2.5450632230293246
2009-08-07,55758.0,56644.0,55758.0,56330.0,1259200,0.010312976414671438,19.644823914334456,22.11329404900621,21.939659242229478,1.5728741345641752
2009-08-10,56329.0,56830.0,56151.0,56830.0,1191200,0.008876264867743622,13.8320700153323,22.026833012751823,21.97422642360854,1.1947914833714588
2009-08-11,56816.0,56816.0,55568.0,55761.0,1406600,-0.018810487418616906,20.95968365870532,23.653919645479032,22.70120473847252,2.23812341959434
2009-08-12,55761.0,56696.0,55714.0,56588.0,1659800,0.014831154391061752,23.54709409474685,23.383751210496023,22.504953281723807,1.7353502509365941
2009-08-13,56588.0,57367.0,56533.0,57048.0,1511400,0.00812893192903097,21.239865806297146,17.581546671224316,22.542042326002505,1.461926798485486
2009-08-14,57048.0,57190.0,55979.0,56638.0,1496800,-0.0071869303043051724,21.93180505039481,17.884807384451932,22.406534568154424,2.1381404710618312
2009-08-17,56636.0,56636.0,54881.0,55218.0,1402000,-0.025071506762244455,27.057633848004503,20.567086535173438,23.860678976193807,3.1783114201890688
2009-08-18,55219.0,55891.0,55216.0,55749.0,1129400,0.009616429425187478,25.826348199015474,19.68531373344157,23.78420662070731,1.2107840499381155
2009-08-19,55748.0,56212.0,54918.0,56156.0,1279200,0.007300579382589767,23.568193121714604,19.756273529218106,22.4521540580357,2.3042951777192107
2009-08-20,56173.0,56897.0,56143.0,56831.0,1070200,0.012020086900776494,24.698546044245244,19.901387000796003,22.353238653928255,1.3267406873009449
2009-08-21,56836.0,57782.0,56836.0,57729.0,1240400,0.01580123524132948,26.218893830469263,19.255279028821494,22.535936153843117,1.6386911257773389
2009-08-24,57731.0,58634.0,57698.0,57775.0,1428000,0.000796826551646479,8.905320088961616,19.268145537305685,22.50495766816041,1.6200778883600175
2009-08-25,57778.0,58311.0,57401.0,57421.0,1251200,-0.0061272176546949275,13.932783749706537,19.51819138051665,22.49332892572866,1.5847860538827259
2009-08-26,57425.0,57791.0,57106.0,57766.0,1237600,0.006008254819665382,13.884470671668915,19.499172975364342,18.20332980121982,1.185818647647405
2009-08-27,57769.0,57878.0,56845.0,57704.0,1345200,-0.001073295710279365,13.225477770252358,18.6373725074872,18.09570590174699,1.7901705254401774
2009-08-28,57704.0,58136.0,57344.0,57701.0,1176200,-5.1989463468737895e-05,6.891780248342013,18.281834299816477,18.12588038026716,1.3725931959584756
2009-08-31,57698.0,57698.0,56170.0,56489.0,1504200,-0.021004835271485778,16.208240862853753,20.01816107057329,18.697464872075614,2.704951406468516
2009-09-01,56489.0,57002.0,55764.0,55815.0,1443600,-0.011931526491883337,17.08667275234218,19.00672735274723,19.134852301242034,2.2180417450506136
2009-09-02,55813.0,55948.0,55386.0,55386.0,1644400,-0.00768610588551466,13.637771745707825,19.18402776781144,19.280947058011584,1.0146968548008521
2009-09-03,55389.0,55888.0,55339.0,55707.0,1272200,0.005795688441122326,16.51497579423601,19.16790039411701,18.316195512332325,0.9855134902256448
2009-09-04,55707.0,56729.0,55656.0,56652.0,1198000,0.016963756798966,23.814171801201695,19.66781971277326,18.882451886097023,1.894019628609758
2009-09-08,56655.0,57855.0,56655.0,57855.0,1375000,0.02123490785850457,23.20711085176959,20.66948840864168,19.739953096031478,2.0741508944775733
2009-09-09,57844.0,58089.0,57534.0,57910.0,1357800,0.0009506524933022842,18.692447087787556,20.487590280848174,19.715938654177183,0.9583836988430322
2009-09-10,57908.0,58538.0,57615.0,58536.0,1401400,0.010809877395959289,13.00150674733675,19.42496607262881,19.29494084680319,1.5768074347410141
2009-09-11,58537.0,58834.0,58145.0,58366.0,1119800,-0.002904195708623769,16.306127952396576,18.959357356288752,19.081869064844177,1.1804817873419458
2009-09-14,58363.0,58868.0,57753.0,58868.0,990600,0.008600897782955919,14.884667772172595,18.980709621836205,19.149938494270593,1.8940680845280968
2009-09-15,58868.0,59401.0,58691.0,59264.0,1128800,0.006726914452673816,8.995531027445226,18.783304297878235,18.2416176611297,1.1980291576673865
2009-09-16,59265.0,60526.0,59265.0,60411.0,1810800,0.019354076673866016,12.708400523085489,16.853201262649968,18.91880968330178,2.087368194534108
2009-09-17,60409.0,61027.0,60116.0,60236.0,1594200,-0.002896823426197237,14.717392186555886,16.917179444587955,18.95155961813367,1.5123846204927287
2009-09-18,60236.0,60710.0,60158.0,60703.0,1290400,0.007752838833919862,12.541263722513657,16.929870055207235,18.57582282039683,0.9093455018697593
2009-09-21,60703.0,61066.0,60014.0,60928.0,1358600,0.0037065713391430943,12.848375258863411,16.662150932185853,18.44509168810967,1.7266281512605044
2009-09-22,60938.0,62017.0,60938.0,61493.0,1587200,0.009273240546218586,12.949946615458948,16.195536565485067,18.457026684324948,1.7546712633958337
2009-09-23,61489.0,61630.0,60478.0,60496.0,1521000,-0.01621322752183174,16.46998241958189,17.513579533101385,18.207691539016892,1.9042581327691086
2009-09-24,60496.0,60978.0,59600.0,60046.0,1312000,-0.0074385083311293565,17.323120126526202,17.598313073375703,18.070783728443484,2.2949072377843653
2009-09-25,60045.0,60472.0,59755.0,60356.0,989800,0.005162708590080944,16.621206409751924,17.577619346546722,18.004287052219343,1.1879514878388229
2009-09-28,60357.0,61317.0,60357.0,61317.0,955800,0.01592219497647296,20.627208307676607,18.161308271329236,18.230343089499996,1.5656343265326091
2009-09-29,61316.0,61599.0,60750.0,61235.0,1175400,-0.0013373126539132363,19.395341271225508,18.193582531179644,16.280535033670496,1.386461990691598
2009-09-30,61241.0,61926.0,60978.0,61518.0,1544800,0.004621539968971966,13.777918308745402,15.98298846574674,16.181651224170196,1.5410123866185506
2009-10-01,61519.0,61519.0,60306.0,60459.0,1401200,-0.017214473812542708,19.269997926823343,16.738315898327944,17.188535337254855,2.006318331431218
2009-10-02,60453.0,61333.0,59678.0,61172.0,1736000,0.01179311599596411,20.60743206483506,16.40114786913489,17.17775783015964,2.7054861701432027
2009-10-05,61178.0,62460.0,61178.0,62369.0,1335400,0.01956777610671545,22.177419143168777,17.18243594555035,17.463258422267018,2.0555083454921514
2009-10-06,62378.0,63291.0,62002.0,62671.0,1665600,0.004842149144607122,21.760690049489796,16.664204420899086,17.46553936594008,2.0567726699749485
2009-10-07,62666.0,63015.0,62104.0,62638.0,1413600,-0.0005265593336630792,22.08023754943393,15.645812980227669,17.29208702459008,1.4543887097289185
2009-10-08,62640.0,63816.0,62640.0,63760.0,1766000,0.017912449311919376,13.567835404481798,16.339621702777908,17.810832695486134,1.8444165621079047
2009-10-09,63772.0,64177.0,63493.0,64071.0,1153000,0.004877666248431556,14.100330634178423,16.186045650321475,17.765654356037114,1.0675656693355808
2009-10-13,64075.0,64646.0,63967.0,64646.0,1190600,0.0089744190039176,10.89910297423505,16.03659083287459,17.798971180182512,1.050335674287659
2009-10-14,64653.0,66393.0,64653.0,66201.0,2096400,0.02405407913869384,15.727411752415088,17.32444035437696,17.10739772697993,2.6283590882312953
2009-10-15,66199.0,66703.0,65837.0,66703.0,1328400,0.007582967024667209,12.732693516836898,17.33360233176679,16.30991731147275,1.2982924306253092
2009-10-16,66703.0,66703.0,65499.0,66200.0,1484600,-0.0075408902148329515,17.912241363434823,17.167889226327866,16.299372678951997,1.8187311178247734
2009-10-19,66200.0,67530.0,66194.0,67239.0,1402200,0.01569486404833831,18.516449561312378,17.37590164251671,16.53862428554713,1.9869421020538676
2009-10-20,67231.0,67231.0,64076.0,65303.0,2649200,-0.028792813694433317,33.1481610553202,20.96845722310588,19.10341332853787,4.8313247477145005
2009-10-21,65302.0,67157.0,65221.0,65486.0,1792600,0.0028023214859960177,27.225443208027432,20.970042357697835,18.463222853097857,2.9563570839568762
2009-10-22,65490.0,66502.0,65454.0,66135.0,1273200,0.009910515224628158,27.788629993181868,20.993203542988823,18.508596183419062,1.5846374839343769
2009-10-23,66144.0,66982.0,64988.0,65059.0,1393800,-0.01626975126634911,29.599190597381952,20.999918016156656,19.351544615290813,3.0649103121781764
2009-10-26,65056.0,65901.0,64501.0,65086.0,1380400,0.0004150079158917741,25.04966662792031,20.655413625807057,19.278375570684886,2.1510002151000216
2009-10-27,65090.0,65498.0,63161.0,63161.0,1499200,-0.029576252957625337,25.493385920430384,23.677787883086907,21.485775743956655,3.700068079986067
2009-10-28,63161.0,63173.0,60146.0,60162.0,2238800,-0.04748183214325297,36.498404534754336,28.72188363553379,25.84712560175492,5.031415179016655
2009-10-29,60167.0,63907.0,60167.0,63721.0,1747800,0.05915694292078055,64.80323371287164,35.42734900095283,30.50685424028575,5.869336639412438
2009-10-30,63721.0,64226.0,60913.0,61546.0,1996200,-0.03413317430674345,67.63526955599993,37.563674151017096,32.23324435735987,5.382965586715628
2009-11-03,61539.0,63237.0,60724.0,62643.0,1902600,0.01782406655184743,70.44743572658561,37.467472637898744,32.54946441700989,4.011621410213432
2009-11-04,62650.0,64142.0,62650.0,63913.0,1891200,0.02027361397123384,69.19054590652351,37.86110668051922,33.00892617991998,2.334423356750583
2009-11-05,63907.0,64830.0,63700.0,64816.0,1575600,0.01412858103985104,52.64642157012162,37.595581765916336,33.13414714865039,1.7433966921747714
2009-11-06,64820.0,65094.0,63587.0,64466.0,1659000,-0.005399901258948403,36.289335928601325,37.66884294335203,32.76475258121648,2.337666366766978
2009-11-09,64475.0,66236.0,64475.0,66214.0,1599800,0.027115068408153142,19.430106893324385,38.67455175594867,33.394282630322216,2.6595584015465006
2009-11-10,66214.0,66709.0,65706.0,66303.0,1652000,0.0013441266197480317,21.245528142712423,38.2897725433004,33.39588808380982,1.5127520625009427
2009-11-11,66303.0,67170.0,66028.0,66431.0,1807800,0.001930531046860695,20.444960452301515,38.276839517440045,33.18375786974471,1.7190769369721965
2009-11-12,66427.0,66614.0,64319.0,64448.0,1914400,-0.029850521593834167,32.30226232930278,39.72115896666166,34.50184194988727,3.5610104270109235
2009-11-13,64452.0,65788.0,64229.0,65326.0,1859000,0.013623386295928519,33.461857201857704,39.08962001402378,34.66103893906137,2.3864923613875026
2009-11-16,65326.0,66896.0,65326.0,66627.0,1757800,0.01991550071946846,30.42272244653052,39.634424541524496,34.520855921300026,2.356402059225239
2009-11-17,66632.0,67409.0,66232.0,67406.0,1733800,0.011691956714245055,31.28701130203897,39.71842183733356,34.51874948110339,1.7461353588701303
2009-11-18,67430.0,68060.0,66494.0,66516.0,1592000,-0.013203572382280537,33.51895842265707,39.64726361070493,34.49734173708126,2.354320764928739
2009-11-19,66514.0,66564.0,65547.0,66327.0,1467000,-0.002841421612845063,21.45953572507035,38.286417444696,34.52148904196553,1.533312225790402
2009-11-23,66335.0,67365.0,66335.0,66809.0,1582600,0.007267025494896551,20.457639835817673,38.34383250026894,34.5434532229759,1.5417084524540108
2009-11-24,66812.0,67317.0,65969.0,67317.0,1348000,0.007603765959676156,16.024844677271403,38.286320079254,34.268782485699184,2.00246594470936
2009-11-25,67319.0,67997.0,67241.0,67917.0,1385400,0.00891305316636215,15.070324056471266,37.83626101366935,34.317777929730234,1.1131233711736384
2009-11-26,67911.0,67911.0,66236.0,66392.0,825600,-0.02245387752698147,21.027923838026787,38.798430874425854,34.978847077331324,2.5228943246174236
2009-11-27,66371.0,67086.0,65737.0,67082.0,1172000,0.010392818411856908,22.093129014803747,37.23877452210981,34.420255690787315,2.010971646641424
2009-11-30,67082.0,67545.0,66876.0,67044.0,2224800,-0.0005664708863778456,21.689810114075247,32.44128430007297,34.35897324424132,0.9978521567925542
2009-12-01,67051.0,68616.0,67051.0,68546.0,2326400,0.02240319789988665,26.610527947057417,26.764693889938872,34.850410786627755,2.283138330464214
2009-12-02,68412.0,69139.0,68412.0,68615.0,1362000,0.0010066232894698768,26.231071404276367,23.026730011313802,34.5856770820931,1.0595350870800844
2009-12-03,68622.0,69336.0,68308.0,68315.0,1223400,-0.004372221817386834,17.092558316035845,22.78705336065808,33.469726021487936,1.5047939691136647
2009-12-04,68316.0,69361.0,67328.0,67604.0,1410600,-0.010407670350581877,19.726423685357048,22.543296084941172,33.65105826527076,3.0072185077806046
2009-12-07,67611.0,68866.0,67611.0,68512.0,1186200,0.013431157919649772,21.200198487657346,22.500286090872088,33.744872596166786,1.8317958897711348
2009-12-08,68511.0,68511.0,67470.0,67729.0,1550000,-0.011428654834189644,16.105961213655572,22.868998118853664,33.55327122920462,1.5370077810096119
2009-12-09,67736.0,68272.0,67484.0,68012.0,1141400,0.004178416926279738,16.670440118275174,21.06120712695537,33.55986533427847,1.158619067223431
2009-12-10,68021.0,68912.0,68021.0,68728.0,1473200,0.010527553961065639,18.43901634437664,21.299203312097507,32.30316908405272,1.296414852752881
2009-12-11,68750.0,69502.0,68750.0,69267.0,1489600,0.007842509603072978,15.477716661024724,21.402044411556165,28.548725860097267,1.0856540632624483
2009-12-14,69273.0,69785.0,69193.0,69349.0,1294000,0.001183824909408493,13.552338629982966,17.997454083292464,23.45894517422957,0.8536532610419761
2009-12-15,69345.0,69515.0,68822.0,69311.0,1284200,-0.0005479531067499321,7.274283128132356,17.665231616500986,20.705806059627278,0.9998412950325344
2009-12-16,69310.0,69622.0,68466.0,68622.0,1710000,-0.009940702053065187,12.709967861852434,17.055098483194623,20.66456181841695,1.684590947509545
2009-12-17,68619.0,68619.0,66792.0,67068.0,1339400,-0.022645798723441413,18.759748350887655,18.542811103732273,21.303702259026934,2.7241009125067097
2009-12-18,67068.0,67281.0,66322.0,66794.0,1075200,-0.004085405856742441,15.274271945681264,17.996504538148017,21.032251024638697,1.4357577027876756
2009-12-21,66806.0,67671.0,65925.0,65925.0,1406000,-0.013010150612330462,13.593199861559688,18.55343546520091,21.349493483756742,2.648464163822526
2009-12-22,65940.0,67421.0,65940.0,67418.0,1272600,0.022646947288585517,27.083477174180736,20.041187372797893,20.906213279562692,2.196742709662108
2009-12-23,67418.0,67810.0,66943.0,67589.0,904400,0.0025364146073749705,27.215839659023196,19.89144638285156,20.912335032262668,1.2827531107132817
2009-12-28,67591.0,68277.0,67591.0,67902.0,556400,0.004630931068664967,20.915295944119627,19.711416558357236,20.940492333057286,1.0102795204854056
2009-12-29,67902.0,68309.0,67902.0,68296.0,669200,0.005802480044770464,20.103108186173195,18.00048161308846,18.848620808490512,0.595935340283472
2009-12-30,68277.0,68588.0,67749.0,68588.0,1182200,0.004275506618250047,13.148872206595119,17.738601462616753,18.54002210509136,1.2232460488715227
2010-01-04,68587.0,70081.0,68587.0,70045.0,1655400,0.021242782994109755,12.162827845416041,19.03896114726737,18.657013976078556,2.1329145549289743
2010-01-05,70046.0,70595.0,69928.0,70240.0,1984200,0.0027839246198873013,12.097754703852454,17.566080603393118,18.421077821823776,0.9496013667425968
2010-01-06,70237.0,70937.0,70016.0,70729.0,2243600,0.006961845102505748,11.829702888026357,17.677685062655755,17.949325241824365,1.3021532893155565
2010-01-07,70723.0,70723.0,70045.0,70451.0,1555000,-0.0039304952706810115,14.739453954914023,17.65983398754703,17.978188798067865,0.9623710096379045
2010-01-08,70455.0,70766.0,70158.0,70263.0,1634400,-0.0026685213836566968,16.092736026410652,17.19834601315714,17.95944376172541,0.8653202965999175
2010-01-11,70267.0,71068.0,70158.0,70433.0,1569000,0.002419481092466924,7.029943817905463,16.68294533432405,17.87510108701339,1.2920080076100693
2010-01-12,70429.0,70429.0,69284.0,70076.0,1628600,-0.0050686467990856965,7.998006849504178,16.206837029775297,17.83532776800591,1.6339402933957419
2010-01-13,70081.0,70626.0,69535.0,70385.0,1818800,0.004409498259033029,6.587249922814277,16.21153495591413,16.392977930013302,1.5500461746110676
2010-01-14,70377.0,70508.0,69661.0,69801.0,1830200,-0.008297222419549666,8.324879010777646,16.229188235623965,16.45634225873968,1.2134496640449277
2010-01-15,69780.0,69788.0,68695.0,68978.0,1648400,-0.011790662024899312,10.988798370576419,16.575214256066893,16.88742248139493,1.5845631940618747
2010-01-18,68983.0,69748.0,68983.0,69401.0,1139000,0.00613239003740329,12.496754902270347,16.713354100737536,15.713323500237605,1.102289592368986
2010-01-19,69396.0,70036.0,68867.0,69909.0,1323400,0.00731977925390126,14.143051848713867,16.896823681214464,15.838418954920167,1.6721738259737657
2010-01-20,69901.0,69901.0,67546.0,68200.0,1990600,-0.024446065599565192,21.051591992007992,18.67567261657852,17.386733726372555,3.4530791788856305
2010-01-21,68200.0,68458.0,65996.0,66270.0,2263800,-0.028299120234604125,26.405503081912364,19.610039639797588,19.0145976458179,3.7151048740003016
2010-01-22,66264.0,66660.0,65445.0,66220.0,1305000,-0.0007544892108042323,27.143138763841847,19.56713755876272,18.544005594425496,1.8347931138628815
2010-01-26,66213.0,66213.0,64719.0,65524.0,1990400,-0.010510419812745364,24.078929767939833,19.381441568304343,18.501283105650483,2.2800805811611013
2010-01-27,65527.0,65663.0,64553.0,65070.0,1813600,-0.006928758928026357,18.63196629886832,17.612030621937983,18.509280778202506,1.7058552328261871
2010-01-28,65071.0,66049.0,64541.0,65588.0,1649400,0.007960657753188771,21.391056057386063,17.87193686619567,18.379958070516466,2.2992010733670796
2010-01-29,65591.0,66576.0,65140.0,65402.0,1823200,-0.0028358846130389637,11.120684497124005,17.74278116070632,18.168021065926496,2.195651509128161
2010-02-01,65402.0,66763.0,65362.0,66572.0,1494400,0.017889361181615326,18.507663769232106,18.848471282556936,19.034782419803907,2.1044883734903563
2010-02-02,66589.0,67321.0,66539.0,67163.0,1587800,0.008877606200805133,15.747661006511365,19.081343792781574,19.261458459884295,1.1643315515983501
2010-02-03,67163.0,67347.0,66774.0,67109.0,1765000,-0.0008040141149144864,13.224821386522395,17.29846408560895,19.073103965412656,0.85383480606178
2010-02-04,67100.0,67100.0,63750.0,63934.0,2262400,-0.04731109091180019,39.91496365989326,23.243036771779664,22.56274281517217,5.2397785216004005
2010-02-05,63934.0,64001.0,61341.0,62763.0,3053000,-0.01831576313072858,40.92613975198686,23.340076522685795,23.075830245159864,4.238165798320667
2010-02-08,62760.0,63923.0,62728.0,63153.0,1875600,0.006213852110319884,36.929388945124344,23.69171059861248,22.948856219026954,1.8922299811568728
2010-02-09,63164.0,65526.0,63164.0,64718.0,1357400,0.024781087200924645,43.300074918115584,25.85416736907897,23.150055770038126,3.649680150808121
2010-02-10,64721.0,65170.0,64320.0,65051.0,891000,0.005145400043264692,44.04357086277886,25.953565458494598,23.199506086615713,1.3066670766014359
2010-02-11,65050.0,66145.0,64344.0,66129.0,1259000,0.016571613042074773,25.752143066332795,26.870853121162224,23.711451676277008,2.7234647431535333
2010-02-12,66129.0,66133.0,65123.0,65855.0,873200,-0.004143416655325249,17.73394821699119,26.752064553909033,23.646930417627736,1.5336724622276212
2010-02-17,65863.0,67542.0,65863.0,67285.0,0,0.02171437248500485,19.16331354921061,27.998041209424272,24.515848764403568,2.4953555770231106
2010-02-18,67285.0,67836.0,66550.0,67836.0,1286600,0.008189046592851357,15.993565852345789,27.936861079086867,23.78996007744459,1.8957485700807832
2010-02-19,67811.0,67935.0,67210.0,67597.0,1248000,-0.0035232030190459618,18.471050693022434,27.84176769651924,23.77398259202783,1.0725328047102682
2010-02-22,67598.0,68120.0,67035.0,67184.0,1401600,-0.006109738597866787,18.673101438658556,27.71811831538487,23.68725180146429,1.6149678494879731
2010-02-23,67179.0,67179.0,65660.0,66108.0,1644800,-0.016015718028101977,23.02075886232534,26.992494140192903,24.046646033004237,2.297755188479458
2010-02-24,66110.0,66514.0,65534.0,65795.0,1573000,-0.004734676589822739,13.68354579112117,25.202348775502404,24.059041111651094,1.4894748841097347
2010-02-25,65765.0,66325.0,64429.0,66121.0,1792200,0.004954783798160944,11.876473522301072,25.264650140035382,24.111365731537628,2.8674702439467037
2010-02-26,66118.0,66510.0,65607.0,66503.0,1731400,0.005777287094871575,14.246283915488123,25.035755590256958,24.195826011206126,1.357833481196337
2010-03-01,66511.0,67397.0,66511.0,67228.0,1363000,0.010901763830203137,16.940779087850977,25.101683473461655,24.408858379002364,1.3179032545962992
2010-03-02,67228.0,68250.0,67228.0,67779.0,1708600,0.008195989766168754,9.40534463563346,25.109239295228054,24.472631531921106,1.5078416618716712
2010-03-03,67780.0,68813.0,67482.0,67641.0,2113800,-0.002036028858495964,7.678899585763256,25.092610490588328,24.256493045743646,1.9677414585828124
2010-03-04,67643.0,68198.0,66924.0,67815.0,1398600,0.0025724043109947026,7.977410595635967,24.40079149745284,24.19328381792105,1.8786404187864043
2010-03-05,67823.0,68930.0,67823.0,68847.0,1950600,0.015217872152178735,10.808564559234345,24.755129046375373,24.525574150019764,1.607913198832193
2010-03-08,68851.0,69070.0,68318.0,68575.0,1428200,-0.003950789431638291,12.427157302515674,24.812717248874364,23.475834721831315,1.096609551585855
2010-03-09,68573.0,70144.0,68255.0,69576.0,2464200,0.014597156398104216,14.454380837830294,17.87713369572868,22.19348590743004,2.7150166724157754
2010-03-10,69578.0,70476.0,69578.0,69979.0,1909200,0.005792227204783229,12.948028202587968,15.911717732681439,22.211171187127228,1.2832421154917903
2010-03-11,69981.0,70183.0,69411.0,69885.0,1627200,-0.0013432601208933637,14.016513888294984,16.068224005343353,21.921744999870334,1.1046719610789153
2010-03-12,69901.0,70486.0,69341.0,69341.0,1569000,-0.0077842169278099504,14.06358440861894,14.90500865078638,21.954225473832853,1.6512597164736593
2010-03-15,69340.0,69384.0,68623.0,69024.0,1453000,-0.004571609870062443,14.220158172718442,15.134438721418558,21.96966800453147,1.102515067222995
2010-03-16,69023.0,69949.0,69022.0,69942.0,1302400,0.013299721835883238,13.467953015498734,14.79995722469189,22.17079930607655,1.3253838895084498
2010-03-17,69945.0,70424.0,69376.0,69723.0,1372000,-0.003131165823110571,12.981520599264043,14.744910318350598,21.721809573026995,1.5030908021743183
2010-03-18,69726.0,70128.0,68972.0,69697.0,1656200,-0.0003729042066462629,12.969788874675356,13.056340882951009,21.618975272856883,1.658607974518272
2010-03-19,69701.0,69998.0,68773.0,68829.0,1957400,-0.012453907628735772,14.899456095354536,13.707784893842229,21.979375510894368,1.7797730607738018
2010-03-22,68814.0,69121.0,67899.0,69042.0,1395200,0.003094625811794538,14.880272440459663,13.640733933955046,16.548369185694927,1.7699371397120591
2010-03-23,69049.0,69613.0,68913.0,69387.0,1606600,0.004996958373164162,10.860221325579115,13.448173894186697,15.319498527107095,1.0088345079049388
2010-03-24,69382.0,69677.0,68744.0,68913.0,1597400,-0.006831250810670597,11.493803584180414,12.258466292099305,15.575320708528592,1.353880980366549
2010-03-25,68916.0,69572.0,68377.0,68442.0,1478400,-0.006834704627573851,11.719793524521222,12.424494402951169,14.37551042603992,1.7460039157242628
2010-03-26,68442.0,68910.0,68024.0,68683.0,1771400,0.003521229654305902,9.374076912304972,12.390092714057543,14.35139524459596,1.2899844211813696
2010-03-29,68681.0,69943.0,68681.0,69939.0,1528000,0.01828691233638602,16.471122754588034,13.590536304895606,14.511985132034184,1.8044295743433563
2010-03-30,69942.0,70451.0,69750.0,69960.0,1490000,0.0003002616565863647,16.382779894328657,13.250439546943667,14.407709297809959,1.0020011435105776
2010-03-31,69960.0,70392.0,69573.0,70372.0,1676800,0.005889079473985204,14.608044900253386,13.13663094199305,13.21195314719606,1.163815153754334
2010-04-01,70375.0,71401.0,70373.0,71136.0,1552800,0.010856590689478862,11.155142909806099,13.415791021379997,13.35068020840177,1.445119208277103
2010-04-05,71148.0,71645.0,71148.0,71290.0,1316000,0.002164867296446271,11.516381506586864,13.416010850594967,13.261801256275147,0.697152475803058
2010-04-06,71290.0,71711.0,70823.0,71096.0,1697000,-0.0027212792818066545,8.337824920546659,12.678154107280065,13.121621707141243,1.2490154157758524
2010-04-07,71092.0,71257.0,70531.0,70793.0,1720400,-0.004261843141667554,9.86104351702348,12.695642344290256,12.130177348673172,1.025525122540364
2010-04-08,70793.0,71805.0,70462.0,71785.0,1701800,0.014012684869973091,12.898160555770103,12.62134132230287,12.39763853593622,1.8708643867103154
2010-04-09,71783.0,71989.0,71307.0,71417.0,1680000,-0.005126419168349883,12.539381358075369,12.721942066719366,12.597812957607099,0.9549547026618312
2010-04-12,71414.0,71607.0,70505.0,70614.0,1471600,-0.011243821499082873,15.00073896095204,13.396100052000126,13.17755906854598,1.5605970487438752
2010-04-13,70618.0,71053.0,70169.0,70792.0,1634200,0.002520746594159906,15.272083324395222,13.06188188749232,12.908629692557879,1.2487286699062041
2010-04-14,70794.0,71207.0,70628.0,71035.0,1758800,0.0034325912532489067,15.155997753450231,12.923801475773772,12.775237779138763,0.8150911522488914
2010-04-15,71036.0,71066.0,70429.0,70524.0,2264600,-0.007193636939536896,10.057560391450435,12.488701889674246,12.988346755943997,0.9032386138052293
2010-04-16,70522.0,70522.0,69013.0,69421.0,2043800,-0.015640065793205205,13.346073350791393,13.636398811684419,13.889784632402602,2.1736938390400597
2010-04-19,69418.0,69431.0,68378.0,69098.0,1722000,-0.004652770775413817,12.383388222695913,13.724670180467163,13.280159833264651,1.5239225447914557
2010-04-20,69101.0,69702.0,69101.0,69318.0,1750200,0.003183883759298345,12.620402915629747,13.042750066231084,13.249432405472014,0.8670186675899478
2010-04-22,69313.0,69528.0,68081.0,69386.0,1787200,0.0009809861796359343,11.781632533595914,13.007605443270872,12.550224668080684,2.085435102181996
2010-04-23,69388.0,69709.0,68832.0,69509.0,1366800,0.0017726918975009553,12.278063108619651,12.907496246104827,12.440917831936442,1.2617071170639773
2010-04-26,69509.0,69810.0,68813.0,68872.0,1179400,-0.009164280884489728,8.227871450055591,13.089711075187472,12.707296482104718,1.4476129631780694
2010-04-27,68868.0,68868.0,66499.0,66511.0,2062200,-0.03428098501568122,24.999783268047523,17.57941638496342,15.943576685508773,3.561816842326833
2010-04-28,66513.0,67253.0,65914.0,66656.0,1855600,0.002180090511344046,24.738275777197106,17.53913609667778,15.944702891866067,2.008821411425828
2010-04-29,66661.0,68012.0,66661.0,67978.0,1609400,0.019833173307729268,31.58111832317844,17.764189944703723,16.558542203513042,1.9874076907234695
2010-04-30,67975.0,67975.0,67243.0,67530.0,2120200,-0.006590367471829173,31.18502363846411,17.846488938907118,16.62931706433514,1.083962683251888
2010-05-03,67534.0,67969.0,66723.0,67119.0,1776000,-0.0060861839182585475,31.039886845849864,17.692973637071276,16.692577223498752,1.8564042968459007
2010-05-04,67116.0,67116.0,64588.0,64869.0,2820000,-0.03352254950163147,30.590392062372963,20.086249394474734,18.897862996416258,3.89708489417133
2010-05-05,64859.0,65612.0,63533.0,64914.0,2681200,0.0006937057762568255,30.39314657778538,20.032937519081717,18.855440986631685,3.2026989555411776
2010-05-06,64915.0,65533.0,60774.0,63414.0,3207600,-0.023107496071725686,22.409606758197288,21.040317317007933,19.692074685413388,7.504651969596619
2010-05-07,63416.0,63945.0,61663.0,62871.0,2903400,-0.008562777935471666,22.05506750811627,21.065136753167014,19.72831400322822,3.629654371649886
2010-05-10,62872.0,66083.0,62872.0,65453.0,2377400,0.0410682190517091,45.653476355904075,25.786857209688492,23.449050641793026,4.905810276075963
2010-05-11,65449.0,65733.0,64425.0,64425.0,2401600,-0.015705926389928626,39.96097569906707,26.090175914919232,23.759784933775315,2.030267753201397
2010-05-12,64438.0,65351.0,64438.0,65224.0,1981400,0.012402017850213332,41.14327367613869,26.630664447237983,23.380860299800588,1.3997914877959035
2010-05-13,65223.0,65427.0,64738.0,64788.0,1798200,-0.006684655954863228,36.404997427380295,26.553148147166823,23.403092744314264,1.063468543557449
2010-05-14,64787.0,64787.0,63050.0,63412.0,2220800,-0.021238500956967332,40.186918450619636,27.044650561612332,23.878799539618985,2.739229167980824
2010-05-17,63406.0,63593.0,61825.0,62866.0,2746000,-0.008610357661010482,20.28242393414277,27.061906219540145,23.536044560804477,2.8123309897241753
2010-05-18,62871.0,63529.0,60810.0,60841.0,2787000,-0.032211370216015056,26.638629118665047,28.432263357969845,24.826391887175152,4.4690258214033305
2010-05-19,60841.0,60850.0,59068.0,59689.0,3203000,-0.01893460002301084,16.429345768214475,28.768500143598708,25.131356940152184,2.9854747105831896
2010-05-20,59684.0,59684.0,57634.0,58192.0,3369200,-0.025079997989579272,13.746264070711653,29.196761333865282,25.74526409433285,3.522821006323893
2010-05-21,58192.0,60303.0,57997.0,60259.0,2558200,0.035520346439373185,42.55521410180222,32.78654656676576,27.891221032603887,3.826814251813007
2010-05-24,60255.0,60850.0,59815.0,59915.0,1792600,-0.005708690817969098,42.65876537470006,32.6511051177214,27.8907485893453,1.727447216890595
2010-05-25,59912.0,59912.0,57876.0,59184.0,2477800,-0.012200617541517134,37.99313171716741,32.69516656889433,27.908684220068007,3.440118951067856
2010-05-26,59182.0,60701.0,59179.0,60190.0,3638600,0.01699783725331172,38.41919602381012,32.122855250511776,28.58728221365512,2.528659245721881
2010-05-27,60191.0,62262.0,60189.0,62092.0,2388000,0.03159993354377799,34.17538797255173,34.433068103238874,30.435480015774708,3.338594343876828
2010-05-28,62080.0,62247.0,61305.0,61947.0,2081600,-0.0023352444759389135,28.767469197265527,33.409883333977355,30.427887126464498,1.5206547532568162
2010-05-31,61950.0,63047.0,61950.0,63047.0,1197600,0.017757114953105058,27.724358677242318,34.24497711319563,30.867078290702455,1.73997176709439
2010-06-01,63033.0,63033.0,61605.0,61841.0,2253800,-0.019128586609989395,31.461098352792156,34.68610145672234,31.21664702303213,2.309147652851668
2010-06-02,61836.0,63198.0,61814.0,62943.0,1878400,0.017819892951278282,31.598227017304552,33.66247406391152,31.77244304707379,2.1988148006926904
2010-06-04,62940.0,62940.0,61422.0,61676.0,1691000,-0.02012932335605233,29.721500317114884,34.28038162070539,32.12868366258568,2.4612491082430767
2010-06-07,61675.0,62119.0,61099.0,61183.0,1627000,-0.007993384785005553,30.125957943458264,33.51081690844521,32.108241618440445,1.667129758266185
2010-06-08,61187.0,62000.0,61187.0,61856.0,1605200,0.01099978752267794,27.559372270041415,33.67561585502403,32.3598374963979,1.314342990170719
2010-06-09,61799.0,62684.0,61479.0,61479.0,1736400,-0.006094800827728952,24.321526377355866,30.1030557534467,31.024137883858387,1.9600188682314286
2010-06-10,61484.0,63146.0,61484.0,63049.0,1717000,0.02553717529562949,28.378287338870827,31.245115831919705,32.04774725701939,2.6360449808878808
2010-06-11,63044.0,63766.0,62371.0,63605.0,1345800,0.008818537962537176,21.829916768127276,31.077916956058267,31.56124369111768,2.193223803160129
2010-06-14,63613.0,64296.0,63529.0,63533.0,1793600,-0.0011319864790504397,19.41916115005755,31.009713827121054,31.532248817554375,1.2072466277367668
2010-06-15,63534.0,64554.0,63534.0,64442.0,1267200,0.014307525223112405,19.916835147357837,30.49091064202065,31.84611607467844,1.5828186586387758
2010-06-16,64442.0,65097.0,63974.0,64751.0,2441000,0.004795009465876188,16.096883913372913,30.314815017299523,30.36456993427126,1.7343361492486602
2010-06-17,64745.0,65182.0,64115.0,64541.0,1888800,-0.0032431931553180693,11.402657045144068,27.802909184020823,30.379487887517364,1.6532126865093506
2010-06-18,64542.0,64941.0,64239.0,64438.0,1871800,-0.001595884786414814,11.435069131561937,26.70972721291427,29.58808600307783,1.0894192867562618
2010-06-21,64442.0,65517.0,64442.0,64829.0,1623000,0.0060678481641267545,11.08118351113096,24.561218328064182,29.49373068079452,1.6582085177929629
2010-06-22,64834.0,65831.0,64690.0,64811.0,1931800,-0.00027765351925834736,6.465308474159856,22.003117613842356,26.961415903449033,1.7605036182129576
2010-06-23,64812.0,65161.0,64247.0,65160.0,1762200,0.005384888367715446,6.684706707468621,21.748112906901564,26.59714526563011,1.4027010435850216
2010-06-24,65154.0,65154.0,63736.0,63937.0,1786400,-0.018769183548189128,15.95034238379264,22.475065448740224,26.91881884736407,2.217808154902482
2010-06-25,63937.0,64869.0,63806.0,64824.0,1257200,0.013873031265151603,19.486744822950204,22.268635620434736,27.168310324062837,1.6398247562631123
2010-06-28,64825.0,65105.0,64225.0,64225.0,943200,-0.009240404788349976,20.125231118766887,20.203949352693552,26.562938367734723,1.370182950564422
2010-06-29,64216.0,64216.0,61670.0,61978.0,2196000,-0.03498637602179833,30.746677616922536,23.85842031943046,28.391260878590835,4.1079092581238505
2010-06-30,61972.0,62645.0,60936.0,60936.0,1958400,-0.01681241730936789,28.256380137725007,23.64504456799783,27.21455774088108,2.8045818563739005
2010-07-01,60935.0,61381.0,60056.0,61236.0,2130000,0.004923198109491933,30.243897228126215,22.841747651374416,26.6295259872057,2.1637598798092625
2010-07-02,61236.0,61812.0,60764.0,61430.0,1143800,0.0031680710693056113,25.910811169425173,21.91685794519683,25.459339760733247,1.7060068370503012
2010-07-05,61436.0,61667.0,60796.0,60865.0,760000,-0.009197460524173806,25.91223781954791,21.027955407131977,23.560662338252477,1.4310358991210055
2010-07-06,60870.0,62451.0,60870.0,62065.0,1786600,0.019715764396615487,22.303409867784648,21.96151641849341,24.129512991370643,2.547329412712479
2010-07-07,62067.0,63313.0,62004.0,63284.0,1732200,0.0196406992668976,19.453877469867965,22.66133484284386,24.346603740603744,2.068453321534669
2010-07-08,63282.0,63596.0,62895.0,63476.0,1658000,0.0030339422286833617,19.66579387422102,22.51198987938265,23.94965803237003,1.1043544016636209
2010-07-12,63477.0,63972.0,62750.0,62960.0,1229000,-0.008129056651332789,22.571802715394455,20.973441083803444,22.382820153562037,1.9409148665819567
2010-07-13,62964.0,63777.0,62964.0,63686.0,1583800,0.011531130876747175,18.838759669572813,21.137291723407778,22.586864874012484,1.2765756995257984
2010-07-14,63686.0,63688.0,63015.0,63479.0,1450400,-0.003250321891781538,17.75473678125224,21.166142348581314,22.04848564834985,1.0601931347374722
2010-07-15,63482.0,63612.0,62960.0,63489.0,1564800,0.00015753241229377046,11.681721322839921,20.522523690669566,21.264716039624663,1.0269495503158028
2010-07-16,63487.0,63492.0,62298.0,62339.0,1326400,-0.01811337397029411,17.28673315995444,21.27995359086676,21.33975593770155,1.9153339001267267
2010-07-19,62351.0,63300.0,62351.0,63297.0,1276400,0.015367586903864305,21.019976454073543,22.073874556543924,20.940134650516455,1.4992811665639763
2010-07-20,63290.0,64481.0,62902.0,64463.0,2429400,0.01842109420667648,23.579378809219797,23.054131450775866,21.355192189342155,2.44946713618665
2010-07-21,64468.0,65136.0,64209.0,64477.0,1821800,0.0002171788467804081,23.17005450954228,22.952788307713174,21.180813227222178,1.4377219783798876
2010-07-22,64504.0,66213.0,64504.0,65748.0,2320600,0.019712455604323997,25.58061877069418,23.96217977423302,21.694245687746065,2.599318610452029
2010-07-23,65748.0,66323.0,65427.0,66323.0,1540000,0.008745513171503294,12.804971117527758,24.071358179915997,20.654357274764745,1.3509642205569712
2010-07-26,66322.0,66619.0,66151.0,66443.0,1234400,0.0018093270811030404,14.405001031066325,22.977671443449,20.54615505434613,0.7043631383290941
2010-07-27,66449.0,67102.0,66293.0,66674.0,1601800,0.003476664208419189,12.544908071195051,22.575678984667718,20.5375388759674,1.213366529681735
2010-07-28,66670.0,67051.0,66427.0,66808.0,1939400,0.002009778924318306,12.00597242299621,22.239075629385017,20.187362160372242,0.934019877858939
2010-07-29,66796.0,67428.0,66596.0,66954.0,2160200,0.002185367021913631,4.64297078984856,17.72491943240391,20.162043441939183,1.2426442034829883
2010-07-30,66951.0,67608.0,66218.0,67515.0,2088400,0.0083788869970427,4.389635339632158,16.119304678240457,20.221061076398964,2.058801747759757
2010-08-02,67524.0,68754.0,67524.0,68517.0,1766600,0.014841146411908479,8.713153132277139,16.47987437398321,20.555027914300396,1.7951749200928235
2010-08-03,68517.0,68561.0,67942.0,67997.0,1900000,-0.0075893573857582775,13.240379658059858,17.075273415794808,20.70818676794358,0.9103342794535053
2010-08-04,67996.0,68534.0,67577.0,68272.0,1875200,0.004044296071885611,13.129403120627076,16.29582376033826,20.710671854788945,1.4017459573470823
2010-08-05,68271.0,68471.0,68002.0,68412.0,1611600,0.002050621045230905,13.143882039919724,15.48765101186101,20.683303804371878,0.6855522422966731
2010-08-06,68416.0,68509.0,67686.0,68095.0,1513200,-0.0046336899959071864,13.855160578713853,14.803247194420832,19.856485077278926,1.2086056244951906
2010-08-09,68096.0,68513.0,67749.0,67862.0,1254800,-0.00342169028563033,7.658481713277497,14.998491203251563,19.602405746737787,1.1258141522501546
2010-08-10,67836.0,67836.0,66946.0,67223.0,1625400,-0.009416168105861877,8.56779039313475,15.12737844869767,19.610917854280395,1.3239516237002216
2010-08-11,67217.0,67217.0,65690.0,65790.0,1732800,-0.021317108727667566,13.986936489174148,17.002613176804147,17.70246853846899,2.3210214318285454
2010-08-12,65788.0,66027.0,65257.0,65966.0,1546600,0.0026751785985712484,14.255765644575346,16.913137755764513,16.774646033818556,1.1672679865385198
2010-08-13,65964.0,66590.0,65921.0,66264.0,1841200,0.004517478701149047,16.5917519626613,16.92443485379382,16.770387701397162,1.0095979717493662
2010-08-16,66260.0,66868.0,66187.0,66702.0,1394800,0.006609923940601226,18.732742325557886,15.293523289436294,16.808579093942505,1.0209588917873527
2010-08-17,66702.0,67666.0,66702.0,67584.0,1747000,0.013222991814338503,20.909875803492113,15.096560756879422,16.6731911201702,1.426373106060606
2010-08-18,67584.0,67745.0,67006.0,67638.0,2367000,0.0007990056818181213,7.608998508340773,14.051255966675194,15.965803925385835,1.0925810934681688
2010-08-19,67641.0,67713.0,66824.0,66887.0,1920000,-0.011103225997220467,14.273982339375163,14.793297754996487,15.65115347693657,1.3291073003722695
2010-08-20,66892.0,66892.0,66337.0,66677.0,1414600,-0.0031396235441865095,14.724661442873904,13.352876642125755,15.714244758758555,0.8323709824977129
2010-08-23,66678.0,67175.0,65982.0,65982.0,1379600,-0.010423384375421785,15.76722606353228,13.547655987195546,15.852266583670296,1.8080688672668304
2010-08-24,65946.0,65946.0,65013.0,65156.0,1604200,-0.012518565669424997,9.200147087430539,14.173222215121104,16.075476932183648,1.4319479403278286
2010-08-25,65156.0,65156.0,64164.0,64803.0,1753000,-0.005417766590950945,6.3921637436357,14.162610929503455,16.135217391194605,1.5307933274694072
2010-08-26,64802.0,65271.0,63804.0,63867.0,1773400,-0.014443775751122656,7.573302327980365,14.80791223772258,16.725058156975113,2.296960871811734
2010-08-27,63875.0,65589.0,63848.0,65585.0,1764000,0.026899650836895495,27.223057661030616,17.867816526770696,17.50022973950876,2.654570404818175
2010-08-30,65585.0,65585.0,64255.0,64261.0,1286400,-0.020187542883281284,29.635289164612246,18.714196810399155,18.119440318220523,2.069684567622664
2010-08-31,64262.0,65182.0,64202.0,65145.0,3284800,0.013756399682544718,31.33223129719804,18.592505482335795,17.767036724679894,1.504336480159644
2010-09-01,65154.0,67073.0,65154.0,67073.0,2509000,0.029595517691304085,36.81314738498143,21.502819232858062,19.676777828718414,2.8610618281573807
2010-09-02,67073.0,67168.0,66405.0,66808.0,1601200,-0.0039509191477942185,33.54921805232952,21.46524085875025,18.94367091402134,1.1420787929589271
2010-09-03,66812.0,67673.0,66541.0,66679.0,2019200,-0.0019309064782661034,30.03881986069742,21.439523091624537,18.796993933467242,1.697685928103301
2010-09-06,66679.0,66949.0,66380.0,66747.0,651400,0.0010198113349031424,22.298130298149992,21.412697586014826,18.792680128723408,0.8524727703117744
2010-09-08,66739.0,66739.0,66101.0,66407.0,1716000,-0.005093861896414809,23.07376469086248,21.445659665960807,18.827735210660784,0.9607420904422727
2010-09-09,66411.0,66807.0,66353.0,66624.0,1438800,0.003267727799780129,5.502377009265301,21.2637156610217,18.84331079138438,0.6814361191162345
2010-09-10,66622.0,66920.0,66459.0,66807.0,1561000,0.002746757925071952,5.552592768187894,19.860348380479266,18.84973223847906,0.6900474501175026
2010-09-13,66807.0,68142.0,66807.0,68031.0,2144400,0.01832143338272929,13.719662838912623,20.764987186457986,19.444890507805628,1.9623406976231426
2010-09-14,68030.0,68093.0,67561.0,67692.0,2594000,-0.004983022445649743,15.143556077480799,20.854519633090998,19.002803013444634,0.7859126632393785
2010-09-15,67690.0,68107.0,67119.0,68107.0,2234200,0.0061307096850440335,13.433222995676852,20.839214245151304,18.963663582231323,1.4506585226188204
2010-09-16,68103.0,68103.0,67507.0,67663.0,1464400,-0.006519153684643286,15.85182374902897,20.508652301780064,19.020884017924306,0.8808359073644384
2010-09-17,67665.0,67773.0,66993.0,67089.0,1629400,-0.008483218302469564,17.89960795980475,20.721720670201123,19.155689657278774,1.1626347091177391
2010-09-20,67087.0,68241.0,67009.0,68190.0,1775200,0.016411036086392716,16.74169113296807,21.1040399307036,19.731165506642395,1.8067165273500514
2010-09-21,68189.0,68255.0,67528.0,67719.0,1734000,-0.006907171139463264,17.189261736001825,21.23715309436266,19.811240215985134,1.0735539508852758
2010-09-22,67711.0,68549.0,67346.0,68325.0,2495200,0.008948744074779524,17.910685128978127,21.00348282546361,19.767338653324128,1.760702524698134
2010-09-23,68321.0,69601.0,67892.0,68794.0,3305200,0.006864251738016858,17.014624928828784,20.40969471672248,18.709180270532006,2.48422827572172
2010-09-24,68800.0,69571.0,68021.0,68196.0,3441000,-0.008692618542314734,17.106902175314932,20.6037893340898,18.93878756343797,2.27286057833304
2010-09-27,68197.0,68926.0,68011.0,68816.0,2138600,0.009091442313332143,14.105275842502685,19.758979900597865,19.05492843716799,1.3296326435712624
2010-09-28,68817.0,69431.0,68455.0,69228.0,1851800,0.005986979772145906,11.844885634985424,17.896536060721125,19.040778305209468,1.4098341711446236
2010-09-29,69225.0,69420.0,68958.0,69228.0,3067200,0.0,11.393900407465214,15.90824619909926,18.704521607472778,0.6673600277344427
2010-09-30,69230.0,69737.0,68924.0,69430.0,2466200,0.0029178944935575046,10.80348074185779,15.47340503534571,18.713919889629082,1.1709635604205675
2010-10-01,69438.0,70243.0,69228.0,70229.0,2452600,0.011507993662681848,7.332640011981084,12.563415335286255,18.596668046779428,1.445271896225206
2010-10-04,70230.0,70551.0,70089.0,70385.0,1876800,0.002221304589272277,7.066607837562199,12.361642477597142,18.540445997562966,0.6563898557931378
2010-10-05,70390.0,71285.0,70390.0,71283.0,2713000,0.01275840022732111,9.246857134176672,12.73749953171336,18.421631850630863,1.2555588288932846
2010-10-06,71284.0,71290.0,70343.0,70541.0,2780600,-0.010409213978087362,14.739338424561257,13.57354278013821,18.28036761354522,1.3424816773224082
2010-10-07,70545.0,70739.0,69314.0,69918.0,2587200,-0.008831743241519141,17.31692104591955,13.90077516495026,18.438432725820878,2.038101776366601
2010-10-08,69921.0,70828.0,69698.0,70809.0,2136000,0.012743499528018454,17.784930901978473,14.347712576552446,17.931286076531297,1.5958423364261607
2010-10-11,70810.0,71111.0,70810.0,70946.0,1169000,0.0019347823016848675,17.78076659972663,14.35187565939025,16.504179584698374,0.4242663434161193
2010-10-13,70950.0,71995.0,70950.0,71675.0,2985000,0.010275420742536623,16.866408123429423,13.508788063595265,15.142714097242719,1.4579700034879663
2010-10-14,71676.0,71961.0,71264.0,71692.0,2633000,0.0002371817230555351,13.661673751158682,13.262139924948094,14.866162757011628,0.9722144730234894
2010-10-15,71699.0,72140.0,71351.0,71830.0,2015200,0.0019249009652402282,8.995145677554497,13.20779898248167,12.59255496667693,1.0984268411527216
2010-10-18,71830.0,71884.0,71341.0,71736.0,2111600,-0.001308645412780196,7.1289605549593515,12.875120031970297,12.501225344294198,0.7569421211107393
2010-10-19,71735.0,71735.0,69628.0,69864.0,2495200,-0.026095684175309497,21.69705932999479,15.910815496828123,14.951280336585365,3.015859383945952
2010-10-20,69863.0,70720.0,69814.0,70405.0,2407200,0.007743616168556011,20.776540494076237,15.187122782828459,15.055263322555904,1.2868404232653932
2010-10-21,70406.0,70958.0,68952.0,69652.0,2587800,-0.010695263120517051,20.986338987110077,15.506782039845815,15.363287847031321,2.880032159880549
2010-10-22,69658.0,70312.0,68847.0,69530.0,2421600,-0.0017515649227588526,20.297323949623088,15.290824860215693,15.385847018744345,2.1070041708614986
2010-10-25,69536.0,70231.0,69451.0,69580.0,3836000,0.0007191140514886118,20.6668081147189,15.135044831991461,15.382444376901464,1.1210117849956884
2010-10-26,69582.0,70834.0,69055.0,70740.0,2576800,0.016671457315320604,16.33765719667895,15.71534104378333,15.231433577061484,2.514843087362171
2010-10-27,70735.0,70844.0,70059.0,70569.0,2202600,-0.0024173027989822238,15.883990437775331,15.546626103966824,15.156745292787505,1.1123864586433136
2010-10-28,70573.0,71263.0,70234.0,70320.0,2230200,-0.0035284615057603608,13.305835000282276,15.530315861115362,15.155109418675014,1.463310580204778
2010-10-29,70322.0,70776.0,70322.0,70673.0,2208800,0.005019908987485833,12.987300521316763,15.595307557165054,15.01869366954166,0.6423952570288511
2010-11-01,70686.0,71751.0,70673.0,71561.0,1555000,0.012564911635277953,14.176618499697813,16.09254777865169,15.042399329207317,1.5064071211973002
2010-11-03,71560.0,72110.0,71510.0,71905.0,2145800,0.004807087659479237,10.360559475983717,15.730265415097621,14.454028450413151,0.8344343230651554
2010-11-04,71910.0,73103.0,71910.0,72996.0,2175800,0.015172797441068031,11.69648619451918,16.462055846808497,14.71122289087706,1.634336128007014
2010-11-05,72987.0,72987.0,72534.0,72607.0,1732000,-0.00532905912652748,12.723639718497731,16.132319309322284,14.753182312437152,0.6239067858470946
2010-11-08,72607.0,72875.0,72336.0,72657.0,1077600,0.0006886388364757412,13.384129058227504,15.599046375793414,14.687223990316763,0.741841804643737
2010-11-09,72654.0,73045.0,71651.0,71679.0,1505000,-0.01346050621412942,17.072922491225533,16.059256918402323,15.045657283654556,1.9447815957253867
2010-11-10,71674.0,71854.0,70868.0,71638.0,0,-0.0005719945869780974,16.614269129202437,15.509877283421346,14.893333028921827,1.3763644992880872
2010-11-11,71639.0,71639.0,70941.0,71195.0,1353200,-0.006183868896395772,8.876026794911972,15.675939905714408,14.983868803832703,0.9804059273825408
2010-11-12,71191.0,71191.0,70004.0,70367.0,1188600,-0.011630030198749863,10.081351499873701,15.740812613110307,15.422507744517608,1.6868702658916823
2010-11-16,70364.0,70364.0,68662.0,69192.0,2240800,-0.016698168175423134,10.118801720691248,16.66244162145058,16.193810080208916,2.4598219447334952
2010-11-17,69189.0,70080.0,69187.0,69709.0,0,0.007471962076540661,14.975947989955483,16.920612487961094,15.984079599973056,1.2810397509647247
2010-11-18,69716.0,70904.0,69716.0,70781.0,1881600,0.015378215151558683,21.26008601133274,17.888194633880516,16.600143223660872,1.678416524208474
2010-11-19,70774.0,70898.0,70236.0,70898.0,1506400,0.001652985970811427,21.092979041644597,15.295258733652847,16.179105372067863,0.9337357894439899
2010-11-22,70898.0,70898.0,69202.0,69633.0,1739200,-0.017842534345115513,23.43959238979472,16.351505218197513,16.723752414870663,2.435626786150245
2010-11-23,69629.0,69629.0,67728.0,67953.0,2080600,-0.024126491749601464,26.73434494419335,17.989269938684476,17.93892930293587,2.7975218165496742
2010-11-24,67955.0,69746.0,67955.0,69629.0,1990600,0.024664106073315484,33.18463869969621,20.077447459696003,19.025819807101442,2.572204110356317
2010-11-25,69634.0,69780.0,69362.0,69362.0,981600,-0.0038346091427422513,30.226802132146368,20.122927997065617,19.03539161330877,0.6026354488048211
2010-11-26,69349.0,69349.0,68219.0,68226.0,1564800,-0.01637784377613105,30.845082841441997,19.913534598512094,19.26809816447892,1.6562600768035645
2010-11-29,68218.0,68422.0,67103.0,67908.0,1777800,-0.004660979685163991,29.449480304270693,19.93962553178649,19.28044457024727,1.9423337456558873
2010-11-30,67901.0,68476.0,67271.0,67705.0,2159200,-0.0029893385168168196,24.073191428208972,19.934452666209477,19.251982200443578,1.7797799276272064
2010-12-01,67731.0,69605.0,67731.0,69346.0,0,0.02423750092312238,23.790941278412774,21.780233373873763,20.689982806724633,2.702390909353099
2010-12-02,69341.0,69943.0,69219.0,69527.0,2111800,0.0026101000778704364,23.700032439816304,21.277007606948683,19.2957831699669,1.0413220763156759
2010-12-03,69529.0,69963.0,68943.0,69766.0,2828000,0.003437513483970367,18.346557670858008,21.23282726144322,19.18391197028003,1.462030215291116
2010-12-06,69759.0,69932.0,69378.0,69552.0,0,-0.0030673967261990454,17.87253461694796,20.366661302165276,18.94837636689038,0.7965263400046009
2010-12-07,69563.0,70589.0,69338.0,69338.0,0,-0.0030768345985737744,17.896790876881468,20.338272638240106,18.963035935888975,1.8042054861692
2010-12-08,69338.0,69354.0,68046.0,68175.0,2671600,-0.016772909515705647,12.845588074376321,20.926169190595953,19.571441969772604,1.9185918591859186
2010-12-09,68173.0,68561.0,67563.0,67879.0,2447200,-0.0043417675100843045,11.702592042941818,20.584423369791534,18.895348221253137,1.4702632625701615
2010-12-10,67889.0,68514.0,67866.0,68342.0,0,0.006820960827354616,13.329881049908648,20.829998342260424,19.03733866626714,0.9481724269117089
2010-12-13,68342.0,69221.0,68342.0,69126.0,0,0.01147171578238848,17.404406545532957,21.29285530900709,19.35784723036896,1.2715910077250239
2010-12-14,69127.0,69127.0,68531.0,68743.0,0,-0.005540607007493592,17.659612200431287,21.02405633724628,19.338186450113863,0.8669973670046405
2010-12-15,68741.0,68741.0,67711.0,67870.0,2962400,-0.012699474855621617,15.57952342312618,20.69152361001144,19.200937630754467,1.5176071902165906
2010-12-16,67875.0,68377.0,67138.0,67306.0,2401400,-0.008310004420215122,16.373074839561255,20.615061210698407,19.191426024268008,1.840846284135144
2010-12-17,67304.0,67981.0,66948.0,67981.0,0,0.010028823581849977,17.5359276705664,20.138077202803093,18.843163133760193,1.5195422250334651
2010-12-20,67979.0,68196.0,67264.0,67264.0,2352800,-0.010547064620997082,14.337901000641054,20.313860678076757,18.976228746713723,1.3855851569933397
2010-12-21,67261.0,68461.0,67261.0,68215.0,1897400,0.014138320647002933,19.940084507305613,20.27634862290911,19.56243299049867,1.7591438833101225
2010-12-22,68218.0,68472.0,67727.0,68471.0,1656800,0.0037528402843949316,17.36105668980986,18.472505590956622,19.322911643765963,1.0880518759766908
2010-12-23,68470.0,68562.0,68250.0,68486.0,1229400,0.00021907084751204842,15.142195373166187,16.23666916561877,19.32740747632049,0.4555675612533948
2010-12-27,68476.0,68476.0,67803.0,67803.0,1035400,-0.009972841164617607,16.33533796187657,16.52090860050251,19.43931242265587,0.9925814491984131
2010-12-28,67810.0,68104.0,67810.0,68041.0,0,0.0035101691665559986,13.71721064734836,15.604064246016842,19.251696245276268,0.4320924148675064
2010-12-29,68043.0,69040.0,68043.0,68952.0,1307800,0.013388986052527141,13.315233439264357,16.17904839804698,19.100738183615146,1.4459334029469777
2010-12-30,68953.0,69527.0,68940.0,69305.0,2102200,0.005119503422670757,13.451610754956894,16.185105339878508,19.032326279284582,0.8469807373205397
2011-01-03,69310.0,70471.0,69305.0,69962.0,1862400,0.009479835509703438,14.07491657242724,14.222407722240614,18.68850595402936,1.6666190217546668
2011-01-04,69962.0,70318.0,69560.0,70318.0,2427200,0.005088476601583736,6.44014815176387,14.295353766071253,18.746472612693523,1.0779601240080776
2011-01-05,70311.0,71173.0,69802.0,71091.0,2309200,0.010992917887311826,5.813752541321974,14.719123921517438,18.245360795996042,1.928514157910284
2011-01-06,71093.0,71167.0,70469.0,70579.0,2546000,-0.007202036826039815,11.348689172923827,14.92905291628761,16.845455385887888,0.9889627226228764
2011-01-07,70580.0,70783.0,69718.0,70057.0,1761000,-0.007395967639099443,14.179395497078099,15.141662852239493,15.49301042325491,1.5201907018570593
2011-01-10,70056.0,70133.0,69666.0,70127.0,1610800,0.0009991863768075149,12.626777692414434,13.771647662689329,15.445532790192734,0.6659346614000314
2011-01-11,70146.0,70647.0,70145.0,70423.0,2138000,0.004220913485533329,12.441673920059364,13.642142537637131,14.632237585815133,0.7128352952870511
2011-01-12,70429.0,71633.0,70429.0,71633.0,2516000,0.017181886599548335,16.040735714042093,14.564641349480034,15.241976359274501,1.6807895802214063
2011-01-13,71631.0,71924.0,70719.0,70721.0,2237800,-0.01273156226878669,18.26931198337406,15.045771278481778,15.762090633793546,1.7038786216258255
2011-01-14,70723.0,71184.0,70397.0,70940.0,1806600,0.0030966756691788166,16.895615806777563,14.859651223694534,14.228506690658941,1.1093882153932901
2011-01-17,70940.0,70940.0,70544.0,70609.0,1538600,-0.00466591485762613,17.684203550334292,14.13240249429216,14.303994078653298,0.5608350210313133
2011-01-18,70612.0,71094.0,70612.0,70920.0,1877400,0.004404537665170238,17.702993926826995,13.650470203261023,14.323665323797897,0.679639029892837
2011-01-19,70921.0,71190.0,69966.0,70058.0,1884800,-0.012154540327129149,12.880332730724295,14.263988364852995,14.760558382653818,1.747123811698878
2011-01-20,70056.0,70083.0,69177.0,69562.0,2169600,-0.007079848125838617,11.078973125031665,13.942810359470196,14.884819175937142,1.3024352376297403
2011-01-21,69560.0,70027.0,69095.0,69133.0,2071800,-0.0061671602311607066,9.569067423419687,13.41319353175488,14.135554321206733,1.3481260758248592
2011-01-24,69134.0,69513.0,68786.0,69427.0,1474400,0.004252672385112843,11.700426730575765,13.428773483696995,14.098982196180282,1.0471430423322339
2011-01-26,69427.0,69556.0,68515.0,68709.0,2542400,-0.010341797859622304,10.121055732620297,13.963564281652069,14.336507460705377,1.5150853599965068
2011-01-27,68717.0,69108.0,67775.0,68051.0,2304400,-0.009576620238978872,9.314640768906655,13.927852247678377,14.197998957901007,1.9588249988978856
2011-01-28,68051.0,68182.0,65898.0,66698.0,2544000,-0.01988214721311954,13.794713776697195,15.498321566390338,15.213955736504467,3.4243905364478695
2011-01-31,66697.0,67166.0,66271.0,66575.0,2253800,-0.001844133257368985,14.54527590327667,14.600642832179883,14.806034547135862,1.3443484791588434
2011-02-01,66575.0,67922.0,66575.0,67847.0,2114000,0.01910627112279384,23.28767170215567,16.13815038473433,15.672288236432324,1.9853493890665763
2011-02-02,67844.0,68012.0,66643.0,66688.0,2551400,-0.017082553392191224,24.794504770674173,16.58937011848969,16.173705911828236,2.0528430902111325
2011-02-03,66688.0,66849.0,66091.0,66765.0,2380800,0.0011546305182341676,24.949907068318392,16.425940577166845,15.900971200098146,1.1353253950423126
2011-02-04,66752.0,66946.0,65160.0,65269.0,2676800,-0.022406949749120053,26.02229147153951,17.053636295284733,16.551813168716002,2.736367954158942
2011-02-07,65272.0,65893.0,64916.0,65362.0,1980400,0.0014248724509338118,26.311769363044334,17.11163405150476,16.502295876463958,1.4947523025611211
2011-02-08,65359.0,66238.0,65110.0,65771.0,2764000,0.006257458462103349,20.21256559998983,17.38099175177069,16.648959618450217,1.7150415836766963
2011-02-09,65767.0,65767.0,64016.0,64218.0,2811400,-0.023612230314272287,22.806654141619568,18.717012551913143,17.7027348868953,2.7266498489520075
2011-02-10,64217.0,65106.0,64185.0,64578.0,2356400,0.005605904886480495,24.048151660203697,18.800708312035123,17.76713849288278,1.4261822911827557
2011-02-11,64582.0,65890.0,64562.0,65756.0,2396400,0.018241506395366924,24.468956263116112,18.954443535529546,18.175711052402164,2.019587566153659
2011-02-14,65751.0,66743.0,65462.0,66558.0,1945000,0.012196605632946111,25.594063241173593,19.46766672580603,18.512873257568526,1.9246371585684665
2011-02-15,66558.0,66861.0,66117.0,66341.0,2355400,-0.0032603143123290934,25.893942843866704,19.348704139232773,18.235510880442074,1.121478422091919
2011-02-16,66342.0,67793.0,66342.0,67571.0,2672400,0.0185405706878099,14.645946029912437,20.734791359144094,19.068797040566597,2.1473709135575914
2011-02-17,67580.0,67876.0,67107.0,67685.0,2147800,0.0016871142945937834,15.660396156959985,20.65005208848197,18.73714821807844,1.136145379330723
2011-02-18,67685.0,68226.0,67386.0,68067.0,1944000,0.005643791091083594,13.64474202133338,20.48222300535017,18.771345341024507,1.234078187668033
2011-02-21,68067.0,68067.0,67085.0,67259.0,1453000,-0.011870656852806749,17.870669474278632,20.718654900813043,18.94493962031197,1.460027654291619
2011-02-22,67255.0,67570.0,66342.0,66440.0,3045400,-0.012176809051576698,20.498613523872784,20.99127015653921,19.189961572850667,1.848284166164961
2011-02-23,66440.0,67266.0,66049.0,66910.0,3335000,0.007074051776038592,14.961934597276109,21.116269908233402,19.28440265325865,1.818861156777761
2011-02-24,66909.0,67344.0,66693.0,66949.0,2699200,0.0005828725153191883,14.81362451385959,20.889035452324737,18.45957507113389,0.9723819623892814
2011-02-25,66952.0,67632.0,66331.0,66903.0,2394600,-0.0006870901731168555,13.32211061593506,20.66307453410161,18.189764540497503,1.9446063704168723
2011-02-28,66909.0,67458.0,66687.0,67383.0,2640400,0.007174566162952312,12.545603506742573,19.60148511186732,18.32276781304011,1.1442055117759673
2011-03-01,67381.0,67708.0,66243.0,66243.0,2166400,-0.016918213792796455,15.614730941882609,20.50892899931439,18.83503463607053,2.211554428392434
2011-03-02,66242.0,67282.0,66101.0,67282.0,2518600,0.015684676116721752,19.077625053069074,20.13480351511734,19.445161873679382,1.755298593977587
2011-03-03,67284.0,68188.0,67284.0,68146.0,2254600,0.012841473202342302,20.75248381373691,19.65882560215974,19.623955123163405,1.3265635547207466
2011-03-04,68138.0,68220.0,67514.0,68012.0,1840000,-0.001966366331112579,20.938755262380834,19.68751500515552,19.538622747228047,1.0380521084514498
2011-03-09,68010.0,68057.0,67109.0,67264.0,1407600,-0.010998059166029472,22.750921692282926,18.33169332752728,19.70601826401566,1.4093720266412941
2011-03-10,67256.0,67256.0,65854.0,66041.0,2375000,-0.01818208848715508,23.34350943333709,19.558784917376677,20.267101583201164,2.122923638345876
2011-03-11,66041.0,67014.0,65559.0,66685.0,2491000,0.009751517996396286,21.011625240546593,19.72368043688056,20.34932087781297,2.181899977506186
2011-03-14,66684.0,67333.0,66088.0,67169.0,1874200,0.007258004048886546,18.83676189671065,17.720219823517525,20.3116641857899,1.8535336241420892
2011-03-15,67168.0,67168.0,65463.0,67005.0,2852200,-0.0024416025249742734,18.82609473412811,17.744656179995477,19.466065239501216,2.544586224908589
2011-03-16,67011.0,67502.0,65663.0,66003.0,3056800,-0.014954107902395375,20.063984677951893,17.598813341353253,19.95197850946296,2.7862369892277625
2011-03-17,66017.0,66950.0,66015.0,66216.0,1985000,0.0032271260397254142,15.597413855525993,17.0979628049059,19.129874758594134,1.4120454270871088
2011-03-18,66217.0,67384.0,66217.0,66880.0,2842800,0.01002778784583791,15.700780369933995,17.414012710645615,18.726768001423324,1.7449162679425836
2011-03-21,66887.0,67676.0,66656.0,66690.0,2557400,-0.0028409090909090606,14.611438067339973,16.14294595271673,18.74418552537091,1.5294646873594242
2011-03-22,66684.0,67631.0,66531.0,67578.0,2357800,0.013315339631129186,17.82906348859242,16.835984879799717,17.867271993245552,1.6277486756044866
2011-03-23,67570.0,67918.0,67317.0,67796.0,2145600,0.003225901920743457,10.08466415823884,16.754101858749802,17.876681089134173,0.8864829783468052
2011-03-24,67799.0,68009.0,67406.0,67533.0,1819800,-0.0038792849135642626,12.104913496712683,16.27063025246224,17.87288143916414,0.8928968060059526
2011-03-25,67528.0,68256.0,67497.0,67766.0,2223800,0.0034501651044673842,10.868618081494397,15.656485886410207,16.2932347606518,1.1200306938582771
2011-03-28,67767.0,68070.0,67193.0,67193.0,1444400,-0.008455567688811505,13.148780799985083,15.819224930140777,16.519316949126246,1.305195481672198
2011-03-29,67194.0,67862.0,67046.0,67419.0,1768200,0.0033634455970115162,8.662690288461503,15.855915073462745,15.744002527118253,1.2103412984470252
2011-03-30,67423.0,68004.0,67423.0,67997.0,1859800,0.008573250863999737,10.69026300635568,16.099953027901908,15.551543111722502,0.8544494610056327
2011-03-31,68000.0,68606.0,68000.0,68587.0,2124400,0.008676853390590766,11.077477774038332,16.18284067131195,15.667810066098706,0.8835493606660154
2011-04-01,68588.0,69387.0,68588.0,69268.0,2397400,0.00992899529065272,12.105700257340823,15.095472744628925,15.023106134193132,1.1534907893977016
2011-04-04,69270.0,69787.0,69270.0,69704.0,1200,0.0062943927932090915,4.1177070629226495,14.369350502372026,15.103993831073437,0.7417077929530587
2011-04-05,69704.0,70047.0,69465.0,69838.0,0,0.0019224147825089855,5.027131926984391,13.791159202922158,15.043475073471537,0.8333571980870014
2011-04-06,69841.0,70108.0,68954.0,69037.0,0,-0.011469400612846847,13.784120703707819,14.44391840671106,15.01429628739633,1.6715674203687878
2011-04-07,69040.0,69334.0,68695.0,69176.0,0,0.0020134130973246123,12.857332503167346,13.799097261686368,14.493475750276913,0.9237307736787326
2011-04-08,69180.0,69430.0,68472.0,68718.0,2111400,-0.006620793338730224,11.51298916656575,12.226438720817663,14.56976504125452,1.3941034372362409
2011-04-11,68719.0,69177.0,68029.0,68164.0,2173800,-0.008061934282138639,9.702089279958122,12.345789660222874,14.801252021963046,1.6841734639985915
2011-04-12,68153.0,68153.0,66721.0,66896.0,2525800,-0.0186021947068834,11.908929594674436,13.869701404441095,15.816904293043832,2.1406362114326716
2011-04-13,66909.0,67411.0,66251.0,66486.0,2515200,-0.006128916527146644,11.685040136422337,14.004377937617859,15.765665300298817,1.7447282134584723
2011-04-14,66483.0,67042.0,66090.0,66279.0,2259000,-0.0031134374153957145,9.405381387538167,13.012292126882743,14.997710789632466,1.4363523891428658
2011-04-15,66281.0,66765.0,65832.0,66684.0,2145800,0.006110532747929165,14.155763026986381,13.13372078565617,14.374809037168216,1.3991362245816088
2011-04-18,66689.0,66706.0,65158.0,65415.0,3060400,-0.0190300521864315,17.03162339516557,14.25074659490485,14.812301862593994,2.3664297179545977
2011-04-19,65417.0,66257.0,65417.0,66158.0,2214400,0.011358251165634714,18.655161225731025,14.857538442768226,15.258496821417738,1.2696877172828682
2011-04-20,66165.0,67077.0,66165.0,67058.0,2397400,0.013603796970887982,21.109252057658004,14.891239633525688,15.504346597998037,1.3600167019594978
2011-04-25,67058.0,67124.0,66552.0,66972.0,1385800,-0.001282471890005632,20.88031334951157,14.837554834521347,14.530582837762571,0.8540882756973064
2011-04-26,66972.0,67413.0,66722.0,67144.0,1726600,0.0025682374723765555,20.606881566224974,14.82283950357714,14.280466935374262,1.0291314190396759
2011-04-27,67143.0,67228.0,65885.0,66264.0,2151200,-0.013106159895150737,17.01508356597251,15.40264673394992,14.629677329010082,2.0267415187733913
2011-04-28,66249.0,66249.0,65105.0,65673.0,3090000,-0.00891886997464686,16.543769001211224,15.43162970585818,14.82692320402882,1.7419639730178307
2011-04-29,65664.0,66294.0,65461.0,66133.0,2645000,0.00700440059080587,13.063730870093062,15.613127734201635,14.340992337451192,1.2595829616076695
2011-05-02,66119.0,66500.0,65346.0,65463.0,2306800,-0.01013109945110613,13.921036078311921,15.531876287220827,14.608398699033092,1.7628278569573652
2011-05-03,65458.0,65468.0,64244.0,64318.0,2235400,-0.017490796327696567,14.748550682675685,15.95549879449813,15.08082275900389,1.9030442488883363
2011-05-04,64320.0,64807.0,63548.0,63616.0,2490000,-0.01091451848627134,14.397901172123607,15.451985440883027,15.333899021914993,1.9790618712273642
2011-05-05,63609.0,64268.0,62973.0,63407.0,2806000,-0.0032853370221328504,14.744917043332926,14.997511181276538,14.678465144533142,2.0423612534893625
2011-05-06,63422.0,64704.0,63422.0,64417.0,2690000,0.01592884066427991,20.362215309452168,16.46147425530777,15.51533059062814,1.9901578775789
2011-05-09,64416.0,64782.0,64150.0,64622.0,1880800,0.003182389741838376,20.515234468367666,16.382401396897027,15.562336808354235,0.9779951100244498
2011-05-10,64622.0,65143.0,64619.0,64877.0,1982600,0.003946024573674656,15.74812243548758,16.471713576413404,15.576481277403428,0.8076822294495738
2011-05-11,64877.0,64877.0,63622.0,63776.0,2458400,-0.016970575088243955,19.060171847635438,17.135257040906314,16.098188509173617,1.967824887104867
2011-05-12,63772.0,64329.0,63125.0,64003.0,2486800,0.0035593326643250656,18.80788947145115,17.21744566942464,16.103629400162717,1.8811618205396623
2011-05-13,64003.0,64165.0,63063.0,63235.0,2667400,-0.011999437526365897,15.943930775806026,16.601493606732724,16.06899722292773,1.742705780026884
2011-05-16,63233.0,63829.0,62676.0,62830.0,2459600,-0.006404680952004416,14.76215791361645,16.609101781033882,15.75977277105527,1.8351106159477957
2011-05-17,62830.0,63680.0,62414.0,63673.0,2210800,0.013417157408881053,19.40974332964972,17.512011351635817,16.035949361869683,1.9882838879901998
2011-05-18,63675.0,64015.0,62830.0,62841.0,2488000,-0.013066762992163028,17.86178821974554,17.672886801303385,16.0683825710687,1.885711557740965
2011-05-19,62844.0,63607.0,62225.0,62367.0,2291200,-0.007542846230963907,17.05354600483939,16.76536463985364,16.030102030892472,2.2159154681161515
2011-05-20,62370.0,63043.0,62086.0,62597.0,2087000,0.003687847739990646,16.699127987696812,16.183281084383957,15.994858317163043,1.5288272600923367
2011-05-23,62597.0,62597.0,61659.0,62345.0,1767600,-0.0040257520328450536,16.38462598245325,15.076083834571058,15.919080180551049,1.5045312374689228
2011-05-24,62350.0,63415.0,62350.0,63337.0,2006400,0.015911460421846213,17.846363123791498,16.493358308566922,16.837301039136886,1.681481598433775
2011-05-25,63329.0,63857.0,63025.0,63388.0,1918600,0.0008052165400951328,14.307099071149679,16.43492087806162,16.786141517974016,1.3125512715340444
2011-05-26,63389.0,64121.0,63232.0,64099.0,2397000,0.011216634063229591,12.727886790320989,16.65028705378538,16.501960321320873,1.38691711259146
2011-05-27,64101.0,64548.0,64092.0,64295.0,1672000,0.003057770012012684,12.792693293183156,16.496631456075832,16.486555274713798,0.7092308888716075
2011-05-30,64295.0,64460.0,63915.0,63954.0,629000,-0.005303678357570618,13.403064632627027,16.29789929783504,16.52239448382111,0.852175000781812
2011-05-31,63961.0,64620.0,63932.0,64620.0,2428400,0.010413734871939306,10.965524617687171,16.486784993651625,16.73216397630378,1.0646858557722068
2011-06-01,64616.0,64674.0,63401.0,63411.0,2158200,-0.01870937790157845,19.790478905752572,16.649014968156575,16.7023581389751,2.0075381243002
2011-06-02,63411.0,64218.0,63277.0,64218.0,2135600,0.012726498557032784,20.344385292512165,16.821093103194404,16.79466237378764,1.4653212494939112
2011-06-03,64216.0,64979.0,63628.0,64341.0,2155800,0.0019153508362141913,20.267691442830145,16.769946192125655,16.248018506555855,2.0997497707527084
2011-06-06,64341.0,64512.0,62960.0,63068.0,1822400,-0.019785206944250122,24.840588170760906,17.253392241284764,17.10591308584755,2.460835923130589
2011-06-07,63072.0,63784.0,63072.0,63218.0,2089600,0.0023783852349845702,22.736523212269155,17.231357240601415,17.101649488956173,1.126261507798412
2011-06-08,63204.0,63354.0,62709.0,63033.0,1805800,-0.002926381726723437,18.863779832691392,17.147601640628203,16.776000558762078,1.0232735233925088
2011-06-09,63037.0,63773.0,62872.0,63469.0,1946800,0.0069170117240175966,16.47309299937031,16.37930163939143,16.804353706367266,1.419590666309537
2011-06-10,63470.0,63478.0,62495.0,62697.0,1688200,-0.012163418361719858,17.218634347517543,16.826603300368756,16.920623382426875,1.5678581112333925
2011-06-13,62701.0,62968.0,62022.0,62023.0,1397200,-0.010750115635516866,13.062390421329395,16.728303905391563,16.94828468034042,1.5252406365380584
2011-06-14,62023.0,62697.0,62023.0,62205.0,1762400,0.0029343953049674187,13.219917285737631,16.651499033094492,16.321322828164263,1.083514186962463
2011-06-15,62198.0,62198.0,61448.0,61604.0,2668000,-0.009661602765051014,13.975934414129126,16.145995196303566,16.259520358299955,1.2174534121160965
2011-06-16,61602.0,62040.0,60489.0,60881.0,1991000,-0.011736250892799172,10.064971986466567,16.032308033177554,16.54383192927209,2.5475928450583925
2011-06-17,60883.0,61268.0,60566.0,61060.0,1974600,0.0029401619552897884,11.928293957878978,15.942097616508727,15.778930455194452,1.1496888306583688
2011-06-20,61059.0,61571.0,60784.0,61168.0,2019800,0.001768752047166755,11.601223691365734,15.885362259414762,15.745936352765675,1.2866204551399425
2011-06-21,61188.0,61543.0,61179.0,61424.0,1696600,0.004185194873136178,12.014032657026975,15.946171689376193,15.753647043925342,0.5926022401667101
2011-06-22,61420.0,61859.0,61194.0,61194.0,1863400,-0.003744464704350081,10.420886421580075,14.783722408729552,15.097678262205394,1.0867078471745597
2011-06-24,61192.0,61459.0,60921.0,61017.0,1449000,-0.0028924404353367628,5.649246803539105,14.763517621763322,15.031665272451178,0.881721487454316
2011-06-27,61017.0,61456.0,60772.0,61217.0,1634000,0.00327777504629867,5.747183658154871,14.125823001680532,14.758264483228581,1.11733668752144
2011-06-28,61216.0,62309.0,61216.0,62303.0,1796400,0.017740170214156192,13.665441631137941,15.642173113910223,15.628794139750637,1.7543296470474936
2011-06-29,62303.0,62625.0,62033.0,62334.0,1873400,0.0004975683353931615,13.834923961318314,15.59115595448404,15.087381959343075,0.9497224628613598
2011-06-30,62337.0,62574.0,61959.0,62404.0,1814000,0.001122982641896808,12.733071809000956,15.04360473691799,14.627281936613635,0.9855137491186463
2011-07-01,62404.0,63455.0,62148.0,63394.0,2376200,0.01586436766873911,13.332464368511795,14.860547011398632,15.168235312705741,2.06170931002934
2011-07-04,63397.0,63891.0,63314.0,63891.0,1000400,0.007839858661703003,12.760130169402625,14.424466360828642,15.289203162558271,0.9031005931977899
2011-07-05,63886.0,63886.0,63030.0,63039.0,1937800,-0.013335211532140678,17.09235874313013,15.09406961571317,15.771160398591007,1.3578895604308445
2011-07-06,63039.0,63039.0,62391.0,62565.0,1612600,-0.0075191548089278415,18.540098221049956,13.69682958571978,15.223325583426849,1.0357228482378327
2011-07-07,62573.0,63206.0,62207.0,62207.0,1865000,-0.005722049068968227,19.092338858789617,13.781009395907818,15.297121276033618,1.605928593245133
2011-07-08,62207.0,62207.0,61366.0,61513.0,1670600,-0.011156300737859115,13.146096935256724,14.233619590361265,15.171444629105041,1.36719067514184
2011-07-11,61502.0,61502.0,60098.0,60224.0,1773200,-0.020954920098190666,9.45271274529373,15.470719531691014,16.13403341443796,2.331296493092455
2011-07-12,60220.0,60516.0,59705.0,59705.0,1946200,-0.00861782678002121,9.543226357576728,15.237240613243447,16.219087559143762,1.3583451972196634
2011-07-13,59718.0,60847.0,59718.0,60670.0,2284200,0.016162800435474356,21.713002584586228,16.175844641112242,16.68761577829973,1.860886764463491
2011-07-14,60673.0,60685.0,59452.0,59679.0,2363400,-0.01633426734794796,22.885081822877464,16.94420330720236,16.49461810940839,2.0660533856130296
2011-07-15,59679.0,60104.0,59180.0,59478.0,1960200,-0.0033680189011210393,22.91488898699648,16.720576208128456,15.89748748003202,1.5535155855946736
2011-07-18,59479.0,59479.0,58631.0,58838.0,1956400,-0.010760281112344061,19.83353362075124,16.649428882718702,16.015329012403075,1.4412454536184098
2011-07-19,58838.0,59394.0,58677.0,59082.0,1888000,0.004146979842958531,20.263379210111417,16.695819369845346,15.31282632606926,1.213567584035747
2011-07-20,59094.0,59552.0,59045.0,59120.0,1946000,0.0006431738939101095,13.27520944445227,16.672468818337084,15.27665950705911,0.8575778078484438
2011-07-21,59120.0,60441.0,59120.0,60263.0,2159600,0.01933355886332877,17.722364127883857,18.096116386561654,16.496583203265086,2.1920581451305114
2011-07-22,60263.0,60696.0,60077.0,60270.0,1809600,0.00011615750958293702,17.223198929819628,18.067610717908416,16.31377688261375,1.0270449643271944
2011-07-25,60264.0,60285.0,59640.0,59971.0,1772400,-0.004961008793761379,14.671854803648568,18.113928113447873,16.042557284576606,1.075519834586717
2011-07-26,59972.0,60204.0,59261.0,59340.0,2174800,-0.010521752180220445,17.84173718734399,18.355392254067066,16.031162810817477,1.5891472868217054
2011-07-27,59336.0,59336.0,58169.0,58288.0,2619000,-0.017728345129760736,22.24609829575429,17.794468392089556,16.64967577227703,2.0021273675542135
2011-07-28,58297.0,59167.0,58290.0,58708.0,2234000,0.0072055997804008065,15.215854134271147,18.11453708019856,16.702706061296695,1.4938338897594876
2011-07-29,58703.0,58952.0,58009.0,58823.0,2366400,0.001958847175853373,15.669242669555356,18.13957142372424,16.446616848493676,1.6031144280298522
2011-08-01,58823.0,59542.0,58168.0,58536.0,2109400,-0.004879043911395153,15.668850860188835,16.834061576498605,16.436094504954706,2.3472734727347273
2011-08-02,58526.0,58673.0,57259.0,57311.0,2696200,-0.020927292606259362,19.369924792508655,17.285139151474635,17.35210537624389,2.4672401458707753
2011-08-03,57318.0,57352.0,55249.0,56017.0,3491800,-0.02257856257960955,21.29281521412928,18.116239449342917,18.22029687073928,3.7542174696966994
2011-08-04,55999.0,55999.0,52629.0,52811.0,4455400,-0.057232625810021975,36.38981531687059,25.485122626939884,24.06645056722599,6.381246331256746
2011-08-05,52811.0,53866.0,51153.0,52949.0,4320600,0.0026130919694760113,36.648865405832446,25.73772789648185,24.15681966404937,5.123798372018357
2011-08-08,52938.0,52938.0,47793.0,48668.0,4894600,-0.08085138529528413,52.413253086596356,36.18357400554201,32.60157406256518,10.571628174570561
2011-08-09,48671.0,51151.0,48666.0,51151.0,5268200,0.05101915016026948,81.87690061783942,41.80111772924719,36.07399444583195,4.8581650407616666
2011-08-10,51151.0,52164.0,49947.0,51395.0,4358800,0.004770190221110138,83.90704535623111,42.00903851736927,36.16506859340267,4.313649187664169
2011-08-11,51398.0,53724.0,51398.0,53343.0,4066000,0.03790251970035996,81.5582160906346,44.12606057642507,38.3153132367406,4.360459666685413
2011-08-12,53344.0,53643.0,52650.0,53473.0,3269800,0.0024370582831860776,81.55896129400837,44.036960191903084,37.87723348417905,1.8570119499560525
2011-08-15,53478.0,54968.0,53474.0,54652.0,2540600,0.022048510463224424,33.31004131182034,45.013426367322495,38.52634915615244,2.733660250311059
2011-08-16,54651.0,54651.0,53539.0,54324.0,2464600,-0.0060016101880991934,27.943457126997785,44.94859623313991,38.44541792212578,2.04697739488992
2011-08-17,54324.0,55073.0,53828.0,55073.0,3160600,0.013787644503350238,27.148588169140343,45.27553892348564,38.801955417154645,2.2606358832821893
2011-08-18,55037.0,55037.0,52246.0,53134.0,3120400,-0.035207815081800486,35.10438889235614,46.601416026632236,39.84609749495773,5.252757179960101
2011-08-19,53135.0,53601.0,52336.0,52448.0,2577200,-0.012910753942861453,35.95209796535638,45.842744473869836,39.87315081449824,2.4119127516778525
2011-08-22,52472.0,53552.0,52397.0,52440.0,2140800,-0.00015253203172671537,28.668888925449547,45.83818334491756,39.60427909881601,2.2025171624713957
2011-08-23,52440.0,53787.0,51853.0,53787.0,2679000,0.025686498855835183,37.57197177489829,47.15319799953402,40.516471500382195,3.595664379868742
2011-08-24,53787.0,54279.0,52993.0,53796.0,2492200,0.00016732667745000818,35.19005005978646,47.13346736453344,40.1170892144079,2.3905123057476394
2011-08-25,53796.0,54155.0,52677.0,52953.0,2381200,-0.015670310060227566,25.96871359554223,47.06455677854316,40.09935629063423,2.7911544199573206
2011-08-26,52955.0,53598.0,51971.0,53351.0,2223000,0.0075160991822937895,23.815965927982344,47.07410494238842,40.23019901842045,3.0496148150925007
2011-08-29,53356.0,55027.0,53356.0,54861.0,2293800,0.028303124589979634,29.05177030193379,48.36946476258466,41.18262013193162,3.0458795865915675
2011-08-30,54861.0,55768.0,54425.0,55385.0,2343400,0.00955141174969465,25.29929638989863,48.551713932888,41.28237172313001,2.4248442719147785
2011-08-31,55399.0,56495.0,55399.0,56495.0,2940000,0.020041527489392363,26.338759490654873,48.63237662228691,41.76293857074914,1.9399946897955571
2011-09-01,56498.0,58589.0,56498.0,58118.0,4013600,0.028728206035932402,15.93943881145243,48.90808306277255,42.24969846624709,3.5978526446195667
2011-09-02,58114.0,58114.0,56302.0,56532.0,3147400,-0.02728930795966822,36.88772275663644,45.28804542702575,42.9357828732885,3.2052642751008276
2011-09-05,56521.0,56521.0,54818.0,54998.0,1609000,-0.027135073940423138,41.971368187754166,46.52866948223923,43.55537655290748,3.096476235499473
2011-09-06,54998.0,56676.0,54121.0,56607.0,2846800,0.029255609294883467,46.637569775472464,36.25748616807832,44.43652549370164,4.513576059497941
2011-09-08,56609.0,58242.0,56609.0,57624.0,2757000,0.017965975939371548,46.22949085349289,32.90835092403086,44.48603228999487,2.8338886575038176
2011-09-09,57614.0,57614.0,55528.0,55778.0,2481800,-0.03203526308482574,46.131894444317886,35.43936794244126,45.37886226401308,3.739825737746065
2011-09-12,55773.0,55792.0,54310.0,55685.0,2376200,-0.0016673240345655982,42.794518140460184,33.27458994331592,45.36837482135455,2.661398940468708
2011-09-13,55690.0,56336.0,55166.0,55544.0,2099400,-0.002532100206518839,37.14409405151201,33.31572118738602,45.35794533473209,2.1064381391329396
2011-09-14,55544.0,56776.0,55090.0,56286.0,2836200,0.013358778625954137,31.065618480366187,32.78937452895541,45.15986033761031,2.995416266922503
2011-09-15,56287.0,57161.0,56196.0,56381.0,2136800,0.0016878086913263424,26.645636075707106,32.67252167057414,44.65999275809633,1.7115695003635978
2011-09-16,56381.0,57210.0,56257.0,57210.0,1970000,0.014703534878771185,13.189305751804865,32.715761108084834,41.30509354184211,1.6657926935850376
2011-09-19,57208.0,57208.0,56060.0,57103.0,2328200,-0.0018703023946862185,13.255636762258218,29.848899046612136,41.329203317773626,2.010402255573262
2011-09-20,57105.0,57620.0,56379.0,56379.0,2677000,-0.012678843493336589,18.02188017170712,29.832834756456595,33.26805093395044,2.201174196065911
2011-09-21,56381.0,57600.0,55915.0,55982.0,2777000,-0.007041628975327674,16.41057647991491,30.037234594769934,30.444111821819124,3.009896038012218
2011-09-22,55981.0,55981.0,52706.0,53280.0,3603600,-0.048265513915187075,36.8140084934734,33.77995174861463,33.89039384037018,6.146771771771772
2011-09-23,53273.0,53855.0,52754.0,53230.0,2689200,-0.0009384384384384381,31.167216766497557,33.78046977100748,32.078559796168385,2.0683824910764605
2011-09-26,53243.0,53873.0,52399.0,53748.0,2143200,0.009731354499342482,34.91231126290279,33.4674913675195,32.19364003279567,2.7424276252139617
2011-09-27,53751.0,54992.0,53751.0,53920.0,2454200,0.003200119074198149,36.45734336675926,33.393679215746744,31.547800408420073,2.301557863501484
2011-09-28,53921.0,54796.0,53258.0,53270.0,2340800,-0.012054896142433269,36.49060463314263,32.09425599580281,31.692034321092834,2.887178524497841
2011-09-29,53276.0,54207.0,52849.0,53385.0,2304800,0.0021588135911394524,12.67284553277928,31.883579883455532,31.41579294502857,2.5437857075957666
2011-09-30,53385.0,53385.0,51897.0,52324.0,3072600,-0.019874496581436696,19.33182581709505,31.472382335781102,30.25118763485538,2.8438192798715693
2011-10-03,52319.0,52319.0,50792.0,50792.0,3112400,-0.029279107101903512,22.290102135123103,30.39436068803295,31.19957072227997,3.006378957316113
2011-10-04,50790.0,50790.0,49433.0,50686.0,4038800,-0.002086942825641813,20.376657241480554,29.431602376328918,31.20068343439794,2.677267884622973
2011-10-05,50683.0,51199.0,50209.0,51014.0,2830400,0.006471214931144775,24.33545626827166,28.538543008559696,30.258234901042147,1.9406437448543539
2011-10-06,51016.0,52729.0,51016.0,52290.0,3145600,0.025012741600344945,34.1031054650298,27.958420259435602,31.224735894532824,3.2759609868043604
2011-10-07,52290.0,52891.0,50902.0,51244.0,2627200,-0.020003824823101923,34.1412502873921,27.35193430489618,31.4291703583529,3.881430021075638
2011-10-10,51244.0,53294.0,51244.0,53273.0,2180600,0.039594879400515204,36.887404650544376,29.7248269442005,33.48381019400772,3.8481031667073373
2011-10-11,53271.0,54113.0,52820.0,53838.0,2845400,0.010605747752144623,35.38092733232568,30.045378077587408,32.57202083168967,2.4016493926223115
2011-10-13,53836.0,54751.0,53308.0,54601.0,3574200,0.014172146067833236,34.99701284792581,30.52185380456345,32.72216198246876,2.6428087397666706
2011-10-14,54603.0,55179.0,54447.0,55030.0,2323200,0.007856998956063066,33.65116363069412,30.262355697491095,32.25216001749342,1.3301835362529528
2011-10-17,55021.0,55021.0,53536.0,53911.0,2366200,-0.0203343630746865,33.83987631571923,30.978159866661787,31.49107952640154,2.754539889818404
2011-10-18,53915.0,55225.0,53188.0,55032.0,2540000,0.02079353007734963,25.123357179326277,31.458745160013702,31.259513805167614,3.701482773658962
2011-10-19,55037.0,55244.0,54483.0,54966.0,2430800,-0.0011993022241605367,25.340027329837984,31.45903495826392,30.241368936547282,1.3844922315613288
2011-10-20,54953.0,54953.0,53610.0,54010.0,2282800,-0.01739256995233418,27.38538303689194,31.70907796950488,29.349986674145693,2.4865765598963154
2011-10-21,54014.0,55504.0,54014.0,55255.0,2151200,0.02305128679874091,32.49741265713767,32.7837441323377,29.676720740766456,2.6965885440231654
2011-10-24,55259.0,57226.0,55259.0,56892.0,2656000,0.029626278164871955,31.178793008428013,29.38785590470674,29.494953115766425,3.4574281094002672
2011-10-25,56885.0,56885.0,55770.0,56286.0,2262800,-0.010651761231807666,32.88599026880623,29.754336998541213,29.675364176340047,1.9809544113989268
2011-10-26,56306.0,57334.0,56249.0,57144.0,2172400,0.015243577443769363,33.102957959747684,29.975913397565712,29.961934509635647,1.8987120257594847
2011-10-27,57146.0,59901.0,57146.0,59270.0,3665800,0.037204255914881745,29.206591206802912,32.22180268391696,31.562646032137167,4.648220010123165
2011-10-28,59270.0,59668.0,58760.0,59513.0,2388000,0.004099881896406199,30.57426925735363,31.643498775473056,31.568880458005733,1.5257170702199518
2011-10-31,59513.0,59513.0,58094.0,58338.0,2258000,-0.019743585435115008,35.49481254040028,32.82079982268715,31.94038197047091,2.4323768384243545
2011-11-01,58300.0,58300.0,56099.0,57323.0,2827600,-0.017398608111351077,37.65420398397065,32.60018849076981,32.36936431514747,3.839645517506062
2011-11-03,57327.0,58481.0,57327.0,58196.0,2445800,0.01522948903581467,37.65152690084314,30.348176649037324,32.40537262138606,1.9829541549247371
2011-11-04,58186.0,58804.0,57547.0,58670.0,1946600,0.008144889683139755,24.96026643417911,30.18253845031199,32.366211590618086,2.1424919038690984
2011-11-07,58670.0,59440.0,58645.0,59199.0,1869400,0.009016533151525508,25.934061467004515,30.188086466250358,28.72494233345432,1.3429280900015204
2011-11-08,59205.0,59616.0,58505.0,59026.0,1934000,-0.0029223466612611215,20.417254503735297,29.667303064587387,28.758366774892803,1.8822213939619827
2011-11-09,59011.0,59011.0,57201.0,57550.0,2623000,-0.025005929590349973,25.21784412813136,30.26333708727922,29.857056251109267,3.1450912250217207
2011-11-10,57561.0,58314.0,57294.0,57322.0,1959000,-0.00396177237185058,21.79181530050825,27.77848009055819,29.913544887794526,1.7794215135550049
2011-11-11,57325.0,58747.0,57325.0,58547.0,2136400,0.02137050347161651,27.34699890594013,28.36276416121465,30.096335844830826,2.4288178728201273
2011-11-14,58539.0,58717.0,58013.0,58258.0,1791000,-0.004936205100175894,26.118519858442628,28.28450922262441,30.190360962983593,1.2084177280373511
2011-11-16,58256.0,58877.0,57784.0,58560.0,2703800,0.005183837412887415,26.777213322024245,28.244688103147237,29.397162016217376,1.8664617486338797
2011-11-17,58550.0,58555.0,56663.0,56989.0,3054600,-0.026827185792349773,27.797499062319652,29.003259544074666,29.16416989655033,3.3199389355840605
2011-11-18,56989.0,57477.0,56418.0,56731.0,2297200,-0.004527189457614655,27.827645306866195,28.343432106811832,29.21700680129363,1.8667042710334738
2011-11-21,56722.0,56722.0,55505.0,56285.0,2894800,-0.007861662935608416,18.606556073439872,28.519759918135453,29.403216446270676,2.162210180332238
2011-11-22,56290.0,56570.0,55609.0,55878.0,2681600,-0.007231056231678079,18.455236047354333,27.89166661296594,28.827719708857614,1.7198181753104977
2011-11-23,55879.0,55879.0,54813.0,54972.0,2429400,-0.016213894555996977,14.460137251811812,27.42899046782697,28.592044668366114,1.9391690315069492
2011-11-24,54978.0,55519.0,54537.0,55280.0,1410200,0.005602852361202171,12.4513637159163,25.330350246725896,26.37081420069633,1.7764109985528223
2011-11-25,55271.0,55610.0,54742.0,54894.0,1815000,-0.0069826338639652485,12.38449043679016,25.190201277557744,26.327994667393334,1.5812292782453454
2011-11-28,54899.0,56444.0,54899.0,56017.0,2271000,0.020457609210478456,22.590198646088464,25.675795337707857,26.66666191061558,2.758091293714408
2011-11-29,56028.0,56364.0,55300.0,55300.0,2822000,-0.012799685809664951,23.886273953477712,21.911208080267393,26.87564076542468,1.9240506329113924
2011-11-30,55307.0,57592.0,55307.0,56875.0,4893000,0.028481012658227778,27.859910311101565,24.41957505854646,27.338616691410017,4.0175824175824175
2011-12-01,56876.0,58302.0,56876.0,58143.0,3297000,0.0222945054945054,29.80308155994197,24.91742335644988,27.431922405750026,2.4525738265999344
2011-12-02,58147.0,58980.0,57618.0,57886.0,2985600,-0.004420136559861065,28.909577180822982,24.17282683085905,27.48018366544651,2.352900528625229
2011-12-05,57894.0,59245.0,57894.0,58910.0,2535200,0.017689942300383565,28.389345978638538,24.374942321663575,27.223047083927256,2.2933288066542183
2011-12-06,58910.0,59576.0,58497.0,59536.0,2178000,0.010626379222542948,20.055227892210986,24.485438700215955,26.661795818685135,1.8123488309594193
2011-12-07,59534.0,59535.0,58581.0,58663.0,2171800,-0.014663396936307471,24.575483218689097,24.856807456973996,25.841789510273514,1.626238003511583
2011-12-08,58664.0,59217.0,57260.0,57455.0,2720800,-0.02059219610316554,25.825220544080707,25.82500795079543,26.39103420291805,3.4061439387346617
2011-12-09,57455.0,58540.0,57455.0,58236.0,1946400,0.013593246888869537,27.95929697328674,24.77396191721122,26.316879574663517,1.8631087299951918
2011-12-12,58235.0,58235.0,56839.0,57347.0,2502200,-0.015265471529637975,25.4912115582878,25.343730005471716,24.321558475626183,2.4343034509215826
2011-12-13,57355.0,58153.0,57333.0,57495.0,2901200,0.0025807801628681126,22.833665003133643,24.169263034534012,24.297931729056046,1.42621097486738
2011-12-14,57495.0,57495.0,56647.0,56647.0,4140400,-0.014749108618140716,22.852170255689597,24.61814735254659,24.00513694612129,1.4969901318692957
2011-12-15,56647.0,57332.0,56232.0,56331.0,2605800,-0.005578406623475196,19.405036245412994,24.54758819514701,23.537793628641747,1.9527436047646944
2011-12-16,56334.0,56823.0,56087.0,56097.0,2440000,-0.004154018213772148,12.020160337544825,22.8230520135416,23.079912026631575,1.3120131201312013
2011-12-19,56100.0,56376.0,55298.0,55298.0,2833400,-0.014243185910119971,11.615611705669574,23.274567977469108,23.21056031386606,1.949437592679663
2011-12-20,55301.0,56865.0,55301.0,56865.0,3233000,0.028337372056855603,28.064745971494382,25.247013461542178,24.629963020503727,2.7503736920777277
2011-12-21,56865.0,56865.0,56046.0,56653.0,2264400,-0.003728128022509436,25.939986905888812,25.138898382083575,24.635897899974925,1.4456427726687024
2011-12-22,56656.0,57459.0,56557.0,57348.0,2289000,0.012267664554392432,26.553946364678687,24.644945920845405,23.86937461398795,1.5728534560926273
2011-12-23,57348.0,57792.0,57348.0,57701.0,1767200,0.006155402106437835,25.626340601183507,24.6554943129106,23.9038431314068,0.7694840644009636
2011-12-26,57702.0,57856.0,57669.0,57669.0,0,-0.0005545831094782017,20.15384682047589,24.454978205392784,23.056362342174626,0.3242643361251279
2011-12-27,57666.0,58111.0,57611.0,58005.0,1616600,0.005826353846954069,9.939127249047148,23.6090980075263,23.083426809711952,0.861994655633135
2011-12-28,58006.0,58010.0,56447.0,56534.0,1612000,-0.025359882768726805,23.346966756754664,24.948470201465938,24.15498575073006,2.7647079633494887
2011-12-29,56534.0,56945.0,56313.0,56754.0,2779200,0.0038914635440618905,21.153113120136943,22.929054593082004,22.916644545846275,1.1135778975931212
2012-01-03,57836.0,59288.0,57836.0,59265.0,3083000,0.044243577545195034,39.62819960198787,26.58720612319699,26.209117813767563,2.4500126550240444
2012-01-04,59263.0,59519.0,58558.0,59365.0,2252000,0.0016873365392726658,39.4400217461541,26.51315533839107,26.055603585544223,1.618798955613577
2012-01-05,59354.0,59354.0,57963.0,58546.0,2351200,-0.013796007748673511,41.8962476618418,26.308450571591035,26.323760606047557,2.3759095412154543
2012-01-06,58565.0,59261.0,58355.0,58600.0,1659200,0.0009223516551088995,34.53958503036449,26.020073160862957,25.773879012518684,1.5460750853242322
2012-01-09,58601.0,59220.0,58599.0,59083.0,2244600,0.008242320819112692,34.399793281824884,25.6707348046742,25.814955574122394,1.0510637577645008
2012-01-10,59090.0,60112.0,59090.0,59806.0,2689200,0.012237022493780003,15.763717643365775,24.781588882972944,25.812357955716337,1.7088586429455237
2012-01-11,59799.0,60094.0,59423.0,59962.0,2245200,0.0026084339363943165,15.770974189979443,24.425156576840536,25.27541852521923,1.1190420599713151
2012-01-12,59966.0,60504.0,59586.0,59921.0,2145600,-0.0006837663853773712,8.584679755910402,23.67455820227894,24.88347963168645,1.532017155921964
2012-01-13,59918.0,59918.0,58874.0,59147.0,5624200,-0.012917007393067559,15.345823390316916,24.244806022837896,24.049007505884138,1.7650937494716554
2012-01-16,59146.0,59982.0,59146.0,59956.0,1705000,0.013677785855580105,17.141732059994773,23.846753452947294,23.522891173864295,1.3943558609647073
2012-01-17,59961.0,60891.0,59961.0,60646.0,2524200,0.011508439522316394,16.900075796334647,23.823698036397566,23.649020802385703,1.5334894304653233
2012-01-18,60643.0,61723.0,60610.0,61723.0,2757800,0.01775879695280813,19.922357278657767,24.12926939254415,23.653084378199765,1.8032176012183467
2012-01-19,61726.0,62181.0,61566.0,61927.0,2843400,0.0033050888647667698,19.286945733848604,23.141628406923743,23.50671297065053,0.9931047846658162
2012-01-20,61932.0,62312.0,61593.0,62312.0,2246400,0.006216997432460847,9.185157036744055,21.609804497077416,23.0397331003464,1.1538708434972396
2012-01-23,62312.0,62693.0,61908.0,62386.0,2376000,0.0011875722172294267,10.624470841511812,21.441761011615746,22.016497242961666,1.2582951303176995
2012-01-24,62386.0,62536.0,61667.0,62486.0,2731000,0.001602923732888728,10.885088276152915,21.284364255155307,21.78063207979935,1.3907115193803412
2012-01-26,62486.0,63805.0,62485.0,62953.0,3174000,0.0074736741029990394,4.427179272367579,21.30467664176028,21.16259986389054,2.0968023763760266
2012-01-27,62955.0,63263.0,62769.0,62904.0,2218200,-0.0007783584578971992,5.5999423871532,21.311164526842553,21.1934974390501,0.7853236678112681
2012-01-30,62902.0,62902.0,61989.0,62770.0,2197600,-0.002130230192038618,5.841209757920322,21.414112523910767,20.57727862811398,1.45451648876852
2012-01-31,62772.0,63394.0,62664.0,63072.0,3437800,0.004811215548829129,6.280369995355077,18.59289958727794,20.398178181509124,1.1574074074074074
2012-02-01,63085.0,64567.0,63085.0,64567.0,3904000,0.02370306950786394,16.40409527089613,19.64226304609412,21.035729059088162,2.2952901637059178
2012-02-02,64569.0,64855.0,64224.0,64593.0,3107600,0.0004026824848606392,16.930778861009287,14.018485213262602,20.300075906961254,0.9768860402830029
2012-02-03,64589.0,65619.0,64137.0,65217.0,3059800,0.009660489526728933,16.214710683531848,14.114137992577335,19.144761371284254,2.272413634481807
2012-02-06,65217.0,65229.0,64743.0,65224.0,1919600,0.0001073339773371984,15.455841422398475,12.57843018256051,19.030874903487444,0.7451244940512695
2012-02-07,65213.0,65944.0,64801.0,65917.0,2722000,0.010624923341101544,15.312934720605343,12.612993567460714,18.98056943092338,1.7339988166937208
2012-02-08,65918.0,66383.0,65647.0,65831.0,2887000,-0.001304671025683768,9.123077125981366,12.79784334230113,19.054588963714096,1.118014309367927
2012-02-09,65831.0,66324.0,65189.0,65530.0,2688400,-0.00457231395543134,10.845098720030359,12.955964610396132,19.181853159283552,1.7320311307797955
2012-02-10,65525.0,65525.0,63880.0,63998.0,3501400,-0.023378605218983717,19.658851520012373,16.14267496291063,20.785529604794625,2.5703928247757744
2012-02-13,63999.0,65713.0,63999.0,65692.0,2619200,0.026469577174286663,29.382908019356986,17.96630960445922,19.973575469942876,2.6091457102843574
2012-02-14,65699.0,65855.0,64826.0,65039.0,2738200,-0.009940327589356368,29.014154684795606,17.630226738439074,20.44265570169072,1.5821276464890295
2012-02-15,65041.0,66004.0,65041.0,65368.0,3825400,0.005058503359522737,29.532604644723477,17.32057710541121,16.646946483364665,1.4731978949944928
2012-02-16,65364.0,66161.0,64798.0,66142.0,3068400,0.011840655978460513,30.65463332855379,17.338660117529557,16.819325143742926,2.060717849475371
2012-02-17,66158.0,66562.0,65823.0,66204.0,2352600,0.0009373771582352752,21.444037159270803,16.646089425872677,16.013010705295965,1.1162467524620867
2012-02-23,66084.0,66329.0,65590.0,65820.0,2322800,-0.005800253761102048,13.70740353313841,16.948384933087805,16.247759103864624,1.1227590398055303
2012-02-24,65820.0,66335.0,65820.0,65943.0,2119800,0.0018687329079307702,10.199710424423522,16.910039213671244,16.205750958526494,0.780977510880609
2012-02-27,65938.0,65954.0,65068.0,65241.0,2226000,-0.010645557526955063,13.537509524521491,17.53352800973811,16.514634647313745,1.3580417222298862
2012-02-28,65245.0,66152.0,65240.0,65959.0,2717000,0.011005349396851605,13.068090962734418,17.794378350209954,16.67779856249912,1.3826771176033597
2012-02-29,65970.0,66662.0,65533.0,65812.0,3345400,-0.0022286571961369628,13.037860339755964,17.779615957254556,16.71531577529782,1.7154926153285115
2012-03-01,65812.0,66931.0,65812.0,66810.0,2328800,0.015164407706801164,16.3990830777067,18.295986953196657,16.34202604716927,1.674898967220476
2012-03-02,66810.0,67791.0,66810.0,67782.0,2557000,0.014548720251459368,18.203438285766417,18.623432438076634,16.388172182591564,1.447286890324865
2012-03-05,67782.0,67782.0,66756.0,66964.0,2315800,-0.012068100675695637,19.01178197432921,19.401625853265674,16.88520150300493,1.5321665372438922
2012-03-06,66962.0,66962.0,64892.0,65114.0,2742600,-0.027626784540947358,28.899135753311363,20.587474834713024,18.56315350151888,3.1790398378228955
2012-03-07,65123.0,66053.0,65123.0,66017.0,2683400,0.013867985379488301,31.14604399885343,21.10290173944414,18.884734497850033,1.4087280548949512
2012-03-08,66032.0,67272.0,66032.0,66908.0,2890800,0.01349652362270315,30.679683722035968,21.33895592301009,19.13539154712703,1.853291086267711
2012-03-09,66908.0,67419.0,66679.0,66704.0,2253600,-0.0030489627548275777,28.010149737227835,21.38924644150505,19.198876876844626,1.1093787479011752
2012-03-12,66687.0,66687.0,65965.0,66385.0,2149800,-0.004782321899736153,26.995789972401113,21.194814917738096,19.30802188568375,1.0875950892520903
2012-03-13,66386.0,68420.0,66386.0,68394.0,3165200,0.030262860585975826,22.81949684764561,23.559835325649956,20.92230136044296,2.973945082902009
2012-03-14,68386.0,68970.0,67797.0,68257.0,2732800,-0.0020030996871071016,23.864551405784084,23.487255963135535,20.943762186827367,1.7185050617519082
2012-03-15,68259.0,68259.0,67458.0,67749.0,2295200,-0.007442460113980975,24.767320553499363,21.90930088938981,21.108591049422966,1.1823052738785813
2012-03-16,67749.0,68153.0,67505.0,67684.0,2408600,-0.0009594237553322005,24.510311806449945,20.167720700915037,21.123097685240126,0.9573902251639973
2012-03-19,67685.0,68159.0,67547.0,67730.0,2143600,0.0006796288635424474,23.70925524340281,19.73963981571674,20.140357192246455,0.9035877749889266
2012-03-20,67725.0,67725.0,66704.0,67296.0,2071400,-0.006407795659235216,5.600639504333726,19.9150734396086,20.273969991824423,1.5171778411792676
2012-03-21,67297.0,67436.0,66762.0,66860.0,1981000,-0.006478839752734222,5.879064503332632,19.72206708274973,20.24533280925888,1.0080765779240204
2012-03-22,66860.0,66860.0,65534.0,65828.0,2676200,-0.015435237810349944,10.010166901056861,20.486196181226283,20.792514489668946,2.0143404022604363
2012-03-23,65831.0,66253.0,65576.0,65813.0,2524800,-0.00022786656134166083,10.240195123276683,20.384679462736564,20.564971466552056,1.02867214684029
2012-03-26,65818.0,66776.0,65818.0,66685.0,2010800,0.013249661920897049,16.83874464201028,20.88606091241405,20.912675032522085,1.436604933643248
2012-03-27,66683.0,66968.0,65925.0,66037.0,2723000,-0.009717327734872883,17.407582033083084,20.825390192361652,21.073943111407743,1.579417599224677
2012-03-28,66032.0,66032.0,64819.0,65079.0,2883000,-0.014507018792495163,19.062926461704883,21.10183723256144,20.350662642609226,1.8638885047403926
2012-03-29,65074.0,65074.0,64096.0,64872.0,2895600,-0.003180749550546258,16.822987083622802,21.113923465628464,18.838390795013748,1.5075841657417683
2012-03-30,64875.0,65363.0,64245.0,64511.0,3155800,-0.005564804538167434,16.719938882344803,20.371751449657882,18.686916639503835,1.7330377765032319
2012-04-02,64515.0,65593.0,64199.0,65216.0,2966600,0.01092836880532011,15.231002740160655,20.04642641563947,18.906730203698274,2.1375122669283613
2012-04-03,65218.0,65530.0,64015.0,64284.0,2773600,-0.014290971540726227,16.52637309864496,20.204608834978412,19.000234817958976,2.3567295127870076
2012-04-04,64301.0,64301.0,63450.0,63529.0,2739600,-0.01174475763798144,15.65254561423134,18.313758179613565,19.248716438744154,1.3395457192778102
2012-04-05,63518.0,64299.0,63384.0,63691.0,2294800,0.0025500165278848907,16.52374667592513,17.5512573850378,19.231317986212,1.4366236987957481
2012-04-09,63690.0,63690.0,62462.0,62923.0,1788200,-0.01205821858661349,17.61137823172542,16.996449807799582,19.471341615179682,1.951591627862626
2012-04-10,62922.0,62922.0,61344.0,61738.0,3094000,-0.01883254136007506,12.73376196399176,17.87464296547001,19.944721921360625,2.5559622922673233
2012-04-11,61741.0,62356.0,61291.0,61293.0,2952600,-0.007207878454112526,12.527992455746578,17.9142675001486,19.627644672844024,1.7375556751994519
2012-04-12,61300.0,63061.0,61300.0,63058.0,3115800,0.028796110485699744,29.470822298324105,17.567402708553033,21.60679076907746,2.792667068413207
2012-04-13,63039.0,63039.0,61778.0,62106.0,2959600,-0.015097212090456447,30.639147952814334,17.97916560542188,21.377666647265347,2.0303996393263133
2012-04-16,62120.0,62688.0,61465.0,61955.0,2316600,-0.0024313270859498415,29.97323858018855,17.9570255712194,20.76956255425389,1.9740133968202727
2012-04-17,61959.0,62961.0,61959.0,62699.0,2704600,0.012008716003550912,27.582124871934717,18.793212923116336,21.01774246297925,1.5981116126254007
2012-04-18,62696.0,63243.0,62429.0,63010.0,4053800,0.004960206701861258,25.992611741361294,18.972816195161105,19.657484484076768,1.2918584351690208
2012-04-19,63007.0,63274.0,62478.0,62618.0,2358200,-0.0062212347246468624,16.500286182674017,18.969157432884113,19.192069444313013,1.2711999744482416
2012-04-20,62620.0,63369.0,62431.0,62494.0,2285200,-0.001980261266728456,11.483542252772368,18.939869840172317,18.644230438601202,1.5009440906327007
2012-04-23,62494.0,62494.0,60897.0,61539.0,2533400,-0.015281467020833994,16.58249444487083,18.927365963441794,19.02546550370262,2.5951022928549374
2012-04-24,61537.0,62001.0,61380.0,61971.0,2377000,0.007019938575537399,14.277543659046406,19.231743074329678,19.215130346925125,1.0020816188217068
2012-04-25,61989.0,62441.0,61328.0,61750.0,3307200,-0.0035661841829243146,12.746938174591596,18.32540661546996,16.56421583308037,1.8024291497975706
2012-04-26,61750.0,62282.0,61033.0,62198.0,3130000,0.007255060728744933,14.710488719678713,18.552276168606028,16.84450503136191,2.0081031544422654
2012-04-27,62203.0,62486.0,61667.0,61691.0,2547600,-0.008151387504421348,15.517711655879316,18.17297635010135,16.861851525961107,1.3275842505389763
2012-04-30,61691.0,61900.0,61231.0,61820.0,1963200,0.0020910667682481066,10.682290385560783,18.239019712903925,16.918008240706982,1.0821740537043028
2012-05-02,61820.0,62502.0,61594.0,62424.0,2955600,0.009770300873503723,11.791068355306152,18.654555823334352,17.289110974310145,1.4545687556068179
2012-05-03,62427.0,62783.0,61731.0,62104.0,3036000,-0.005126233499935906,12.254572560183473,18.128525524496915,17.26893864016223,1.693932757954399
2012-05-04,62104.0,62167.0,60438.0,60821.0,4961600,-0.020658894757181523,18.13245165847477,18.783232188935536,18.01739913408313,2.8427681228523043
2012-05-07,60802.0,61299.0,60391.0,61220.0,3370400,0.006560234129659115,19.199164117888557,18.726523074205794,17.834465911339713,1.4831754328650768
2012-05-08,61218.0,61218.0,59871.0,60365.0,3091200,-0.013966024175106173,20.650721657358957,19.124514466462124,18.134023630055403,2.2314254949059884
2012-05-09,60346.0,60346.0,59199.0,59786.0,3261600,-0.009591650791021311,16.209979669978257,18.987486624891538,17.57565859578274,1.9185093500150536
2012-05-10,59796.0,60752.0,59637.0,59702.0,2701400,-0.0014050112066370524,16.90639735158534,18.01795732805947,17.488101789571296,1.8676091253224347
2012-05-11,59703.0,60340.0,59138.0,59445.0,2532400,-0.00430471340993599,12.486181159538871,17.930630571645565,17.166870872889,2.022037177222643
2012-05-14,59443.0,59443.0,57539.0,57540.0,3047400,-0.03204642947262171,19.159069837338695,17.401358415652087,19.126241515980887,3.309002433090024
2012-05-15,57540.0,58024.0,56145.0,56238.0,4189200,-0.022627737226277422,20.57842668835604,18.16905454559259,19.878329561140582,3.3411572246523704
2012-05-16,56245.0,57693.0,55415.0,55888.0,4327600,-0.00622354991287033,21.163092825228976,18.158139947897197,19.33660709904777,4.076009161179502
2012-05-17,55886.0,56296.0,54038.0,54038.0,3709800,-0.033101918121958174,21.87054511426141,19.556685632955983,20.828002934921546,4.178541026684925
2012-05-18,54032.0,54914.0,53856.0,54513.0,4306200,0.008790110662866946,28.602664505330406,19.893435697656397,21.156753343661713,1.940821455432649
2012-05-21,54516.0,56678.0,54516.0,56590.0,3569000,0.03810100343037437,44.406529253579954,25.25728282170569,24.50382631992096,3.820462979324969
2012-05-22,56586.0,56586.0,54886.0,55039.0,3667400,-0.027407669199505214,45.84312999904257,26.422861429893196,25.341889542007905,3.0887189084104
2012-05-23,55039.0,55052.0,53028.0,54619.0,4334000,-0.007630952597249219,45.89760335007435,26.212626618665468,24.99033501440403,3.705670188029807
2012-05-24,54620.0,54820.0,53176.0,54063.0,4013800,-0.010179607828777582,39.218621336716346,25.8493132368753,25.03873467326026,3.0408967315909217
2012-05-25,54062.0,54970.0,53847.0,54463.0,2988400,0.007398775502654331,39.0416785367513,26.273865852685486,23.307380198525557,2.0619503148926794
2012-05-28,54467.0,55609.0,54467.0,55213.0,1857200,0.013770816884857595,25.61835326739485,26.774948984854944,23.694193970525664,2.0683534674804847
2012-05-29,55214.0,55763.0,54554.0,54633.0,3048000,-0.010504772426783493,17.86095638011532,26.8164596093833,23.768915865736894,2.2129482181099336
2012-05-30,54632.0,54632.0,53382.0,53798.0,3298400,-0.01528380282979147,20.207240082034364,26.86129733708828,23.47855165059238,2.3235064500539053
2012-05-31,53805.0,54509.0,53090.0,54490.0,4826000,0.012862931707498415,21.594358347412385,27.116900193438532,23.877755628245357,2.604147550009176
2012-06-01,54488.0,54488.0,53087.0,53403.0,2986400,-0.019948614424665112,25.399140749544717,27.518310320614773,24.28074675901552,2.6234481208920846
2012-06-04,53408.0,53960.0,53367.0,53417.0,2360000,0.00026215755669167784,20.920439440253045,27.16374260033565,24.31509019789716,1.1101334781062209
2012-06-05,53413.0,53917.0,52481.0,52481.0,2530000,-0.017522511559990295,22.30917906929889,27.038906501787014,24.405108654516518,2.7362283493073685
2012-06-06,52486.0,54195.0,52486.0,54156.0,3542000,0.031916312570263505,34.39404153344718,30.08556395163675,26.466146433552435,3.1556983529064184
2012-06-08,54150.0,54432.0,53685.0,54430.0,2627600,0.005059457862471417,33.19720377824739,30.230616932845187,26.60601616017339,1.372404923755282
2012-06-11,54434.0,55401.0,53905.0,54001.0,2736600,-0.007881682895462094,29.54396610536298,30.23607476593348,26.40750596857675,2.7703190681654046
2012-06-12,54001.0,55049.0,53906.0,55049.0,3894600,0.01940704801762938,31.730228075465984,31.359633372295836,27.27598830648004,2.07633199513161
2012-06-13,55041.0,55989.0,54523.0,55651.0,4187800,0.010935711820378113,23.759392254779712,29.925838691659678,27.5566954362497,2.6342743167238685
2012-06-14,55641.0,55769.0,54952.0,55352.0,3299200,-0.005372769581858394,18.007323707720822,28.966617428051016,27.278150120438273,1.4760080936551525
2012-06-15,55349.0,56105.0,55203.0,56105.0,3900800,0.013603844486197447,19.179168752876446,29.293870512702057,27.738700950696376,1.6076998484983513
2012-06-18,56066.0,56579.0,55486.0,56195.0,2960600,0.0016041351038231788,15.67228709233039,26.64837313846377,27.269871564334046,1.9450129015036928
2012-06-19,56210.0,57567.0,56210.0,57195.0,3658800,0.017795177506895632,14.961119813097962,27.11600171314577,27.783476070147152,2.372585016172742
2012-06-20,57196.0,57611.0,56529.0,57167.0,3202000,-0.0004895532826295623,15.595997397013821,23.81323865138542,27.557648764011063,1.892700334108839
2012-06-21,57162.0,57218.0,55505.0,55505.0,2601800,-0.02907271677716161,29.135244607186237,24.065550219444432,28.603018765201387,3.086208449689217
2012-06-22,55518.0,56019.0,55083.0,55440.0,2476800,-0.0011710656697594413,26.80376095226224,23.893602361141973,28.603746980776624,1.6883116883116882
2012-06-25,55406.0,55406.0,53694.0,53805.0,2160000,-0.029491341991341957,32.46704605651242,25.868523354454688,29.668130212891942,3.181860421893876
2012-06-26,53806.0,54193.0,53398.0,53837.0,2707000,0.0005947402657746625,25.172247196372506,25.72696108998251,28.385944550599152,1.476679606961755
2012-06-27,53837.0,54006.0,53084.0,53109.0,3825800,-0.013522298790794474,23.053134589754272,25.566165566604322,27.9316837686988,1.7360522698600989
2012-06-28,53107.0,53306.0,52271.0,52652.0,3531600,-0.008604944548005089,19.173032155339577,25.492321319784256,27.97327293019154,1.965737293929955
2012-06-29,52656.0,54355.0,52656.0,54355.0,3744800,0.03234445035326283,36.40224131076768,27.536276332085475,28.047710356804973,3.125747401343023
2012-07-02,54355.0,54754.0,53961.0,54693.0,2874200,0.0062183791739489624,28.442367922574203,27.259266794609534,27.990270891043355,1.4499113232040663
2012-07-03,54704.0,56228.0,54704.0,55780.0,4064400,0.01987457261441139,30.463367275760678,27.018442729751214,26.29625616800168,2.7321620652563645
2012-07-04,55780.0,56322.0,55485.0,56077.0,1718400,0.005324489064180815,24.768402112477578,27.029279503522552,25.051090509263936,1.492590545143285
2012-07-05,56083.0,56943.0,55828.0,56379.0,3128600,0.0053854521461562666,19.130471533274918,26.042852015480456,24.956868276308967,1.977686727327551
2012-07-06,56376.0,56376.0,54967.0,55394.0,2701800,-0.017471044183117845,21.320259901141096,24.856234773969994,25.331844853349743,2.543596779434596
2012-07-10,55392.0,55588.0,53668.0,53706.0,3467800,-0.03047261436256632,32.00496794863282,27.105764521585957,26.82590589801814,3.575019550888169
2012-07-11,53708.0,54135.0,53233.0,53569.0,2970600,-0.002550925408706717,24.861660578342434,26.98543844880854,26.49552836154735,1.6838096660381936
2012-07-12,53564.0,53616.0,52489.0,53421.0,3047600,-0.0027627919132333645,22.70965740367988,26.027018672428788,26.345539354586915,2.1096572508938434
2012-07-13,53422.0,54428.0,53420.0,54331.0,2784600,0.017034499541378922,28.349585233529062,26.470251343187712,26.44672253720952,1.8552943991459756
2012-07-16,54316.0,54418.0,53216.0,53402.0,2821800,-0.01709889381752594,28.26611923875338,27.01976010275532,26.65085704795203,2.250852028013932
2012-07-17,53403.0,54037.0,53119.0,53909.0,2519400,0.009494026440957315,20.75003691015165,26.765298414446747,26.148634786177265,1.7028696507076742
2012-07-18,53909.0,54588.0,53551.0,54583.0,2296200,0.012502550594520434,21.926605648495652,27.200804280236095,26.38079337860254,1.8998589304362163
2012-07-19,54588.0,55491.0,54588.0,55347.0,2879200,0.013997032042943669,21.978195437533813,26.89593131811773,26.05256774013267,1.6315247438885576
2012-07-20,55337.0,55337.0,54138.0,54195.0,2865000,-0.020814136267548355,27.117437481897195,27.71583348524199,25.244061515999427,2.2123812159793337
2012-07-23,54183.0,54183.0,52213.0,53034.0,2807800,-0.02142264046498754,28.91089129405043,26.902741020377242,25.953056169699025,3.714598182298148
2012-07-24,53038.0,53416.0,52399.0,52639.0,2762600,-0.007448052192932875,27.407681740253242,26.965314693540954,25.942983920837047,1.9320275841106405
2012-07-25,52658.0,53233.0,52346.0,52608.0,2216000,-0.0005889169627082413,23.554996422271312,25.090415457366177,25.232407238379473,1.6860553527980535
2012-07-26,52638.0,54126.0,52638.0,54003.0,3017600,0.02651687956204385,31.13028290480725,26.837775312195113,26.276209236403453,2.755402477640131
2012-07-27,54024.0,57046.0,54024.0,56553.0,4674400,0.04721959891117167,43.87440174339024,30.849703508308977,29.691961573716824,5.343659929623539
2012-07-30,56551.0,57241.0,56090.0,57241.0,2965600,0.012165579191201203,34.81608055377784,30.689008105783657,29.641304812965696,2.0107964570849566
2012-07-31,57243.0,57466.0,56097.0,56097.0,692000,-0.01998567460386791,40.68239629129711,29.98015101624718,30.246984300876456,2.4404157085049114
2012-08-01,56091.0,56385.0,55425.0,55623.0,598200,-0.008449649713888396,42.67833777823286,30.130110362810463,29.868106381937064,1.7259047516315196
2012-08-02,56289.0,56289.0,55239.0,55520.0,2838000,-0.0018517519731046095,41.110107676766745,29.34254664096233,29.86965108915135,1.8912103746397693
2012-08-03,55524.0,57399.0,55524.0,57255.0,3577400,0.03125,31.39326972896389,31.254188202257154,30.02487903307388,3.2748231595493844
2012-08-06,57255.0,58996.0,56893.0,58345.0,3613400,0.019037638634180398,33.04455685616677,31.838340314218378,30.45399050321765,3.6044219727483076
2012-08-07,58343.0,59316.0,57679.0,57726.0,3447200,-0.01060930671008653,29.20409371910262,31.400095868763593,29.230879871791533,2.8358105533035376
2012-08-08,57723.0,58964.0,57603.0,58951.0,3233200,0.021220940304195635,27.586804275720723,29.692720420750053,29.7206148571476,2.3086970534850977
2012-08-09,58950.0,59202.0,58115.0,58797.0,2863000,-0.002612339061254243,27.82832109383105,29.694594738585163,29.35320694968102,1.8487337789342992
2012-08-10,58774.0,59365.0,58128.0,59281.0,3080000,0.008231712502338562,21.753395311989372,29.59475149705949,29.151716481707318,2.0866719522275265
2012-08-13,59281.0,59543.0,58601.0,59123.0,2539200,-0.0026652721782696176,19.567688565323454,29.382562759135777,27.9475504417961,1.593288567900817
2012-08-14,59123.0,59605.0,57904.0,58083.0,3533800,-0.017590447034149137,22.90513039981643,29.427906150916733,28.551379270885125,2.928567739269666
2012-08-15,58083.0,58375.0,57630.0,58189.0,4578200,0.0018249746053062843,15.093668630740472,29.372993033156565,28.053253127755585,1.280310711646531
2012-08-16,58190.0,59544.0,58190.0,59446.0,3477000,0.021602021000532767,22.843036305942586,29.87725280895759,28.633719744481972,2.2776974060491875
2012-08-17,59443.0,59822.0,58944.0,59082.0,2954200,-0.006123204252599046,22.760083624798664,29.862270137417124,28.71324116961474,1.486070207508209
2012-08-20,59083.0,59462.0,58629.0,59283.0,3001200,0.0034020513862089707,22.819130423873656,28.54967489268383,28.132416586046748,1.4051245719683552
2012-08-21,59298.0,60209.0,58684.0,58918.0,3926400,-0.006156908388576854,18.005825438064054,27.26861951665489,26.497507798682594,2.588343120947758
2012-08-22,58918.0,59585.0,58443.0,59381.0,3708800,0.007858379442615249,18.284132574270267,26.889672821839756,26.472050850378253,1.9231740792509389
2012-08-23,59382.0,59382.0,58145.0,58512.0,3342000,-0.014634310638082848,14.062224364434481,27.742748058078586,26.938428735105962,2.1140962537599126
2012-08-24,58511.0,58750.0,57833.0,58426.0,3212600,-0.001469783975936556,13.824417897756103,26.71070278733921,26.643503954215724,1.5695067264573992
2012-08-27,58424.0,58462.0,57853.0,58111.0,2344200,-0.005391435319891835,12.962086908520904,21.705596347709584,26.103450257853687,1.047994355629743
2012-08-28,58109.0,58745.0,57976.0,58406.0,2728200,0.005076491542048922,14.15990985910564,21.398641586360895,26.038538661577466,1.316645550114714
2012-08-29,58414.0,58553.0,57061.0,57369.0,4106200,-0.01775502516864702,14.909139031436759,21.134725115054636,26.53118834935543,2.600707699280099
2012-08-30,57366.0,57508.0,56901.0,57256.0,3132600,-0.0019697048928863925,13.366389994604166,20.881479250467336,26.295582757098256,1.0601509012155932
2012-08-31,57257.0,57835.0,56719.0,57061.0,5747200,-0.0034057566019282115,13.177288650226332,20.919444406099377,25.49750674935866,1.9558016859150733
2012-09-03,57065.0,57457.0,56954.0,57281.0,2317000,0.003855523036750075,14.441360461869971,17.930964655697846,24.527326577851586,0.8781271276688605
2012-09-04,57272.0,57272.0,56203.0,56234.0,3236000,-0.018278312180304068,15.827447253174665,17.617247187343906,25.110066415892064,1.9009851691147703
2012-09-05,56236.0,56904.0,56236.0,56864.0,3313000,0.011203186684212385,17.302067303177466,17.845461554089024,25.223520417132185,1.174732695554305
2012-09-06,56868.0,58328.0,56868.0,58321.0,3620600,0.02562253798536851,25.96838800686452,18.575559462384174,25.151420957606007,2.5033864302738293
2012-09-10,58325.0,59421.0,58325.0,58404.0,3513600,0.0014231580391281806,25.343049368549515,18.56887329465548,21.315060711389037,1.8765837956304363
2012-09-11,58405.0,59515.0,58404.0,59423.0,3854800,0.017447435107184495,26.829086340515968,19.35722539454118,21.605023574702777,1.8696464331992662
2012-09-12,59429.0,60136.0,59205.0,59922.0,4849800,0.008397421873685307,14.579061425764579,19.530576576287544,20.71877707611767,1.5536864590634492
2012-09-13,59921.0,62117.0,59629.0,61958.0,5974600,0.033977504088648525,20.678464952401615,21.510922133192324,22.390517821860605,4.015623486878208
2012-09-14,61955.0,63428.0,61823.0,62105.0,5816200,0.0023725749701410948,21.410035652759017,21.507453748531777,22.332944633825626,2.5843329844617986
2012-09-17,62106.0,62692.0,61552.0,61806.0,3903000,-0.004814427179776204,23.807842215672817,20.585491082728563,20.88547956817178,1.8444811183380254
2012-09-18,61806.0,62132.0,61447.0,61804.0,3202000,-3.235931786560453e-05,24.275321927214794,20.392292523987944,20.307435460919315,1.1083425021034237
2012-09-19,61806.0,62514.0,61519.0,61652.0,3391000,-0.0024593877418936927,25.357241413748227,20.450672271510417,20.00277855933178,1.6138973593719588
2012-09-20,61652.0,61908.0,60961.0,61688.0,2923200,0.0005839226626873639,4.448721760587412,20.246438282696946,19.18133362079714,1.5351445986253403
2012-09-21,61695.0,62223.0,61300.0,61320.0,2985400,-0.005965503825703489,4.556890671448939,20.33155440550133,19.269496135703772,1.505218525766471
2012-09-24,61319.0,61932.0,61075.0,61910.0,3329800,0.009621656881930951,9.18607402514722,19.613479291388717,19.316019327015386,1.3842674850589565
2012-09-25,61913.0,61947.0,60357.0,60501.0,3873600,-0.02275884348247459,18.858311118257035,21.489251930332216,20.533733764062966,2.6280557346159568
2012-09-26,60506.0,60506.0,59725.0,60478.0,3139400,-0.00038015900563626026,19.035846353608655,21.349073844409475,19.782877621129117,1.2913786831575118
2012-09-27,60483.0,60889.0,59876.0,60240.0,3811000,-0.003935315321273891,18.649635285969048,21.412988867949306,19.84304629697722,1.6816069057104914
2012-09-28,60240.0,60240.0,58864.0,59176.0,3690000,-0.017662682602921698,20.872493182652665,21.402515261399067,19.601949479751944,2.3252670001351903
2012-10-01,59171.0,60216.0,59171.0,59571.0,2759600,0.006675003379748468,19.448363043849437,21.432159909232652,19.609945919012397,1.754209262896376
2012-10-02,59575.0,60091.0,59028.0,59222.0,3198400,-0.005858555337328597,14.130013958669046,21.52639443730506,19.668218334502626,1.7949410691972578
2012-10-03,59222.0,59483.0,58542.0,58627.0,3195600,-0.010046942014791838,14.136275225876876,21.899398382721966,19.806542122121705,1.6050625138588022
2012-10-04,58627.0,59002.0,58105.0,58458.0,3365200,-0.002882630869735836,14.260123525783019,20.795894624690455,19.676192571904135,1.5344349789592528
2012-10-05,58460.0,59441.0,58414.0,58572.0,3244200,0.0019501180334600132,10.387635700662026,20.52121610951227,19.218949409663217,1.7533975278289968
2012-10-08,58572.0,59318.0,58170.0,59317.0,2596200,0.012719388103530793,13.879224388341301,19.04278492645028,19.55498439950509,1.9353642294789013
2012-10-09,59319.0,59697.0,58616.0,58939.0,3146400,-0.00637254075560123,14.00095290483816,19.205291037876336,19.58305522537018,1.8340996623627819
2012-10-10,58944.0,59320.0,58341.0,58456.0,2781600,-0.008194913385025204,13.284291272877882,18.39179005651413,19.693629130818465,1.6747639250034214
2012-10-11,58460.0,59360.0,58460.0,59162.0,2817800,0.012077459969891846,15.665746890440927,18.663759748991627,19.235678227838047,1.5212467462222372
2012-10-15,59164.0,59758.0,58790.0,59602.0,3119200,0.00743720631486422,16.038439593333234,14.212288556379288,19.298469255635055,1.6241065736049127
2012-10-16,59602.0,60412.0,59484.0,59744.0,3251000,0.00238247038689976,13.836213090569188,14.21265554895621,19.245785451102098,1.553294054633101
2012-10-17,59742.0,60398.0,59683.0,60087.0,4209400,0.005741162292447699,12.073023582762344,14.400224181519446,19.272699731228567,1.189941251851482
2012-10-18,60087.0,60087.0,59322.0,59734.0,3321200,-0.0058748148517981935,10.637039367621297,14.477289701772095,18.476108532213566,1.280677671008136
2012-10-19,59701.0,59846.0,58782.0,58922.0,3000200,-0.013593598285733366,13.979365186216159,15.064282446799767,18.806889677071702,1.8057771290859101
2012-10-22,58925.0,59205.0,58541.0,58700.0,2803400,-0.0037676928821153144,11.944304342858391,15.041587344333532,17.371901923174402,1.131175468483816
2012-10-23,58679.0,58679.0,57388.0,57690.0,3395600,-0.017206132879046043,14.235678641379149,15.86638070896429,18.089034126714488,2.237822846247183
2012-10-24,57686.0,57986.0,57159.0,57161.0,2934800,-0.00916970012133822,8.743971742104055,15.330987266931173,17.447290286089075,1.4467906439705394
2012-10-25,57161.0,58274.0,57161.0,57837.0,0,0.011826245167159355,18.018004685384096,14.590831179909161,17.639028770859092,1.9243736708335495
2012-10-26,57833.0,57833.0,57061.0,57277.0,2999400,-0.009682383249477011,17.228454674502956,14.80677034315482,14.3157129801393,1.3478359550954135
2012-10-29,57267.0,57267.0,56581.0,57177.0,1709800,-0.0017459014962375452,17.42261099524103,14.800284743464044,14.241581136573211,1.199783129580076
2012-10-30,57178.0,57764.0,57178.0,57684.0,1606000,0.008867201846896489,15.861915150575573,14.20351681307138,14.613336747173127,1.015879619998613
2012-10-31,57682.0,57935.0,56929.0,57068.0,2794200,-0.01067887109077037,16.43840805648044,14.266744484458508,14.797119290093915,1.7628092801570059
2012-11-01,57065.0,58383.0,56960.0,58383.0,2980200,0.023042685918553296,22.46690077894988,16.60412535748162,16.560804197876667,2.4373533391569464
2012-11-05,58374.0,58374.0,57551.0,58210.0,2617200,-0.002963191339944826,20.710983358658392,16.275852517841454,16.549051309251055,1.413846418141213
2012-11-06,58220.0,59561.0,58174.0,59459.0,3470000,0.021456794365229293,23.5081627711983,17.891054732809117,17.820405952578255,2.3326998435897006
2012-11-07,59460.0,59460.0,58274.0,58517.0,3084000,-0.015842849694747696,28.83842182654906,18.794506689227788,18.032748767856926,2.026761453936463
2012-11-08,58523.0,59008.0,57420.0,57524.0,3201000,-0.016969427687680505,30.984538415879143,19.078957369991908,17.519199370204714,2.7605868854738893
2012-11-09,57517.0,58109.0,56862.0,57358.0,4250400,-0.0028857520339337084,24.557573744367154,19.002348057786207,17.518819610778706,2.17406464660553
2012-11-12,57358.0,57712.0,56988.0,57064.0,2071200,-0.00512570173297533,24.579051177801876,18.8899317015059,17.53537634886386,1.2687508762091686
2012-11-13,57049.0,57529.0,56593.0,57486.0,3363400,0.007395205383429193,15.968554442465601,18.54550554300349,17.056168880653154,1.6282225237449117
2012-11-14,57472.0,57472.0,56038.0,56279.0,3606400,-0.020996416518804573,18.106420365295797,19.45066457620947,17.85376061588035,2.548019687627712
2012-11-16,56277.0,56277.0,55126.0,55402.0,3471800,-0.015583077169103898,17.681853932193388,19.855622387806186,18.262128069271167,2.0775423269918054
2012-11-19,55387.0,56666.0,55387.0,56451.0,2782800,0.01893433450055948,26.034562512320825,21.116282368372,19.08702616567116,2.265681741687481
2012-11-21,56453.0,56789.0,55946.0,56242.0,3592200,-0.003702325910967086,25.983493710997795,21.090906762065668,19.09481892727299,1.4988798406884534
2012-11-22,56245.0,56643.0,56242.0,56437.0,2146200,0.003467159773834494,25.14967513734882,20.815038371735692,19.121730461669607,0.7105267820755887
2012-11-23,56439.0,57574.0,56248.0,57574.0,3182000,0.020146357885784116,24.136524410430056,22.159571167355153,19.702737354987658,2.3031229374370374
2012-11-26,57571.0,57572.0,56502.0,56737.0,2752800,-0.014537812206898981,23.589649077715862,21.92918017431204,20.03838073083885,1.8858945661561237
2012-11-27,56737.0,57420.0,56248.0,56248.0,3554200,-0.008618714419162066,21.225706052428713,21.90318886899628,20.05162371171964,2.0836296401649834
2012-11-28,56206.0,56591.0,55686.0,56539.0,3465400,0.005173517280614437,21.356256790005446,21.542999913904467,19.751798934916348,1.6006650276800083
2012-11-29,56562.0,57853.0,56562.0,57853.0,3401400,0.023240594987530727,26.673477235579305,22.84902133713362,20.86821046589433,2.2315178123865658
2012-11-30,57845.0,58031.0,56704.0,57475.0,5047000,-0.0065338011857639655,23.744007871866447,22.97017351084395,20.905973995618275,2.3088299260548064
2012-12-03,57479.0,58332.0,57479.0,58202.0,3485800,0.01264897781644203,21.143336799339153,23.183290463565488,21.19925969282781,1.4655853750730217
2012-12-04,58212.0,58520.0,57547.0,57563.0,3937200,-0.010979004157932737,22.156074630634226,23.20179537008109,21.35281422216298,1.6903219081701788
2012-12-05,57597.0,58127.0,57231.0,57679.0,3582400,0.002015183364313833,22.227792044213665,21.725501023063316,21.03905061189441,1.5534249900310337
2012-12-06,57685.0,57860.0,57129.0,57656.0,3203200,-0.0003987586469945681,14.316495514441968,21.706850528937217,21.01797959177087,1.2678645761065632
2012-12-07,57656.0,58594.0,57636.0,58487.0,3042400,0.014413070625780566,16.455929951267976,20.938108312115954,20.832840418219856,1.6379708311248655
2012-12-10,58468.0,59248.0,58091.0,59248.0,3061800,0.013011438439311407,16.583846571254043,20.693439791245506,20.92614459759769,1.952808533621388
2012-12-11,59257.0,59747.0,58951.0,59623.0,3988600,0.006329327572238697,10.382444460812753,19.742835778194284,20.74527435385985,1.3350552639082234
2012-12-12,59626.0,59859.0,59291.0,59474.0,4749600,-0.002499035607064437,12.117762707867975,19.731767895003774,20.524234363893118,0.9550391767831321
2012-12-13,59459.0,59969.0,59154.0,59317.0,3569400,-0.0026398089921646495,12.958517883201438,19.640408276186477,20.537529381419894,1.3739737343426
2012-12-14,59320.0,59824.0,59273.0,59605.0,3405800,0.004855269147124863,10.455205179094273,19.570750756932636,20.441875990351914,0.9244190923580236
2012-12-17,59604.0,59914.0,59323.0,59567.0,3114400,-0.0006375304085227684,6.707072053360294,17.771039343621343,20.140949679656995,0.992160088639683
2012-12-18,59568.0,60539.0,59565.0,60461.0,4364800,0.015008309970285572,11.846291220722838,16.930714962709086,19.51947172910444,1.6109558227617802
2012-12-19,60461.0,61212.0,60396.0,60998.0,4427600,0.008881758488943348,11.374389259743097,16.171264831415026,19.59958828723824,1.3377487786484803
2012-12-20,60992.0,61276.0,60622.0,61276.0,3083400,0.004557526476277829,9.23868155275489,15.943507352875336,18.706005986645874,1.067302043214309
2012-12-21,61271.0,61271.0,60221.0,61007.0,3157400,-0.004389973235850886,12.164582252734553,16.215190457541,18.090524749170168,1.721113970527972
2012-12-26,61003.0,61322.0,60861.0,60960.0,2598000,-0.0007704033963316093,12.201511919001074,15.135476109171103,17.24662218163803,0.756233595800525
2012-12-27,60964.0,61191.0,60233.0,60416.0,2852600,-0.00892388451443571,11.198972622662422,14.435433272778022,17.482216010896835,1.5856726694915255
2012-12-28,60416.0,61066.0,60416.0,60952.0,2626000,0.008871822033898358,11.193936909260795,13.918513120494708,17.47166343897938,1.0664129150807193
2013-01-02,60990.0,62887.0,60990.0,62550.0,3739800,0.02621735135844605,22.129408043522364,15.930716072120566,18.756936379708783,3.0327737809752198
2013-01-03,62555.0,63473.0,62341.0,63312.0,3355800,0.012182254196642761,21.18350335106607,14.740077672803146,17.509542890009914,1.7879706848622696
2013-01-04,63314.0,63314.0,62415.0,62523.0,6233800,-0.012462092494313848,25.292258737322413,15.418742985204052,17.227449772548432,1.4378708635222237
2013-01-07,62523.0,62699.0,61639.0,61933.0,3985800,-0.009436527357932323,25.474282068186106,15.763122941822976,17.065498055683005,1.711526972696301
2013-01-08,61933.0,62265.0,61081.0,61128.0,3840600,-0.012997917103967138,28.024241515453546,16.00256875525708,17.594288009771482,1.936919251406884
2013-01-09,61129.0,61812.0,61103.0,61579.0,3236400,0.007377960999869204,18.934946354513563,16.07230786545092,17.64284785042913,1.151366537293558
2013-01-10,61578.0,61947.0,61156.0,61678.0,4100600,0.001607690933597583,14.55013246806538,16.03116352687606,16.876006363594843,1.2824670060637504
2013-01-11,61662.0,61683.0,61198.0,61497.0,3161000,-0.0029345958040144504,13.04082961615117,15.63247906998063,16.18793194774083,0.7886563572206774
2013-01-14,61511.0,62285.0,61511.0,62081.0,3481400,0.009496398198286071,14.275107197607099,15.378285885681622,15.932892704019874,1.246758267424816
2013-01-15,62079.0,62151.0,61695.0,61728.0,3819200,-0.005686119746782459,10.30912051377928,15.541185005325264,16.134070683023687,0.7387247278382582
2013-01-16,61726.0,61787.0,61241.0,61787.0,2789200,0.0009558061171590637,9.12811924033542,15.469514263908154,14.951882729406224,0.8836810332270543
2013-01-17,61806.0,62309.0,61683.0,62194.0,3382000,0.006587146163432367,10.079211411329544,15.461281876245527,14.76541633191889,1.0065279608965494
2013-01-18,62197.0,62395.0,61822.0,61956.0,3495200,-0.0038267356979773126,10.352926278529164,15.572803049770389,14.56918717972518,0.924849893472787
2013-01-21,61962.0,62052.0,61804.0,61900.0,2143400,-0.000903867260636626,7.54854083710323,15.578520772795596,14.065591035705403,0.40064620355411956
2013-01-22,61904.0,61995.0,61534.0,61692.0,3475000,-0.0033602584814216296,6.687871864300647,14.912895618833666,14.166351629590231,0.7472605848408221
2013-01-23,61692.0,61969.0,61543.0,61966.0,3209000,0.004441418660442231,7.45184693534261,14.695010795911568,14.15618835647454,0.6874737759416454
2013-01-24,61966.0,62249.0,60838.0,61170.0,3605200,-0.012845754123228859,9.947678807076043,15.354738471852,14.356601843806235,2.3066862841262057
2013-01-28,61178.0,61313.0,59921.0,60027.0,3426800,-0.01868563021088765,14.836187968595421,16.6123299716046,15.076128816143905,2.3189564695886853
2013-01-29,60027.0,60428.0,59758.0,60406.0,3192600,0.006313825445216414,17.18071657067367,16.78987301541019,15.075606738182767,1.109161341588584
2013-01-30,60405.0,60405.0,59305.0,59337.0,4661200,-0.017696917524749223,19.29426147720261,17.607421374615555,15.954320541892228,1.8538180224817569
2013-01-31,59344.0,59771.0,59114.0,59761.0,4749400,0.007145625832111424,20.428050651612832,17.497768926026986,16.06680394962946,1.0993791937885913
2013-02-01,59764.0,60496.0,59742.0,60351.0,3412400,0.009872659426716446,22.682564429378456,15.053686030809594,16.25517298419407,1.2493579228181804
2013-02-04,60350.0,60350.0,59256.0,59576.0,3347800,-0.012841543636393782,20.330739483313973,14.644740222598543,16.705703637588105,1.8363099234591111
2013-02-05,59576.0,59974.0,59132.0,59445.0,4429600,-0.002198872029004928,19.148908470187894,14.221533870431745,16.101075556354495,1.4164353604171924
2013-02-06,59442.0,59582.0,58588.0,58951.0,4410400,-0.008310202708385894,15.458490988925169,14.156145677794457,15.999866727322612,1.6861461213550237
2013-02-07,58936.0,59435.0,58116.0,58372.0,4071600,-0.009821716340689735,14.290590761277686,13.894302691538197,16.10140469015402,2.259645035290893
2013-02-08,58374.0,58638.0,58025.0,58498.0,3152400,0.002158569177002745,9.641543861249179,13.556490726411452,16.113507766248517,1.0478990734725973
2013-02-13,58495.0,58754.0,58252.0,58406.0,2803800,-0.001572703340285142,7.9182222370502116,13.482401478461343,16.11268149551025,0.8595007362257302
2013-02-14,58406.0,58406.0,57751.0,58077.0,2385200,-0.005632982912714413,7.814683046401242,13.524242465146552,16.006600515466165,1.1278130757442706
2013-02-15,58076.0,58352.0,57802.0,57903.0,3519200,-0.002996022521824515,7.120338832994248,12.778115643078658,15.720436870922455,0.9498644284406679
2013-02-18,57906.0,57929.0,57420.0,57614.0,2697200,-0.0049911058148973675,4.94232163435788,12.763894034161998,13.331696303812675,0.8834658242788211
2013-02-19,57619.0,58061.0,57234.0,57314.0,3921000,-0.005207067726594183,2.746530159185428,12.686446410961269,12.575856880794046,1.4429284293540845
2013-02-20,57312.0,57569.0,56034.0,56178.0,4950200,-0.01982063719161109,10.84991719027283,13.312645121914935,13.207614362203838,2.732386343408452
2013-02-21,56153.0,56227.0,55430.0,56155.0,4915800,-0.00040941293744878315,12.052872946749583,13.396462575001031,13.115448011744387,1.4192859050841422
2013-02-22,56159.0,56742.0,56107.0,56697.0,5113800,0.009651856468702702,16.872533712298615,14.239539062959949,13.290691061441473,1.119988711924793
2013-02-25,56698.0,57157.0,56419.0,56618.0,3965400,-0.0013933717833395365,16.953379145919122,14.269269458891001,12.965000048203335,1.3034723939383235
2013-02-26,56616.0,57007.0,56047.0,56949.0,4510600,0.00584619732240621,18.00898187014256,14.382326551809307,13.146109299662548,1.6857188010325028
2013-02-27,56948.0,57402.0,56685.0,57274.0,5034000,0.005706860524328894,7.391675736674072,14.376137417492146,13.3650180302053,1.2518769424171527
2013-02-28,57273.0,57798.0,56925.0,57424.0,4441800,0.0026189894192827357,6.549049876681018,13.31948163637771,12.979074765871532,1.5202702702702704
2013-03-01,57422.0,57422.0,56526.0,56884.0,3889600,-0.009403733630537703,10.09308620472434,13.184322559356573,13.10095007961118,1.5751353631952747
2013-03-04,56878.0,56878.0,56067.0,56499.0,4033800,-0.006768159763729686,11.420925182590407,12.132479841911392,13.105566521040618,1.4354236358165633
2013-03-05,56508.0,57227.0,55951.0,55951.0,4261000,-0.009699286713039212,11.39691263027303,11.88014276604587,12.925047577523467,2.2805669246304805
2013-03-06,55953.0,58150.0,55953.0,57940.0,5806000,0.03554896248503159,30.41801846914161,17.44200598586977,17.17480584337258,3.7918536416983084
2013-03-07,57940.0,59472.0,57940.0,58847.0,6338200,0.01565412495685181,31.835746815700976,17.971339539901344,17.93494626203371,2.6033612588577157
2013-03-08,58842.0,59031.0,58129.0,58433.0,4129200,-0.007035192958009806,31.19548295778978,18.105662849478925,17.997392722365422,1.5436482809371417
2013-03-11,58440.0,58547.0,57800.0,58545.0,4129000,0.00191672513819241,29.60548699331244,17.91360527464791,17.936744833618214,1.2759415833973866
2013-03-12,58542.0,58709.0,58113.0,58209.0,3805000,-0.0057391749935946645,28.27863558172424,17.693769466046447,17.67381288819465,1.0238966482846295
2013-03-13,58204.0,58411.0,57286.0,57386.0,4536800,-0.014138707072789414,17.988085960685893,18.324033319473617,17.33762667738393,1.9604084619942146
2013-03-14,57386.0,57850.0,56722.0,57281.0,4581200,-0.0018297145645279622,9.57185604789693,18.325525590688848,17.181036819990297,1.9692393638379218
2013-03-15,57275.0,57532.0,56805.0,56869.0,5182400,-0.0071926118608264256,9.589794292986575,18.384546529442414,16.59145932458758,1.2783766199511157
2013-03-18,56869.0,57152.0,56139.0,56973.0,3741000,0.001828764353162482,9.547643857641273,18.392436653961962,16.42525855850528,1.7780352096607166
2013-03-19,56973.0,57038.0,56100.0,56361.0,3828800,-0.01074193038807858,10.286851074594935,18.667038422295665,16.26647515186622,1.6642713933393658
2013-03-20,56361.0,56396.0,55831.0,56030.0,4179200,-0.005872855343233785,7.733749755578004,18.687442718184005,15.994443387257023,1.0083883633767625
2013-03-21,56025.0,56044.0,55382.0,55577.0,4368400,-0.008084954488666751,7.511518314424179,17.61039497696402,16.091650755317744,1.1911402198751282
2013-03-22,55577.0,55893.0,55098.0,55243.0,3744400,-0.006009680263418304,7.44107136788971,17.715148032371538,16.02932449892409,1.4390963560994154
2013-03-25,55250.0,55450.0,54648.0,54873.0,3849400,-0.006697681154173352,3.2107076680901443,17.411695110458833,15.924020708337821,1.4615566854372823
2013-03-26,54879.0,55763.0,54879.0,55671.0,3755400,0.014542671259089257,15.121049855724822,18.277517181267232,16.596068720084464,1.587900343087065
2013-03-27,55677.0,56178.0,55130.0,56034.0,4052600,0.00652045050385297,15.88110580111762,18.309597076259656,16.76204503146394,1.8702930363707748
2013-03-28,56035.0,56374.0,55874.0,56352.0,4373800,0.0056751258164686735,14.370916132564707,18.308199318053656,16.829923110582993,0.8872799545712663
2013-04-01,56348.0,56348.0,55897.0,55902.0,2755200,-0.007985519591141355,15.180197673023935,18.433364522171022,16.944352817308978,0.8067689885871704
2013-04-02,55901.0,56257.0,54809.0,54889.0,3588600,-0.018120997459840416,20.67150885742493,19.154547477643614,17.619093340010874,2.6380513399770447
2013-04-03,54888.0,55574.0,54740.0,55563.0,4480400,0.012279327369782544,19.7175166871562,19.641039258132313,18.02824900620407,1.5009988661519358
2013-04-04,55563.0,55579.0,54432.0,54648.0,4574000,-0.0164677933156957,21.373018313549732,20.163792789383812,17.74764226750878,2.0988874249743814
2013-04-05,54646.0,55227.0,53794.0,55051.0,5975800,0.0073744693309911735,21.930705554922046,15.556887676501438,17.907480203352193,2.6030408166972445
2013-04-08,55049.0,55136.0,54333.0,55092.0,5504200,0.0007447639461590772,21.9534398791149,14.174215860712206,17.64855356982086,1.4575618964640964
2013-04-09,55101.0,56305.0,55101.0,55912.0,5186200,0.014884193712335625,19.885098207546438,15.388617356942735,18.229786730321994,2.1533838889683787
2013-04-10,55913.0,56976.0,55913.0,56187.0,5388600,0.004918443267992512,18.540188669107355,15.52075027914586,18.204328628965982,1.891896702084112
2013-04-11,56190.0,56284.0,55174.0,55401.0,3836800,-0.013989001014469538,16.977839193268224,16.03188055117597,18.523720601373135,2.0035739427086154
2013-04-12,55398.0,55531.0,54458.0,54963.0,4805800,-0.007905994476633982,17.82118867412494,15.591444423984221,18.593982081528132,1.9522224041628005
2013-04-15,54952.0,54952.0,52950.0,52950.0,4709400,-0.03662463839310082,31.20350634991566,19.667941676382803,21.115746076505935,3.7809254013220017
2013-04-16,52953.0,54095.0,52953.0,53991.0,4353800,0.019660056657223812,33.486086580794684,21.200758999074434,22.000558409934477,2.1151673427052655
2013-04-17,53984.0,53984.0,52540.0,52882.0,7413000,-0.020540460447111553,32.748425681134954,22.040148611704748,22.572043184570656,2.73060776823872
2013-04-18,52887.0,53474.0,52392.0,53166.0,4554200,0.005370447411217505,34.78373444025758,22.07514634390228,19.75375609049128,2.035135236805477
2013-04-19,53169.0,54018.0,53169.0,53929.0,3733000,0.014351277132001572,38.24195026851243,22.806439140925434,19.65141045389189,1.5742921248307962
2013-04-22,53927.0,54298.0,53420.0,54298.0,4174800,0.006842329729829899,24.568547387370387,22.867597850598383,19.804388065608496,1.6170024678625363
2013-04-23,54301.0,55282.0,54165.0,54885.0,5365600,0.010810711260083261,21.935008222407067,23.144747682575574,20.136559222130767,2.035164434727157
2013-04-24,54875.0,55546.0,54723.0,54984.0,3949800,0.0018037715222738449,7.726167717879365,23.03145669664462,20.13583892827502,1.4967990688200203
2013-04-25,54989.0,55544.0,54792.0,54963.0,4347800,-0.0003819292885203218,9.70768443413577,22.432663011750762,19.796378644549222,1.3681931481178249
2013-04-26,54963.0,55034.0,54147.0,54252.0,4660200,-0.012935975110528908,14.35064794479238,22.675177316137184,20.078895832551694,1.6349627663496278
2013-04-29,54254.0,55336.0,54254.0,54887.0,5931200,0.011704637617046432,15.882514194195913,23.007326319221892,20.37703466988254,1.9713228997759031
2013-04-30,54888.0,55910.0,54585.0,55910.0,7138200,0.01863829322061683,19.184832107113365,23.844369808637605,21.15465218983205,2.36988016455017
2013-05-02,55919.0,55919.0,55104.0,55322.0,5436000,-0.010516902164192432,21.795010384330222,23.24969152802823,21.14532175808406,1.47319330465276
2013-05-03,55330.0,56366.0,55330.0,55488.0,8860800,0.0030006145837098153,21.76266824041445,22.875384419338374,21.106989850775673,1.8670703575547867
2013-05-06,55488.0,55542.0,54652.0,55430.0,6452600,-0.0010452710495962858,17.928364303961647,22.08363292147071,20.977785251740542,1.6056287209092548
2013-05-07,55429.0,56450.0,55207.0,56275.0,6235400,0.01524445246256545,18.987270396682955,22.543691818796546,21.35010858799117,2.208796090626388
2013-05-08,56281.0,56814.0,55805.0,55805.0,6519800,-0.008351843625055477,16.31083579930045,22.782978118757924,21.405260029485266,1.8080817131081444
2013-05-09,55805.0,56072.0,54905.0,55448.0,4799400,-0.006397276229728521,14.890907833695255,22.302554615681608,21.08219850536333,2.1046746501226377
2013-05-10,55446.0,55446.0,54832.0,55108.0,5315200,-0.006131871302842318,15.325990302926803,22.305145531982568,21.05855231461198,1.114175800246788
2013-05-13,55106.0,55106.0,54389.0,54448.0,3956400,-0.01197648254336936,17.06166306877979,22.165988375269556,21.231685580347968,1.3168527769615046
2013-05-14,54442.0,55030.0,54327.0,54667.0,5094800,0.004022186306200437,9.44491989241628,22.06449496523433,21.17639165220221,1.2859677684892166
2013-05-15,54668.0,55216.0,54488.0,54936.0,4899800,0.004920701703038377,11.608830790954656,17.670505060198458,20.56954038759435,1.325178389398573
2013-05-16,54943.0,55539.0,54592.0,54773.0,5080200,-0.002967088976263299,11.247150647823837,16.490168176580774,20.258015439860955,1.7289540467018423
2013-05-17,54780.0,55489.0,54780.0,55164.0,4067400,0.007138553666952596,12.381379317760459,14.678301530237539,19.780518149016707,1.285258501921543
2013-05-20,55162.0,55705.0,54630.0,55701.0,4164800,0.009734609527952909,7.550888720586224,14.879008090404131,19.864595107291308,1.929947397712788
2013-05-21,55699.0,56265.0,55379.0,56265.0,3898600,0.010125491463348846,8.460431870463852,14.513930736329241,20.061056379935653,1.574691193459522
2013-05-22,56269.0,57099.0,56037.0,56429.0,4872400,0.00291477828134723,8.7066143023174,14.414333518916072,19.62501597018433,1.8820110227010935
2013-05-23,56423.0,56423.0,55379.0,56350.0,4072000,-0.0013999893671693409,7.7809284609942795,14.077146591245269,19.583473269593483,1.852706299911269
2013-05-24,56350.0,56506.0,55901.0,56406.0,4852600,0.0009937888198758849,8.273808170181919,14.07623655712269,19.118022926551628,1.07258093110662
2013-05-27,56415.0,56562.0,56353.0,56396.0,2051200,-0.00017728610431511083,7.229711591258449,14.073418111662592,18.9472182624712,0.3705936591247606
2013-05-28,56399.0,56979.0,56009.0,56036.0,4175200,-0.006383431449038968,5.552628449182247,13.407694726273,15.441941564992828,1.7310300521093582
2013-05-29,56032.0,56032.0,54635.0,54635.0,5004200,-0.025001784567064034,17.10504659090957,15.740305434692992,16.38388289388916,2.5569689759311798
2013-05-31,54633.0,54776.0,52942.0,53506.0,8790400,-0.020664409261462402,18.931768564122883,15.71042022198133,16.39771352443692,3.427652973498299
2013-06-03,53512.0,53993.0,53143.0,53944.0,4336200,0.008185997832018899,22.05323999531674,15.775233126265906,16.491273403907435,1.5757081417766574
2013-06-04,53944.0,54289.0,53498.0,54018.0,4314600,0.0013717929704879506,22.45887223212701,15.731223475609154,15.967189491063344,1.4643267059128438
2013-06-05,54019.0,54207.0,52774.0,52799.0,4630200,-0.022566551890110698,24.357137100517477,17.37946170985628,17.1219578701803,2.7140665542908007
2013-06-06,52813.0,52937.0,52244.0,52885.0,4088800,0.0016288187276274346,22.4842161628209,16.2556802068191,16.780755851474513,1.3103904698874917
2013-06-07,52877.0,52877.0,51428.0,51619.0,5635400,-0.023938734991018285,23.869579719313407,17.742614047124018,17.997200300054946,2.807105910614309
2013-06-10,51619.0,51836.0,51160.0,51317.0,4689400,-0.0058505589027295635,19.98373531989495,17.73294066472717,18.023181856293785,1.317302258510825
2013-06-11,51314.0,51314.0,49709.0,49770.0,5560600,-0.03014595553130539,21.29618863716393,19.971445185345445,19.538619850183334,3.2248342374924652
2013-06-12,49777.0,50380.0,48746.0,49181.0,7780000,-0.011834438416716941,20.618984296945282,19.965040894068366,19.208813709130386,3.3224212602427765
2013-06-13,49758.0,50444.0,48968.0,50415.0,6228400,0.0250909904231309,34.13851838564552,22.326687830295743,19.93473166970455,2.927700089259149
2013-06-14,50415.0,50656.0,49330.0,49332.0,5826000,-0.021481701874442094,33.51525378977562,22.90017585207098,20.521198090521835,2.687910484067137
2013-06-17,49337.0,50123.0,49074.0,49089.0,5324600,-0.004925808805643417,33.57367330945743,22.88819928131419,20.423599212751025,2.1369349548778747
2013-06-18,49089.0,49550.0,48414.0,49465.0,5977200,0.007659557130925476,28.705839678006335,22.923996404966136,20.686996227350193,2.2965733346810877
2013-06-19,49457.0,49698.0,47838.0,47893.0,6582600,-0.03178004649752353,35.977014551250264,24.02805170585946,21.420378002769763,3.8836573194412547
2013-06-20,47884.0,48214.0,45930.0,48214.0,8789400,0.006702440857745406,27.66852111336694,23.747258660420492,21.67519757122878,4.737213257560045
2013-06-21,48209.0,48209.0,46918.0,47056.0,6416400,-0.02401792010619319,28.4504230463774,24.128763391028958,22.38023565308134,2.743539612376743
2013-06-24,47039.0,47039.0,45406.0,45965.0,6301400,-0.023185141108466478,29.62198240897636,24.49818567008632,22.96944624366545,3.5527031436962906
2013-06-25,45967.0,47119.0,45967.0,46893.0,4773600,0.02018927444794949,35.79877066147106,26.36905919732045,24.097441735969003,2.456656643848762
2013-06-26,46903.0,47725.0,46903.0,47172.0,5636200,0.005949715309321313,31.36057741186185,26.699726590383953,24.165522506641533,1.7425591452556601
2013-06-27,47135.0,48053.0,47135.0,47609.0,5567200,0.009263970151784928,31.901341595282478,27.385118081996062,24.349278081661392,1.9282068516456974
2013-06-28,47609.0,47639.0,47059.0,47457.0,5752800,-0.0031926736541409984,25.84524357844141,26.670535714055816,24.3480144486244,1.2221590071011652
2013-07-01,47458.0,47674.0,46676.0,47230.0,6658400,-0.004783277493309757,16.100144004116583,26.17431127598757,24.090101187051417,2.1130637306796527
2013-07-02,47222.0,47222.0,44819.0,45229.0,8123400,-0.04236713952995974,32.7497354463077,28.525087583614035,25.970745466564487,5.312962922019058
2013-07-03,45227.0,45827.0,44552.0,45044.0,6998800,-0.0040902960489951345,30.970996486298734,28.356389293565137,25.488627287002913,2.8305656691235237
2013-07-04,45046.0,46097.0,45046.0,45763.0,5100400,0.015962170322351588,33.70821877562917,29.073417282127735,26.211530324387656,2.296615169460044
2013-07-05,45757.0,45757.0,44107.0,45210.0,6988200,-0.012083997989642326,33.5508072365081,28.970723696692506,26.2022359477389,3.64963503649635
2013-07-08,45211.0,45740.0,44839.0,45076.0,4664000,-0.0029639460296394526,33.73535657604913,28.355572872836888,26.119898512709938,1.9988463927588962
2013-07-10,45211.0,45955.0,45082.0,45483.0,4867600,0.009029195137101764,17.766048512404705,28.84819736330888,26.472407114441292,1.9193984565661897
2013-07-11,45494.0,46719.0,45494.0,46626.0,5587800,0.02513026845194899,23.500476865671367,29.267107841810525,28.06470363251173,2.6272894951314716
2013-07-12,46624.0,46624.0,45529.0,45533.0,5357200,-0.023441856474928136,29.842755531259336,29.979157233006475,27.976219612572944,2.404849230228625
2013-07-15,45533.0,46840.0,45533.0,46739.0,4842800,0.026486284672655014,33.09378863506088,30.15018647617295,29.128529889077935,2.796379896874131
2013-07-16,46749.0,47330.0,46417.0,46869.0,4775800,0.0027814031108923665,32.261516224588846,29.483521455722222,28.968356936150442,1.9479826751157483
2013-07-17,46869.0,47710.0,46869.0,47407.0,5185000,0.011478802620068729,32.35761755259986,29.84282020664219,29.29307218400511,1.773999620309237
2013-07-18,47404.0,48057.0,47093.0,47657.0,4285200,0.0052734828189928695,28.798107147686913,29.761990134626448,28.882720787920483,2.02278783809304
2013-07-19,47650.0,47650.0,47163.0,47400.0,3474000,-0.00539270201649289,18.91329884729018,27.724795767331102,28.851361644869844,1.0274261603375527
2013-07-22,47407.0,48879.0,47407.0,48574.0,4132000,0.024767932489451416,17.873096577940682,28.981322978439263,29.300494474626475,3.03042780088113
2013-07-23,48579.0,49379.0,48579.0,48820.0,4579400,0.005064437765059493,17.541104311178838,27.597515314959576,29.342031793028916,1.6386726751331422
2013-07-24,48816.0,48888.0,47999.0,48374.0,5006400,-0.009135600163867275,20.921281501273185,26.391288655439986,28.16768628458865,1.837764088146525
2013-07-25,48372.0,49123.0,48007.0,49067.0,4935600,0.014325877537520126,22.185774364387502,25.972845349230134,28.29688753057933,2.2744410703731632
2013-07-26,49068.0,49422.0,48633.0,49422.0,3997400,0.007235005196975619,19.811239902806154,25.99947536734788,27.383788539166115,1.596455020031565
2013-07-29,49414.0,49461.0,48975.0,49212.0,3285200,-0.00424911982517906,14.842369997239825,25.96806860120638,26.68393952918782,0.9875640087783468
2013-07-30,49220.0,49669.0,48560.0,48562.0,5507600,-0.013208160611232977,18.246736625306053,26.4337388903497,26.925196258852836,2.2836785964334254
2013-07-31,48558.0,48824.0,48140.0,48234.0,4944600,-0.006754252296033991,17.646808122589395,26.498965331011732,26.88270944104073,1.4180868267197413
2013-08-01,48235.0,49281.0,48235.0,49141.0,4687400,0.018804163038520505,20.133173519607862,21.923146823781163,25.775711877728284,2.128568812193484
2013-08-02,49141.0,49550.0,48448.0,48474.0,4491200,-0.013573187358824623,21.058510043124407,22.602315136271436,26.05333433054379,2.273383669596072
2013-08-05,48477.0,48707.0,48264.0,48436.0,3743000,-0.0007839254033089604,21.155017402615663,22.188624954250038,25.017728017909857,0.9146089685357998
2013-08-06,48436.0,48522.0,47225.0,47422.0,5267000,-0.020934841853167074,24.000076049117702,23.128596504761777,24.835871783874577,2.735017502425035
2013-08-07,47422.0,47665.0,47164.0,47447.0,4463400,0.0005271814769516325,24.15377984076354,23.058508787481706,24.17162901119673,1.0559150209707675
2013-08-08,47453.0,49230.0,47453.0,48929.0,5221800,0.031234851518536555,31.71442377651555,25.0430446628721,25.727453931154393,3.6317930061926464
2013-08-09,48949.0,50001.0,48836.0,49875.0,6321000,0.019334137219235936,31.907153795756454,24.489596967230355,26.15866719009508,2.3358395989974934
2013-08-12,49878.0,51380.0,49878.0,50299.0,7041200,0.00850125313283212,31.362525998171424,22.510307025447567,26.18882222962691,2.9861428656633335
2013-08-13,50299.0,50734.0,50040.0,50601.0,6511900,0.006004095508856944,19.398611981828793,21.103647393408,26.129988772026913,1.371514396948677
2013-08-14,50594.0,51364.0,50414.0,50896.0,11269000,0.005829924309796342,17.50250758596479,21.11022816590971,22.41991229128328,1.8665513989311537
2013-08-15,50880.0,51453.0,50050.0,50908.0,8357400,0.00023577491354909164,11.159908240196213,20.96826846761504,22.31844223070173,2.7559519132552843
2013-08-16,50906.0,51555.0,50800.0,51539.0,7402400,0.012394908462324272,7.0390052232760665,21.18892116162326,22.17834537883304,1.4649100681037661
2013-08-19,51540.0,52089.0,51115.0,51574.0,6388000,0.000679097382564553,7.847273497892757,20.959425799592566,21.673578943798415,1.8885484934269205
2013-08-20,51561.0,51561.0,50499.0,50507.0,5834400,-0.02068871912203829,19.694656640278374,21.227588206768864,22.783624722105884,2.1026788365969074
2013-08-21,50501.0,51171.0,50055.0,50405.0,5993400,-0.0020195220464489516,18.92641280143705,21.238256334739454,22.792453046929374,2.2140660648745163
2013-08-22,50408.0,51458.0,50408.0,51398.0,5570000,0.019700426544985605,24.51619316214357,21.743466798146034,22.396187575525804,2.0428810459550957
2013-08-23,51401.0,52197.0,51166.0,52197.0,5887800,0.015545351959220133,25.44124065154779,21.827580200055856,21.15988626398371,1.9752093032166602
2013-08-26,52200.0,52398.0,51429.0,51429.0,4283400,-0.014713489280993142,28.368395756626185,22.60624327256368,20.83177169052263,1.8841509654086215
2013-08-27,51425.0,51425.0,50018.0,50092.0,5718400,-0.025997005580509103,30.893884066230427,24.53592898416316,22.4944969898072,2.8088317495807713
2013-08-28,50092.0,50591.0,49530.0,49867.0,8503400,-0.004491735207218683,30.96999457034234,24.08344672460535,22.40526391447026,2.127659574468085
2013-08-29,49867.0,50558.0,49845.0,49922.0,7991000,0.001102933803918349,25.00317679383318,23.902478168633156,22.38141140950957,1.4282280357357477
2013-08-30,49932.0,50480.0,49649.0,50008.0,14233400,0.0017226873923319452,18.74159401286132,23.0850500538737,22.281780306202688,1.6617341225403937
2013-09-02,50012.0,51976.0,50012.0,51835.0,9666200,0.03653415453527442,35.666538682297485,25.515256714475708,23.55644645496761,3.788945693064532
2013-09-03,51833.0,52289.0,51422.0,51626.0,6887000,-0.004032024693739755,27.325251740001704,25.605729757239367,23.61028898156576,1.679386355712238
2013-09-04,51621.0,51830.0,51108.0,51716.0,5036400,0.0017433076356874189,26.125169935748037,24.0757132818917,23.374947414431183,1.3960863175806326
2013-09-05,51715.0,52498.0,51256.0,52352.0,6194200,0.012297934875087124,25.625472468484833,24.19168816307733,23.291780669912843,2.3724022004889975
2013-09-06,52354.0,54125.0,52354.0,53749.0,10524400,0.026684749388752982,26.856602492353392,23.609696488871254,24.312134264061573,3.2949450222329717
2013-09-09,53752.0,54531.0,53257.0,54252.0,7775400,0.009358313643044625,18.547154971780312,23.071450160839962,24.28358978383014,2.3483005234830054
2013-09-10,54252.0,54740.0,53769.0,53979.0,6826400,-0.0050320725503206765,19.004929102421315,23.2229925805194,23.911382618127615,1.7988477000314937
2013-09-11,53982.0,54304.0,53307.0,53570.0,6817000,-0.007577020693232517,22.14297940636318,23.510985084668963,23.94363048397104,1.8611162964345715
2013-09-12,53570.0,53839.0,52945.0,53307.0,6094600,-0.004909464252380036,22.97500170250268,23.63193159611932,23.62048056214316,1.6770780572907873
2013-09-13,53311.0,53859.0,52917.0,53798.0,4938600,0.009210797831429307,13.258586596450087,23.7368900581339,23.164842746922247,1.7509944607606232
2013-09-16,53799.0,54463.0,53559.0,53822.0,4775000,0.00044611323841037276,10.634514951686516,23.483976462453597,23.147434042835737,1.67961056816915
2013-09-17,53823.0,54271.0,53576.0,54271.0,4249200,0.00834231355207904,12.039221721290785,23.572557894304634,21.97384087126786,1.2806102706786313
2013-09-18,54273.0,55827.0,53982.0,55703.0,7541000,0.02638609939009795,18.83810512863834,23.368663881039613,22.81929125817583,3.3122093962623196
2013-09-19,55703.0,55900.0,54966.0,55096.0,5134600,-0.010897079151930722,21.669024147721338,23.890480692359525,21.934121182522155,1.695222883693916
2013-09-20,55095.0,55243.0,54019.0,54110.0,4421000,-0.01789603600987366,27.45979477262072,24.392081468396672,22.33126793499292,2.2620587691739047
2013-09-23,54110.0,54683.0,54027.0,54602.0,3915400,0.009092589170208942,27.976343986047723,24.059511923803576,22.345004418471504,1.2014211933628804
2013-09-24,54600.0,54818.0,54164.0,54431.0,4296000,-0.003131753415625771,27.782631629242655,23.354429760382075,22.389257347361546,1.2015211919678126
2013-09-25,54425.0,54612.0,53968.0,54261.0,3904000,-0.0031232202237695406,16.00325208746942,21.028070701595865,22.424955664884436,1.186856121339452
2013-09-26,54263.0,54344.0,53429.0,53783.0,6266400,-0.008809273695656206,15.597776475078481,21.29656129130342,22.647060767066588,1.7012810739452988
2013-09-27,53781.0,54131.0,53611.0,53739.0,4217400,-0.0008181023743561999,10.388103371121305,21.336338122434427,22.439369238445753,0.9676398890935819
2013-09-30,53737.0,53737.0,52291.0,52338.0,6498600,-0.02607045162730981,16.372612153447303,23.687137416003566,23.820199705676504,2.762810959532271
2013-10-01,52337.0,53179.0,52093.0,53179.0,5041900,0.016068630822729135,24.10576749564866,20.848548130754665,23.34323999290983,2.042159499050377
2013-10-02,53176.0,53474.0,52871.0,53100.0,4144800,-0.0014855488068598044,24.19472767601771,20.78502899655263,23.33611209278923,1.135593220338983
2013-10-03,53101.0,53429.0,52296.0,52490.0,3992100,-0.011487758945386117,24.58615532055278,21.259267182615275,23.01047307950391,2.158506382168032
2013-10-04,52489.0,52872.0,52113.0,52849.0,4300400,0.006839397980567652,25.923973079755392,20.96916965056172,22.661454750406236,1.436167193324377
2013-10-07,52841.0,52912.0,52274.0,52417.0,3472200,-0.008174232246589308,17.84297386577699,18.862504607572383,22.35688206430008,1.217162370986512
2013-10-08,52413.0,52556.0,51870.0,52312.0,4002600,-0.0020031669114981554,11.184822048419774,18.473319582138622,20.898303202547858,1.3113625936687567
2013-10-09,52313.0,52836.0,51955.0,52548.0,4212400,0.004511393179385204,12.516024064161282,18.550001866486905,20.835694717831263,1.6765623810611252
2013-10-10,52550.0,53133.0,52512.0,52997.0,4136800,0.008544568775215033,11.000549655826127,18.69328728369,20.924575310537595,1.1717644394965752
2013-10-11,53000.0,53301.0,52739.0,53150.0,3052400,0.0028869558654263106,10.222719254525622,18.653781408476178,20.92557882382358,1.057384760112888
2013-10-14,53150.0,54197.0,52833.0,54171.0,4094500,0.01920978363123238,12.67346023032234,19.579532575728827,18.95956212198282,2.5179524099610493
2013-10-15,54176.0,55190.0,54053.0,54981.0,8575300,0.01495264994185086,11.003482371580564,20.21815984112537,19.270661527883856,2.067987122824248
2013-10-16,54983.0,56747.0,54902.0,55973.0,12960000,0.018042596533347943,10.927923091496222,20.923383074245653,19.810603484894703,3.2962321119111
2013-10-17,55966.0,56168.0,55146.0,55358.0,7207200,-0.010987440373037005,20.362560322832522,19.275153916851572,19.980647367676564,1.8461649626070307
2013-10-18,55360.0,56052.0,55004.0,55378.0,5977600,0.00036128472849461524,20.898152466864826,18.88028680246973,18.553297601157716,1.8924482646538336
2013-10-21,55380.0,56109.0,55257.0,56077.0,4658500,0.012622341001841786,19.18805216242253,18.116544183455066,18.703640343089784,1.519339479644061
2013-10-22,56074.0,56720.0,55898.0,56460.0,4607000,0.006829894609198028,17.88922970877364,18.017899940392663,18.677759985553255,1.4558979808714134
2013-10-23,56459.0,56459.0,55380.0,55440.0,4019200,-0.018065887353878818,20.018988135367806,19.220479113213585,19.358890571239208,1.9462481962481963
2013-10-24,55440.0,55864.0,54443.0,54877.0,5649300,-0.01015512265512264,19.78697238319031,19.559384773780902,19.561764888785945,2.5894272646099457
2013-10-25,54863.0,54911.0,54141.0,54154.0,4940300,-0.013174918453997098,21.190343859808504,19.88012248313827,19.82356904318717,1.421870960593862
2013-10-28,54156.0,55076.0,54070.0,55073.0,5796100,0.016970122243970875,23.489317932539556,20.681379849949476,20.40448034253034,1.826666424563761
2013-10-29,55076.0,55267.0,54224.0,54539.0,6136200,-0.00969622137889714,21.769219190763565,18.63232963564959,20.4981657185114,1.912392966501036
2013-10-30,54541.0,54764.0,53917.0,54173.0,6039200,-0.006710794110636464,19.44343473404687,18.133911635951716,19.02165437380461,1.5635094973510788
2013-10-31,54174.0,54466.0,53602.0,54256.0,12953800,0.0015321285511231686,19.08922828299016,18.113082042264285,18.791371338274832,1.5924506045414333
2013-11-01,54255.0,54387.0,53753.0,54013.0,4094400,-0.004478767325272748,16.805756112763724,17.656918146370028,18.098144991573935,1.1737914946401793
2013-11-04,54014.0,54531.0,54008.0,54437.0,2731000,0.007849962046174053,11.129523342840974,17.69940618430045,18.047425926519235,0.9607436118816246
2013-11-05,54436.0,54539.0,53731.0,53832.0,3327700,-0.011113764535150672,11.751091280949568,17.929022899894097,18.31263602788636,1.5009659681973546
2013-11-06,53840.0,53857.0,53073.0,53385.0,4258800,-0.008303611234953157,12.15107400936977,18.20728594228628,18.443012252134803,1.468577315725391
2013-11-07,53390.0,53891.0,52558.0,52741.0,4874300,-0.01206331366488711,12.838781941097174,18.706416816617207,18.594252962162948,2.52744544092831
2013-11-08,52739.0,52868.0,51735.0,52249.0,4105300,-0.009328605828482606,13.027026810254561,18.731327614301378,18.766304056378516,2.1684625543072595
2013-11-11,52247.0,52646.0,52072.0,52624.0,2317800,0.007177170854944626,12.557427277899045,18.890542034275175,17.303480623673327,1.0907570690179387
2013-11-12,52624.0,52811.0,51636.0,51804.0,3848200,-0.015582243843113464,13.87279606530294,18.16936291719291,17.218757884160844,2.268164620492626
2013-11-13,51804.0,52271.0,51290.0,52230.0,3415400,0.00822330321982867,17.77311258548285,17.512989989240594,17.41476180319826,1.8782309017805858
2013-11-14,52233.0,53566.0,52233.0,53452.0,3609700,0.02339651541259813,24.56443096977314,18.376699478066595,18.407435300879957,2.4938262366235127
2013-11-18,53452.0,54317.0,53452.0,54307.0,3320500,0.015995659657262573,23.24555557915842,19.100652659918612,18.8598168255041,1.5927965087373634
2013-11-19,54304.0,54304.0,52831.0,53033.0,3649200,-0.023459222567993043,32.23462854421366,20.632316547184328,19.99058682024145,2.777515886334924
2013-11-21,53027.0,53027.0,52190.0,52688.0,3624600,-0.006505383440499335,29.711477769127637,19.980518065486955,20.08129309259851,1.5885970239902822
2013-11-22,52686.0,53221.0,52096.0,52801.0,3467000,0.002144700880655881,29.418524029334996,19.758055645615162,20.05001802145642,2.130641465123767
2013-11-25,52807.0,52995.0,52116.0,52264.0,3075300,-0.010170261926857438,23.27387150833691,19.186130561676006,20.10979427553619,1.6818460125516608
2013-11-26,52259.0,52410.0,51433.0,51447.0,3730200,-0.015632175110975033,15.267259754970752,19.543479684735267,20.559088452635716,1.8990417322681596
2013-11-27,51448.0,52113.0,51448.0,51861.0,3108000,0.008047116449938718,15.09438342599633,19.533552896908922,19.847628162051635,1.2822737702705307
2013-11-28,51862.0,52458.0,51697.0,51847.0,2416600,-0.0002699523726885644,15.201225819153102,18.299478418137006,19.240438106316702,1.467780199432947
2013-11-29,51847.0,52482.0,51847.0,52482.0,2633500,0.012247574594479893,18.715008115637744,18.82972288577744,18.786886583081785,1.209938645630883
2013-12-02,52479.0,52479.0,51245.0,51245.0,3793600,-0.023569985899927648,24.350512843070728,20.240824609932208,19.64005478959473,2.4080398087618304
2013-12-03,51240.0,51257.0,50224.0,50349.0,3683100,-0.01748463264708755,24.944169977501105,20.81954633045349,20.090338111876942,2.0516792786351266
2013-12-04,50359.0,50744.0,50114.0,50216.0,3641200,-0.0026415618979522826,22.688568297689613,20.818062639783246,19.53225474842012,1.254580213477776
2013-12-05,50220.0,51124.0,50220.0,50788.0,3672300,0.01139079177951241,25.933384603183047,21.093109452339355,19.786950322267973,1.779948019217138
2013-12-06,50788.0,51365.0,50610.0,50944.0,3353300,0.00307159171457827,22.956320888482608,20.995908230536365,19.374040602586508,1.482019472361809
2013-12-09,50942.0,51298.0,50832.0,51165.0,2277900,0.004338096733668362,17.21382732056168,21.015254905246188,19.34756958028633,0.9107788527313593
2013-12-10,51167.0,51334.0,50956.0,50993.0,2128000,-0.003361673018665079,9.509104948633125,20.70076858814776,19.073608879531893,0.7412782146569137
2013-12-11,50991.0,51039.0,50068.0,50068.0,3083200,-0.01813974467083712,17.693064220126058,21.334732728297233,18.76182401414479,1.939362467044819
2013-12-12,50077.0,50331.0,49842.0,50122.0,3049400,0.0010785331948550692,14.547051180760764,21.109689673360275,18.692570259703935,0.9756194884481864
2013-12-13,50133.0,50519.0,50006.0,50051.0,2875700,-0.001416543633534162,13.772468489727762,20.543704352023056,18.65788949719449,1.02495454636271
2013-12-16,50049.0,50611.0,50049.0,50280.0,2796500,0.0045753331601765534,13.858292859398002,20.362929659586047,18.736677261405934,1.1177406523468576
2013-12-17,50279.0,50563.0,50049.0,50090.0,2678300,-0.003778838504375548,13.859728773791561,18.19852383729818,18.731241507847265,1.0261529247354761
2013-12-18,50110.0,50869.0,50110.0,50563.0,4527700,0.009443002595328487,8.246556014129226,17.46222454439625,18.812821189218667,1.5010976405672132
2013-12-19,50578.0,51168.0,50578.0,50819.0,1146000,0.0050629907244428285,8.45457916806638,16.060087144188294,18.745057476391246,1.1609830968732167
2013-12-20,51620.0,51641.0,51025.0,51186.0,3715200,0.007221708416143668,7.965090870806046,16.275212960508973,18.82053284428445,1.2034540694721212
2013-12-23,51188.0,51605.0,51188.0,51356.0,2305800,0.003321220646270495,8.007744359366184,16.311886318612746,18.585047484229023,0.8119791261001637
2013-12-26,51358.0,51610.0,51185.0,51221.0,1810000,-0.0026287094010436496,7.2903871902083415,15.999615957920524,18.41921449595477,0.829737802854298
2013-12-27,51239.0,51395.0,51207.0,51267.0,2002600,0.0008980691513247319,6.046365350643165,15.081568994978301,18.278288287242976,0.36670762868902024
2013-12-30,51274.0,51996.0,51274.0,51507.0,2048600,0.00468137398326407,5.96085633268982,14.895736860684158,17.791874880496387,1.4017512182810103
2014-01-02,51522.0,51656.0,50246.0,50341.0,3476300,-0.022637699730133742,17.740434356414507,16.788163664615027,18.754903692548645,2.80089787648239
2014-01-03,50348.0,50981.0,50269.0,50981.0,7360400,0.012713295325877505,20.909788449298162,16.836394607497066,17.769107890652965,1.3965987328612621
2014-01-06,50980.0,51002.0,50451.0,50974.0,3727800,-0.00013730605519701733,20.891959475737988,14.765107747792369,16.9854733276708,1.0809432259583318
2014-01-07,50982.0,51478.0,50429.0,50430.0,3339500,-0.010672107348844495,21.858239410030603,13.925624711190668,15.958398109603253,2.080111045012889
2014-01-08,50431.0,50793.0,50424.0,50577.0,2916500,0.0029149315883403304,21.489304650739154,13.920141951461387,15.94170852073901,0.7295806394210808
2014-01-09,50576.0,50576.0,49259.0,49322.0,3702600,-0.024813650473535454,22.726008628055506,15.829923127004978,17.291189313968676,2.670208020761526
2014-01-10,49322.0,50145.0,49267.0,49696.0,3509600,0.007582823080978018,20.53540746705835,16.063955619727103,17.34659724487047,1.766741790083709
2014-01-13,49708.0,50003.0,49309.0,49427.0,2803000,-0.005412910495814605,20.08083906683167,16.000659757269663,16.87573578588957,1.404090881502013
2014-01-14,49421.0,49834.0,49263.0,49703.0,2887800,0.0055839925546765645,21.032655164079028,16.175371717262824,16.772230596439606,1.1488240146470032
2014-01-15,49715.0,50230.0,49715.0,50105.0,2835600,0.008088042975273213,22.21034810268242,15.232443200258611,16.992967023052035,1.0278415327811596
2014-01-16,50106.0,50577.0,49628.0,49696.0,2944500,-0.00816285799820382,12.2510372493716,15.490284958057737,16.627355944076303,1.9096104314230522
2014-01-17,49696.0,49868.0,49174.0,49182.0,2615000,-0.010342884739214409,13.246082905740428,15.870904916659681,15.525335175071536,1.4110853564312147
2014-01-20,49180.0,49292.0,48673.0,48708.0,1413000,-0.009637672319141144,14.225310497914863,16.028886195773794,14.972201075328911,1.270838465960417
2014-01-21,48728.0,49124.0,48440.0,48542.0,3104400,-0.0034080643836741364,12.126529572153625,16.022648509950496,14.98087981569565,1.4090890362984632
2014-01-22,48543.0,49487.0,48543.0,49300.0,3873300,0.015615343413950766,17.228668726229717,16.680297753894095,15.332529086815624,1.9148073022312373
2014-01-23,49294.0,49598.0,48321.0,48321.0,3881700,-0.01985801217038541,20.954303075613073,17.712564444965544,16.224775428991595,2.6427433207094224
2014-01-24,48325.0,48327.0,47493.0,47787.0,3535000,-0.011051095796858479,21.062613853262924,17.600678036709635,16.338968012812387,1.7452445225688995
2014-01-27,47782.0,48147.0,47493.0,47701.0,2936000,-0.001799652625190995,20.866040013054317,17.45007803165208,16.3357771690613,1.371040439403786
2014-01-28,47750.0,48488.0,47750.0,47841.0,2694500,0.002934948952852068,21.47561230795216,17.5890176702261,15.67406525503505,1.5426098952781087
2014-01-29,47839.0,47884.0,47154.0,47557.0,3324900,-0.0059363307623168104,13.941515052176426,17.548319653158185,15.70685057985507,1.5350001051369935
2014-01-30,47554.0,48034.0,47115.0,47244.0,3108300,-0.006581575793258576,8.395585948223587,17.317926608889774,15.769905291112455,1.945220557107781
2014-01-31,47234.0,47652.0,46814.0,47639.0,3718700,0.008360850055033398,9.992351576941267,16.431912141184178,15.941665218930618,1.759062952622851
2014-02-03,47623.0,47623.0,46109.0,46148.0,3622100,-0.031297886185688184,24.14181491356738,18.245964902813615,18.09593780651671,3.280748894860016
2014-02-04,46148.0,47132.0,46146.0,46964.0,3471600,0.017682239750368423,29.45893875969558,19.782958198593494,18.721733572274857,2.099480453113023
2014-02-05,46964.0,47148.0,46224.0,46624.0,3358900,-0.0072395877693552935,29.53974023146046,19.668551316473494,18.63546486160663,1.981811942347289
2014-02-06,46988.0,48034.0,46632.0,47738.0,3632200,0.023893273850377428,35.13466784745848,21.78075015149136,19.991657819604598,2.9368637144413254
2014-02-07,47739.0,48253.0,47557.0,48074.0,3195800,0.007038418031756644,35.00276588520426,20.45247499501304,20.110268856149425,1.4477680242958773
2014-02-10,48070.0,48136.0,47465.0,47711.0,2634500,-0.007550859092232853,22.641508252645142,20.31057476662919,20.17157231332216,1.4063842719708242
2014-02-11,47715.0,48604.0,47589.0,48463.0,3379300,0.0157615644191067,22.092445300011907,21.15112053007312,20.82480589915238,2.094381280564554
2014-02-12,48467.0,48669.0,48044.0,48217.0,2766300,-0.005076037389348587,21.29097953360273,21.064544674396423,20.753230754453426,1.2962233237239977
2014-02-13,48211.0,48211.0,47129.0,47813.0,3167100,-0.008378787564551904,16.843220335496586,20.90565200324422,19.922790288072886,2.2629828707673645
2014-02-14,47816.0,48314.0,47756.0,48201.0,3192200,0.008114947817539075,17.127127662316802,21.074985327588042,19.677994626266752,1.1576523308645048
2014-02-17,48199.0,48297.0,47540.0,47576.0,1884200,-0.012966535963984116,19.067347977709826,21.234734733093394,19.933832474852547,1.5911383891037498
2014-02-18,47575.0,47712.0,46600.0,46600.0,3860000,-0.020514545148814567,16.82598376362394,22.077849764246928,20.492728683860843,2.386266094420601
2014-02-19,46597.0,47155.0,46134.0,47151.0,3995400,0.011824034334763978,22.00691235063587,22.581312551504553,20.858537148476582,2.1653835549617186
2014-02-20,47127.0,47600.0,46634.0,47289.0,2996900,0.0029267671947572627,22.177015546520114,21.798860796864776,19.77234134112729,2.0427583581805497
2014-02-21,47290.0,47816.0,47075.0,47380.0,2605800,0.0019243375837931787,20.767207347837964,20.820756665511166,19.618183535284924,1.563951034191642
2014-02-24,47375.0,47538.0,46991.0,47393.0,2990700,0.00027437737441959875,18.957525605714554,20.488846319972463,19.589229980911256,1.1541788871774312
2014-02-25,47388.0,47388.0,46614.0,46716.0,2924800,-0.01428480999303694,14.950461507334401,21.051621488301464,19.825186392439107,1.6568199332134599
2014-02-26,46718.0,47010.0,46403.0,46599.0,3225700,-0.002504495247880767,11.096941379792586,21.010760956258437,19.593707894966197,1.3026030601515055
2014-02-27,46622.0,47781.0,46622.0,47607.0,3046300,0.02163136547994582,20.577369023384907,22.350042892702348,20.696277471478812,2.43451593253093
2014-02-28,47613.0,47813.0,47043.0,47094.0,4088300,-0.010775726258743457,22.281362135562432,22.55536338742092,20.71299741250922,1.6350278167070114
2014-03-05,47092.0,47154.0,46473.0,46589.0,2293000,-0.010723234382299274,23.193327353761976,22.626860043632192,20.753034602870695,1.4617184313893838
2014-03-06,46592.0,47400.0,46502.0,47093.0,3164900,0.01081800424993018,22.562683032818196,20.071956133987108,21.040932121240985,1.9068651391926612
2014-03-07,47093.0,47218.0,46086.0,46244.0,3982800,-0.01802815705094174,26.693785817363636,20.153469730884872,21.002139205046742,2.4478851310440275
2014-03-10,46242.0,46242.0,45203.0,45533.0,3673600,-0.015374967563359543,18.114616529936605,20.678388734362375,20.709910175163234,2.2818615070388506
2014-03-11,45533.0,46050.0,45401.0,45698.0,3282400,0.0036237454154131044,19.927366693916028,18.695163486626953,20.58257658803127,1.4201934439143944
2014-03-12,45687.0,45916.0,45508.0,45862.0,3021300,0.0035887785023414054,20.347577471202985,18.522148908733367,20.63284162540532,0.8896253979329293
2014-03-13,45864.0,46176.0,45250.0,45444.0,3118200,-0.009114299419999083,16.289716488425874,18.587120655858953,20.71695915784718,2.0376727400756978
2014-03-14,45444.0,45562.0,44905.0,44966.0,3477100,-0.010518440278144525,13.784203790392944,17.580496182189748,20.8419224598218,1.4611039452030423
2014-03-17,44979.0,45499.0,44969.0,45118.0,2929300,0.0033803318062535226,11.632928951891842,17.728506466916556,20.84256986960981,1.174697459993794
2014-03-18,45115.0,46217.0,45074.0,46150.0,3593900,0.022873354315350758,21.30316156591632,19.74643500014997,21.836879431501327,2.47670639219935
2014-03-19,46152.0,46803.0,45909.0,46567.0,3337700,0.009035752979414946,21.895075822925055,19.80606507530251,20.022138535039925,1.919814460884317
2014-03-20,46565.0,47484.0,46151.0,47278.0,4364800,0.015268323061395472,20.070294611823545,20.170136102270806,19.852355018782614,2.819493210372689
2014-03-21,47272.0,47832.0,46721.0,47381.0,4187600,0.0021786031558017616,13.699639772361127,18.777312736004507,19.728914333973655,2.3448217639982274
2014-03-24,47382.0,48142.0,47382.0,47993.0,3008900,0.012916569933095534,12.140769266181682,18.861330624973753,18.83977155962413,1.5835642697893442
2014-03-25,47993.0,48441.0,47950.0,48180.0,2953800,0.003896401558560525,8.93178740595482,18.877376318491812,18.763181452113066,1.0190950601909505
2014-03-26,48182.0,48725.0,47963.0,47966.0,3439100,-0.004441677044416781,12.842441617349564,18.964856493982225,18.673851849786946,1.5886252762373347
2014-03-27,47965.0,49647.0,47962.0,49647.0,5928200,0.035045657340616376,24.370715079035627,22.3926404159136,20.78352311337521,3.3939613672528046
2014-03-28,49653.0,50181.0,49606.0,49768.0,4230500,0.002437206679154924,24.319607077092233,21.565239913305934,20.710139537026343,1.1553608744574828
2014-03-31,49770.0,50418.0,49770.0,50415.0,3645900,0.01300032149172159,24.326069933633388,21.725296077939703,20.783269942202605,1.2853317465040168
2014-04-01,50412.0,50627.0,49774.0,50270.0,3501200,-0.0028761281364673152,25.82349954701384,20.837657859206256,20.739466065351156,1.696837079769246
2014-04-02,50273.0,51794.0,50201.0,51701.0,4790700,0.028466282076785365,25.894397370850147,22.044715617052596,21.68574867120377,3.081178313765691
2014-04-03,51712.0,51991.0,51059.0,51408.0,3503400,-0.005667201794936294,22.10484787286552,21.669865845338904,20.699296038119723,1.8129474011826952
2014-04-04,51428.0,52288.0,51034.0,51082.0,3696200,-0.006341425459072569,24.05684131676592,21.8822683051454,20.7233780014358,2.4548764731216477
2014-04-07,51115.0,52229.0,51115.0,52155.0,3673400,0.02100544223013978,26.23990727040758,21.101989628758012,21.388174749276104,2.1359409452593234
2014-04-08,52173.0,53394.0,51377.0,51629.0,5496100,-0.010085322596107726,28.349376622283312,20.503380047242025,21.73844630936491,3.906719091983188
2014-04-09,51629.0,51629.0,50653.0,51185.0,4195300,-0.00859981793178255,20.552082997521417,21.115951664805483,21.984363164137772,1.9068086353423854
2014-04-10,51185.0,51522.0,50732.0,51127.0,3588900,-0.001133144475920722,20.284049605997016,21.23276488949809,21.42682551175898,1.5451718270189918
2014-04-11,51127.0,51871.0,50518.0,51867.0,3395300,0.014473761417646225,22.147927046833637,20.78650514104032,21.605262009692293,2.608595060443056
2014-04-14,51867.0,52110.0,51361.0,51596.0,2686800,-0.005224902153585176,15.70295848360151,20.319401355050694,21.059864593178805,1.451662919606171
2014-04-15,51593.0,51593.0,49890.0,50454.0,3858800,-0.022133498720831035,20.994161784822907,22.62746739545156,21.93381008316396,3.3753518056051055
2014-04-16,50469.0,51288.0,50469.0,51201.0,3427100,0.014805565465572545,24.426192004534872,22.00807700320252,21.85519963068562,1.599578133239585
2014-04-17,51201.0,52338.0,50887.0,52112.0,3015500,0.017792621237866513,27.320052112396493,22.41328417277075,22.15668125013001,2.7843874731347866
2014-04-22,52112.0,52460.0,51682.0,51977.0,3492900,-0.002590574147988911,25.82086322939359,22.282568049194413,21.28956419357767,1.4968158993400928
2014-04-23,51975.0,51975.0,51400.0,51570.0,2844000,-0.007830386517113319,26.24939459184874,22.68657825897048,20.79990783313925,1.114989334884623
2014-04-24,51570.0,51963.0,51238.0,51817.0,3186900,0.004789606360287024,17.413301986976002,22.463966766010316,20.799645700019084,1.399154717563734
2014-04-25,51817.0,51817.0,51019.0,51399.0,2954700,-0.008066850647470925,17.19409559101159,22.83349156180325,21.105378587844186,1.5525593883149478
2014-04-28,51397.0,51471.0,50777.0,51384.0,2711300,-0.00029183447148772856,8.584768980681638,22.703791865656296,20.78542248839705,1.3506149774248795
2014-04-29,51386.0,52416.0,51386.0,51839.0,4326300,0.008854896465825934,11.94625946136611,19.717500264120613,20.3483111418998,1.9869210440016203
2014-04-30,51837.0,51837.0,51250.0,51626.0,4623600,-0.004108875557013114,10.740679206540413,19.8348047133115,20.50984328433113,1.1370239801650333
2014-05-02,51630.0,53060.0,51628.0,52980.0,8106000,0.02622709487467545,21.679447952748845,21.252667931005895,20.790861706073198,2.7029067572668932
2014-05-05,52989.0,53506.0,52931.0,53446.0,4441100,0.008795771989430046,18.596153942844573,21.26866003041802,20.786622189994386,1.0758522620963213
2014-05-06,53446.0,53986.0,53094.0,53780.0,4965700,0.006249298357220434,17.317720274847577,19.21057630364243,20.55062872130818,1.6586091483822982
2014-05-07,53786.0,54226.0,53499.0,54053.0,4569600,0.005076236519152122,17.571570156178222,19.033608497246973,20.540755135702884,1.3449762270364272
2014-05-08,54053.0,54249.0,53222.0,53422.0,3344300,-0.011673727637688924,21.384342817543313,19.429805174145617,20.896580975738093,1.922428961850923
2014-05-09,53422.0,53639.0,53057.0,53100.0,3177900,-0.00602747931563774,14.056394000186609,18.36151301327755,21.08399632675043,1.096045197740113
2014-05-12,53103.0,54053.0,53103.0,54053.0,2744300,0.017947269303201452,18.32031750297169,18.807116035195296,21.36346699993034,1.7575342719183022
2014-05-13,54056.0,54243.0,53731.0,53907.0,2956600,-0.0027010526705271154,18.210776004664833,18.486459808911963,19.31127513361742,0.9497838870647597
2014-05-14,53913.0,54459.0,53867.0,54413.0,2878900,0.00938653607138229,19.123748553533456,18.582394685840896,19.40414644549778,1.087975300020216
2014-05-15,54404.0,54404.0,53565.0,53856.0,3436100,-0.010236524359987453,18.52319326433162,18.637392402503988,19.537038104601628,1.5578579916815212
2014-05-16,53856.0,54382.0,53709.0,53976.0,3541400,0.002228163992869847,17.24384231188418,18.458422752663274,19.475983242422537,1.2468504520527641
2014-05-19,53976.0,53991.0,53267.0,53353.0,3089500,-0.011542166888987682,13.868034864525134,17.005613627843815,18.244123705788525,1.3569996063951417
2014-05-20,53353.0,53843.0,52313.0,52366.0,3948600,-0.018499428335801205,17.90709128856859,17.91230348027991,19.021039666638064,2.921743115762136
2014-05-21,52366.0,52875.0,52203.0,52203.0,3248100,-0.0031127067180994894,12.700042844985573,16.89750483125595,18.940247512428535,1.2872823400953968
2014-05-22,52206.0,52851.0,52133.0,52806.0,2941400,0.011551060283891745,18.588302925232767,17.314859749982304,18.249089663394397,1.359693974169602
2014-05-23,52807.0,52936.0,52403.0,52626.0,2462300,-0.0034087035564140944,17.837928529080063,17.103291764280584,18.014366386519697,1.0128073575799035
2014-05-26,52649.0,53044.0,52649.0,52932.0,1186800,0.005814616349333113,18.083243898964827,17.135406661570034,17.851432540871905,0.7462404594574171
2014-05-27,52932.0,53309.0,52079.0,52172.0,2894700,-0.014358044283231286,15.719551940733758,17.687747411515627,18.40332610974924,2.3575864448363104
2014-05-28,52174.0,52858.0,52009.0,52640.0,2842500,0.008970328912060177,16.85222790083451,17.90733072223749,18.11326462996779,1.612841945288754
2014-05-29,52649.0,52889.0,52031.0,52239.0,2394300,-0.007617781155015213,15.21821464626624,17.93053273686461,18.192730431234562,1.6424510423247
2014-05-30,52233.0,52233.0,51239.0,51239.0,4533200,-0.01914278604108044,19.54264834881944,19.12614198536986,17.887844255036324,1.939928570034544
2014-06-02,51239.0,51879.0,51239.0,51606.0,2597900,0.007162512929604459,20.041227283789386,16.793824744515952,17.492303224383317,1.2401658721854047
2014-06-03,51606.0,52032.0,51377.0,52032.0,2859400,0.008254854086734209,19.815521785245586,16.754268779311058,16.8719155108216,1.258840713407134
2014-06-04,52032.0,52032.0,51609.0,51833.0,2571500,-0.003824569495694985,17.96935634897855,16.550365364223424,16.89217948646007,0.8160824185364537
2014-06-05,51833.0,52245.0,51470.0,51559.0,2890000,-0.005286207628344863,17.668337978743693,16.404223676051522,16.80606678906986,1.5031323338311449
2014-06-06,51562.0,53175.0,51562.0,53129.0,4298400,0.030450551795030867,22.71544649476856,19.530078468248213,18.94484625786189,3.0360067006719493
2014-06-09,53129.0,54462.0,53091.0,54273.0,3660000,0.02153249637674337,24.832341232183754,20.785302317941063,19.65610277085485,2.526117959206235
2014-06-10,54273.0,54604.0,53960.0,54604.0,3729900,0.006098796823466479,24.986823992613093,19.965943968761596,19.681738210974494,1.1794007764998902
2014-06-11,54676.0,55284.0,54676.0,55102.0,3796000,0.009120210973555087,22.06053479310177,20.141974403909657,19.689797006870833,1.103408224746833
2014-06-13,55102.0,55104.0,54649.0,54807.0,2664400,-0.005353707669413121,22.09462091016339,20.026718857648028,19.727236767660226,0.8301859251555459
2014-06-16,54807.0,54855.0,54475.0,54630.0,2637400,-0.003229514478077622,17.105168922865204,19.701419174983542,18.39505286106318,0.6955885044847154
2014-06-17,54630.0,54638.0,54150.0,54300.0,1588400,-0.006040637012630468,11.108866037228244,19.831195939286367,18.357352608541827,0.8987108655616943
2014-06-18,54301.0,55203.0,54046.0,55203.0,3265400,0.01662983425414355,16.082539001021786,20.100377851299935,18.874541543876415,2.095900585113128
2014-06-20,55192.0,55192.0,54540.0,54638.0,2347800,-0.010234950999039927,16.712465307364138,19.239333844421548,19.103177945505102,1.1933086862623083
2014-06-23,54637.0,54724.0,54097.0,54210.0,1403100,-0.007833376038654416,17.14614839712866,19.468440362966305,18.9233418298788,1.15661317100166
2014-06-24,54194.0,55002.0,54094.0,54281.0,3121500,0.0013097214536064161,17.267125797015648,19.1473099585237,18.82071362949945,1.672776846410346
2014-06-25,54281.0,54393.0,53363.0,53426.0,2953100,-0.015751367881947642,20.11201454170849,19.99499878321368,18.68667333409966,1.9279002732751844
2014-06-26,53426.0,53790.0,53331.0,53506.0,2241300,0.0014973982705051014,11.927640841855364,19.91417335654473,18.679845208174672,0.8578477180129331
2014-06-27,53507.0,53614.0,52919.0,53157.0,2370800,-0.006522632975741072,11.417205924131824,19.350185558027757,18.540242105390806,1.3074477491205299
2014-06-30,53158.0,53311.0,52709.0,53168.0,2448700,0.00020693417611972187,11.78519479724508,19.13004405938561,18.319824389058944,1.1322600060186578
2014-07-01,53170.0,53698.0,52887.0,53171.0,2693300,5.6424917243447226e-05,11.468711395523052,18.90083507333501,18.30392413934564,1.5252675330537324
2014-07-02,53171.0,53245.0,52735.0,53029.0,3156000,-0.002670628726185287,5.077161851173951,17.508986123148524,18.014503644862728,0.9617379169888175
2014-07-03,53029.0,53877.0,52760.0,53875.0,3302900,0.0159535348582851,13.618162796114824,18.109479308759628,17.728695154165933,2.0733178654292344
2014-07-04,53892.0,54086.0,53703.0,54055.0,753800,0.0033410672853828594,11.660468137029564,17.979009902983293,17.697009501646903,0.7085376005919897
2014-07-07,54042.0,54042.0,53376.0,53802.0,2194500,-0.0046804180926833805,12.943319074063888,18.015623948806883,17.497967570856886,1.2378721980595517
2014-07-08,53814.0,53905.0,53459.0,53635.0,1854600,-0.0031039738299691866,13.486877382516122,17.9225142100273,17.49199972374529,0.8315465647431716
2014-07-10,53643.0,54600.0,53643.0,54593.0,4720300,0.017861471054348765,16.71940646527717,15.804804963168934,18.13522830427855,1.7529719927463228
2014-07-11,54593.0,54952.0,54320.0,54786.0,3377200,0.00353525177220515,14.126312138652503,14.038906536639525,17.542280823344473,1.1535793815938378
2014-07-14,54786.0,55896.0,54786.0,55744.0,4170300,0.017486219107071044,17.306399405512714,15.124834502904552,18.016625324502854,1.9912456946039037
2014-07-15,55742.0,56107.0,55629.0,55974.0,3222300,0.004126004592422516,14.752944873809811,14.885181609954229,17.793484589379176,0.8539679136742059
2014-07-16,55973.0,56332.0,55573.0,55717.0,4094500,-0.004591417443813195,15.477069847777516,14.847836221888011,16.733288466798232,1.3622413267045965
2014-07-17,55712.0,56190.0,55237.0,55638.0,3975700,-0.0014178796417609885,13.402619111687919,14.798670003328779,16.725920153343115,1.7128581185520686
2014-07-18,55639.0,57484.0,55639.0,57013.0,5296300,0.0247133254250691,19.94686850028351,16.691697396583653,17.85464708626287,3.2361040464455475
2014-07-21,57014.0,57756.0,56864.0,57634.0,3034800,0.010892252644133738,18.479770277884736,16.18502223999657,17.867245974752265,1.5476975396467363
2014-07-22,57636.0,58138.0,57500.0,57983.0,3010300,0.006055453378214226,18.35789891765985,15.593227302426454,17.67828669366015,1.1003225083214045
2014-07-23,57983.0,57983.0,57142.0,57420.0,2735100,-0.009709742510735864,20.635178108843537,15.768215263793506,16.22517314794564,1.4646464646464648
2014-07-24,57420.0,58122.0,57357.0,57978.0,3040100,0.009717868338557922,19.56352715598284,15.936877201665977,15.368625603602975,1.319466004346476
2014-07-25,57978.0,58069.0,57648.0,57821.0,2422200,-0.0027079236951946806,13.992053224527151,14.565017404267522,15.3888538795194,0.7281091644904101
2014-07-28,57823.0,58040.0,57415.0,57696.0,2366800,-0.0021618443126200093,12.22197847476587,14.692866007975347,15.279395217429,1.0832640044370494
2014-07-29,57697.0,58013.0,57083.0,57119.0,2702100,-0.010000693288962803,12.713452957840051,15.041165632226988,15.52007990330098,1.628179765051909
2014-07-30,57119.0,57439.0,56706.0,56878.0,2446200,-0.0042192615416936086,11.411250868002663,15.2390583129656,15.548493696989073,1.2887232321811597
2014-07-31,56878.0,56878.0,55502.0,55829.0,3488600,-0.018442983227258347,10.88953291684372,16.977461813738948,16.452819841064965,2.4646688996757957
2014-08-01,55827.0,56059.0,55267.0,55903.0,3229100,0.001325476007093096,12.295045038100463,16.883856284465928,15.77145716420387,1.4167397098545695
2014-08-04,55906.0,56620.0,55586.0,56616.0,2195100,0.012754235014221127,18.670604484977382,16.59827740599663,15.823158532267634,1.8263388441429984
2014-08-05,56621.0,56937.0,56064.0,56202.0,3752600,-0.007312420517168294,18.191984731055754,16.930551823645633,15.797917622731852,1.5533255044304473
2014-08-06,56202.0,56797.0,55696.0,56487.0,4006200,0.005070993914807254,19.033413979290764,16.78863705106144,15.83668976913947,1.9491210366987095
2014-08-07,56487.0,56923.0,55985.0,56188.0,3049200,-0.005293253314922031,12.873651242237719,16.895446371731108,15.128018124134012,1.669395600484089
2014-08-08,56187.0,56187.0,55319.0,55573.0,3017300,-0.010945397593792316,15.535949240650865,16.48807418464125,15.567751860288787,1.5619095603980349
2014-08-11,55578.0,56657.0,55578.0,56613.0,2672500,0.018714123765137813,19.069476897866444,17.59514405818641,16.17089709262655,1.9059226679384593
2014-08-12,56613.0,56811.0,56312.0,56442.0,2145000,-0.003020507657251814,18.25189226879394,16.675388031611583,16.231566634636064,0.8840934056199284
2014-08-13,56454.0,56736.0,55239.0,55581.0,4810800,-0.015254597640055323,20.848542213148928,17.496882676921057,16.98366778112274,2.6933664381713176
2014-08-14,55558.0,55947.0,55437.0,55780.0,3045400,0.0035803601950306074,21.224867125053034,17.472015210671536,16.945785480927757,0.914306202940122
2014-08-15,55783.0,56965.0,55783.0,56964.0,3437700,0.021226245966296187,24.178663359401327,18.92289675299457,17.393036000988104,2.0749947335159047
2014-08-18,56968.0,57665.0,56968.0,57561.0,3268300,0.0104803033494838,21.840507317081368,17.2630373070345,17.566013305562674,1.2108893174197808
2014-08-19,57561.0,58475.0,57371.0,58449.0,3485000,0.01542711210715586,22.343526911383588,17.673223364338593,17.8504120066153,1.8888261561361186
2014-08-20,58450.0,59010.0,58320.0,58878.0,3300100,0.007339732074115979,10.970337248578673,17.727520551894717,17.805496848085625,1.171914806888821
2014-08-21,58878.0,59207.0,58558.0,58992.0,3322000,0.0019362070722510616,11.762089677403825,17.312684191798258,17.253682287175813,1.100149172769189
2014-08-22,58992.0,58992.0,58164.0,58407.0,2327300,-0.009916598860862491,15.393162785585467,17.451508741399614,17.629652166725034,1.4176382967794956
2014-08-25,58408.0,59743.0,58408.0,59735.0,2875600,0.02273700070197071,19.91166707005975,19.03326893477911,18.08520193213472,2.234870678831506
2014-08-26,59735.0,60093.0,59522.0,59821.0,4014100,0.001439691972880297,18.8535168742891,18.983922613341996,18.079295257460444,0.9545143009979773
2014-08-27,59822.0,61247.0,59822.0,60951.0,5389100,0.018889687567910984,21.47092070883255,19.35703308797374,18.57772698542214,2.3379435940345523
2014-08-28,60945.0,60980.0,60189.0,60291.0,4462600,-0.010828370330265291,24.996776421834117,19.80502155022921,18.971017832769522,1.3119702774875188
2014-08-29,60291.0,61442.0,60272.0,61288.0,4942400,0.016536464812326956,22.32023838807313,18.744292895460347,18.28396890892482,1.909019710220598
2014-09-01,61294.0,62279.0,61141.0,61141.0,2769100,-0.002398511943610515,20.136142692959815,18.86820272048985,18.15774508649625,1.8612714872180698
2014-09-02,61142.0,62231.0,60930.0,61896.0,3995800,0.012348505912562757,20.49990425658603,18.845918247212836,18.36922914174411,2.1019128861315757
2014-09-03,61900.0,62305.0,61199.0,61837.0,4164300,-0.000953211839214152,17.865146466003655,18.476400606513817,18.046560442437585,1.788573184339473
2014-09-04,61836.0,61836.0,60739.0,60800.0,4010700,-0.016769895046654937,20.97706525167514,19.903849862545364,18.749670899598758,1.8042763157894735
2014-09-05,60800.0,61029.0,60243.0,60681.0,3808600,-0.0019572368421052477,16.368289761650264,19.749313428625108,18.73575703275191,1.2952983635734414
2014-09-08,60708.0,61513.0,59191.0,59193.0,4386000,-0.024521678943985714,22.96100637021184,21.503646989055543,20.197670033296898,3.9227611372966398
2014-09-09,59158.0,59485.0,58306.0,58676.0,4461200,-0.008734140861250461,15.93628319999121,21.09009064146824,20.141351886982005,2.00933942327357
2014-09-10,58675.0,58675.0,57450.0,58199.0,3805800,-0.008129388506374013,13.885575933262281,21.310021640880187,20.260499649109107,2.104847162322377
2014-09-11,58202.0,58809.0,58112.0,58337.0,2893100,0.0023711747624528545,16.216281014153164,20.414983944856523,19.419326257979343,1.1947820422716287
2014-09-12,58336.0,58336.0,56666.0,56928.0,4620200,-0.024152767540326026,18.3529944222085,22.376746952312708,20.798543754312902,2.933530073074761
2014-09-15,56930.0,57949.0,56852.0,57949.0,2902300,0.017934935356942017,24.685119574828963,22.02945748394155,21.11154454716668,1.8930438834147265
2014-09-16,57949.0,60243.0,57946.0,59115.0,4876300,0.020121141003295984,29.36053759281392,22.79704012542543,21.678203003496314,3.8856466209929796
2014-09-17,59115.0,60025.0,59096.0,59108.0,3525800,-0.00011841326228534399,28.211452246563113,22.217716762721363,21.661829216440275,1.5716992623671922
2014-09-18,59108.0,59267.0,58118.0,58374.0,3848200,-0.012417946809230584,30.36686011510738,22.51777793589033,21.95536003598893,1.968342070099702
2014-09-19,58356.0,58516.0,57514.0,57789.0,3464700,-0.010021584952204732,24.246139890306484,22.747083634898928,21.911937046659723,1.733893993666615
2014-09-22,57788.0,57788.0,55974.0,56818.0,3814900,-0.016802505667168455,23.38199549444471,23.211966564697356,21.890589207352225,3.192650216480693
2014-09-23,56818.0,57332.0,56086.0,56541.0,3317200,-0.0048752156006899305,10.330166880317075,21.53257951491089,21.920969940881236,2.203710581701774
2014-09-24,56539.0,57131.0,55934.0,56824.0,2848300,0.005005217452821897,13.27756753766318,21.65041506771673,21.465455944690994,2.1065042939602985
2014-09-25,56822.0,56822.0,55876.0,55962.0,2845400,-0.015169646628185318,14.001549939517123,20.629960350321632,21.93903488237833,1.6904327936814265
2014-09-26,55965.0,57489.0,55946.0,57212.0,2982200,0.022336585540188025,25.622879410218758,22.368070503681604,22.033657511372997,2.6969866461581486
2014-09-29,57211.0,57211.0,54124.0,54625.0,5186400,-0.045217786478361166,39.9624085667292,25.75449656463312,25.434766464568188,5.651258581235698
2014-09-30,54626.0,54626.0,53536.0,54116.0,5222300,-0.009318077803203706,39.89709046570487,25.7664906691926,25.001125558267535,2.0141917362702344
2014-10-01,54115.0,54115.0,52647.0,52858.0,4918800,-0.023246359671816097,38.913641619619405,25.580051923771137,25.527132450679396,2.7772522607741497
2014-10-02,52859.0,54022.0,52480.0,53519.0,3986300,0.012505202618335876,43.17162064470451,26.416201155041836,25.902415518104853,2.8812197537323194
2014-10-03,53519.0,54540.0,53368.0,54540.0,3708600,0.019077337020497298,41.73901970899048,27.590903098274016,26.59427550041827,2.148881554822149
2014-10-06,54542.0,58897.0,54542.0,57116.0,6714000,0.04723138980564734,43.114311283592116,33.007765690404796,29.386597456381843,7.624833671825757
2014-10-07,57124.0,58318.0,57124.0,57436.0,4874100,0.005602633237621779,40.273669109301444,32.133354688707854,29.44537526952814,2.0788355735079045
2014-10-08,57440.0,58191.0,56199.0,57058.0,4807200,-0.00658123824778889,31.88923234328071,32.07868938059901,28.85558056150716,3.491184408847138
2014-10-09,57079.0,58246.0,57077.0,57268.0,4503200,0.0036804654912545587,33.01844937927084,32.01511275116651,28.777805914989784,2.0412795976810787
2014-10-10,57266.0,57266.0,55312.0,55312.0,3635700,-0.03415520011175521,46.52504198477318,34.02879132827196,29.74278931343637,3.5326873011281457
2014-10-13,55313.0,58747.0,55313.0,57957.0,4544400,0.047819641307492056,46.87667614871723,37.19490146832033,33.22425116204193,5.925082388667461
2014-10-14,57945.0,58856.0,57258.0,58015.0,3904700,0.0010007419293613928,46.84644684309389,36.6891003789391,32.97298284678591,2.7544600534344568
2014-10-15,58012.0,58012.0,54919.0,56135.0,5671200,-0.0324054123933466,53.116886490258885,37.61524937570576,34.1302397320006,5.509931415338024
2014-10-16,56124.0,56124.0,54132.0,54298.0,5427800,-0.03272468157121222,56.49391082172792,39.05680596375532,34.992084910947554,3.6686434122803786
2014-10-17,54298.0,55949.0,54298.0,55724.0,4406300,0.026262477439316312,56.564512142683284,40.254818972601555,36.04229411796056,2.962816739645395
2014-10-20,55720.0,55720.0,54300.0,54303.0,3868300,-0.025500681932380975,40.92830253580044,40.998354094581174,36.09514289192045,2.614956816382152
2014-10-21,54300.0,54300.0,51922.0,52432.0,6578000,-0.034454818334161974,41.20459976919278,42.2048616144039,37.225759846892984,4.535398230088496
2014-10-22,52427.0,53229.0,52064.0,52411.0,3755400,-0.00040051876716507007,41.28339068452461,42.21471736152638,37.20923593403039,2.2228158211062565
2014-10-23,52409.0,52409.0,50654.0,50713.0,6346100,-0.03239777909217534,41.18734576375328,43.2662650690311,38.108858708542186,3.4606511150986923
2014-10-24,50687.0,53146.0,50596.0,51941.0,5852100,0.02421469840080448,39.95542811552604,44.24558249819851,38.504316117631646,4.909416453283534
2014-10-27,51937.0,51937.0,48722.0,50504.0,7999300,-0.027666005660268334,40.38531741011352,44.002752192734846,38.641802138437384,6.365832409314113
2014-10-28,50504.0,52374.0,50503.0,52330.0,5761300,0.036155552035482375,48.33753867566512,43.78957443602607,39.78446296662109,3.575386967322759
2014-10-29,52330.0,52330.0,51049.0,51049.0,4915300,-0.024479266195299054,51.38395232571757,44.4329681657949,40.21525337744411,2.5093537581539307
2014-10-30,51049.0,52574.0,51049.0,52337.0,4299700,0.02523066073772262,48.090512126798934,44.73995658346321,41.048090640549795,2.9138085866595334
2014-10-31,52338.0,54629.0,52335.0,54629.0,5348200,0.04379311003687647,54.20491811572218,47.10073062674432,43.19072590418008,4.1992348386388185
2014-11-03,54629.0,54629.0,53054.0,53947.0,3665200,-0.012484211682439739,48.189371473816195,46.876230745856226,43.075896155295624,2.919532133390179
2014-11-04,53947.0,54384.0,53432.0,54384.0,3529800,0.008100543125660442,43.85325968225499,43.75294063112644,43.1483016226523,1.750514857310974
2014-11-05,54384.0,54384.0,53589.0,53698.0,2901600,-0.01261400411885849,38.833108691137724,43.810663405285304,43.23944125485118,1.4805020671160938
2014-11-06,53697.0,53697.0,52418.0,52637.0,3692500,-0.01975865022905876,41.08190226859109,44.188691735889726,43.38546867657643,2.4298497254782756
2014-11-07,52637.0,53483.0,52197.0,53223.0,3592600,0.01113285331610836,21.933545095356408,44.41537891424997,42.96603123692539,2.4162486143208763
2014-11-10,53223.0,53830.0,52716.0,52725.0,2973700,-0.009356856997914442,21.377786586325385,43.04091004283364,41.04980453853556,2.1128496917970603
2014-11-11,52718.0,52718.0,52003.0,52474.0,2678500,-0.004760550023707899,18.335657176571676,39.05235419076043,40.98939107272253,1.3625795632122575
2014-11-12,52473.0,53435.0,52187.0,52979.0,3198600,0.009623813698212524,20.739672437647208,39.31690346960919,40.5231213259832,2.3556503520262746
2014-11-13,52979.0,53323.0,51846.0,51846.0,3032900,-0.021385832122161608,21.60090314934426,38.491238400541796,40.83191578813287,2.848821509856112
2014-11-14,51834.0,51900.0,50886.0,51772.0,3789300,-0.0014273039385873654,17.979078900997937,36.99478393085591,40.39730170253886,1.9585876535579076
2014-11-17,51772.0,52223.0,51047.0,51257.0,2824600,-0.009947461948543568,18.064384095844648,35.60878708090783,37.723676783594954,2.294320775698929
2014-11-18,51257.0,52122.0,51067.0,52062.0,3639700,0.015705171976510446,23.633397918599954,35.29445316805488,38.0438095450983,2.0264300257385424
2014-11-19,52062.0,53403.0,52032.0,53403.0,4251300,0.025757750374553412,30.25865104715193,34.42127973485453,38.92313984219927,2.567271501601034
2014-11-21,53403.0,56214.0,53403.0,56084.0,6026200,0.05020317210643599,37.58373406784371,38.37990033352109,41.737946531771755,5.01212467013765
2014-11-24,56086.0,57359.0,55292.0,55407.0,4588700,-0.012071178945866956,41.281232864511466,36.588029697268716,40.6611713946833,3.730575559044886
2014-11-25,55410.0,56387.0,55204.0,55561.0,5033200,0.002779432201707399,37.45513173893239,35.87743588552443,38.10946639001193,2.1291913392487536
2014-11-26,55561.0,56100.0,54977.0,55098.0,3033300,-0.008333183348031903,41.44191572746891,34.35737860698161,38.16011791807399,2.0381865040473337
2014-11-27,55099.0,56065.0,54592.0,54721.0,2292700,-0.006842353624450959,40.9179848054327,32.52575379666301,37.061002590766016,2.6918367719888163
2014-11-28,54731.0,55436.0,54664.0,54664.0,2637700,-0.0010416476307084643,9.413003126068578,31.072791370101484,35.789460526078315,1.412264012878677
2014-12-01,54719.0,54719.0,52156.0,52276.0,4312800,-0.043685057807697936,29.49468190482306,34.01562350453087,37.12545651100083,4.902823475399801
2014-12-02,52277.0,52639.0,51471.0,51612.0,3296400,-0.012701813451679533,26.714435416155535,30.31319987257567,36.59894230730406,2.263039603193056
2014-12-03,51610.0,52470.0,51610.0,52320.0,2724600,0.013717740060451122,33.625075571657725,30.58662225145389,35.46809792505761,1.6437308868501528
2014-12-04,52320.0,52539.0,51074.0,51427.0,2913300,-0.01706804281345564,33.78219492871587,30.855352353371167,35.81857819286195,2.8486981546658368
2014-12-05,51427.0,52023.0,51163.0,51992.0,2530100,0.010986446808096906,37.18321927092779,30.961568496429315,34.636921834627785,1.654100630866287
2014-12-08,51992.0,51992.0,50015.0,50274.0,3302600,-0.033043545160794,31.379228341807337,32.27082272274454,35.28015027423277,3.932450173051677
2014-12-09,50250.0,50260.0,49395.0,50193.0,3852900,-0.0016111707841031109,31.235566014194347,31.917958532630948,34.3552463535256,1.723347877194031
2014-12-10,50192.0,50192.0,49297.0,49548.0,3168900,-0.012850397465782093,26.292774871075963,32.033939713677235,32.77568980757311,1.8063292161136675
2014-12-11,49548.0,49946.0,48808.0,49861.0,3828900,0.006317106644062376,27.924986032860655,32.17637555072005,32.11752687195852,2.282344918874471
2014-12-12,49861.0,49861.0,47973.0,48002.0,3756700,-0.03728364854294941,30.30763904968324,34.04682755844466,32.85276487670842,3.933169451272864
2014-12-15,48002.0,48401.0,46410.0,47019.0,4685700,-0.020478313403608173,26.897043715096498,33.99141443102713,30.121163139314017,4.234458410429826
2014-12-16,47016.0,47595.0,45853.0,47008.0,5339900,-0.0002339479784767562,27.2852441094469,34.00718358116888,30.059281072275105,3.7057522123893807
2014-12-17,47008.0,49258.0,47008.0,48714.0,6209500,0.03629169503063312,44.328883497613575,36.71567256442078,32.11840671609422,4.618795418154945
2014-12-18,48714.0,49565.0,48296.0,48496.0,4240500,-0.004475099560701246,43.54311853023667,36.13899972132553,32.00338464861501,2.6167106565489937
2014-12-19,48492.0,49658.0,48435.0,49651.0,3620400,0.023816397228637376,36.19822034148527,35.94924976699501,32.531139145392565,2.4631930877525123
2014-12-22,49651.0,50121.0,49105.0,50121.0,2675200,0.009466073190872226,26.94576708570795,30.709399030418684,32.477358285678385,2.0270944314758284
2014-12-23,50121.0,50890.0,49815.0,50890.0,2668300,0.015342870253985286,24.27247568377531,31.392689075407887,32.765480349442335,2.112399292591865
2014-12-26,50891.0,50973.0,49914.0,50145.0,1911100,-0.014639418353311062,24.49504387079335,31.50863128238532,32.989009468477995,2.111875560873467
2014-12-29,50145.0,50903.0,50008.0,50594.0,1852500,0.00895403330342015,22.700411794901388,31.823816819506412,32.970296146495414,1.768984464561015
2014-12-30,50601.0,50841.0,49993.0,50007.0,2925300,-0.011602166264774505,21.632380726182948,31.922580524246634,32.57257430467506,1.6957625932369467
2015-01-02,50005.0,50005.0,48345.0,48512.0,2882100,-0.029895814585957914,29.222652696718974,33.11822679927139,33.63280249796385,3.421833773087071
2015-01-05,48512.0,48512.0,47264.0,47517.0,3866100,-0.020510389182058053,22.82625678931955,30.62734530101936,33.98854586257194,2.626428436138645
2015-01-06,47517.0,48061.0,47338.0,48001.0,4559300,0.010185828229896776,28.23510117760959,30.86691636363596,33.77141138850482,1.5062186204454073
2015-01-07,48006.0,49882.0,48006.0,49463.0,4408800,0.03045769879794169,38.796670957281144,32.52759813268602,34.13843748577653,3.792733962760043
2015-01-08,49463.0,50261.0,49017.0,49943.0,3621900,0.00970422335887422,39.20737981544929,32.33526022120161,30.552697491112834,2.4908395570950885
2015-01-09,49955.0,49955.0,48501.0,48840.0,2999200,-0.02208517710189617,35.691231018418065,32.7916690390019,30.927295369353846,2.977067977067977
2015-01-12,48840.0,48840.0,47956.0,48140.0,3246100,-0.014332514332514368,33.486945771684034,31.21796568806998,30.998337177809365,1.8363107602825093
2015-01-13,48144.0,48939.0,48042.0,48042.0,3881600,-0.0020357291233901176,32.904486942649086,31.217852921387042,30.985854378596173,1.8671162732608968
2015-01-14,48038.0,48281.0,47372.0,47646.0,3697200,-0.008242787560884257,19.210029164515838,31.054573143003513,30.99821013620907,1.9078201737816394
2015-01-15,47648.0,48853.0,47648.0,48026.0,4463600,0.007975485874994748,18.25591290146486,31.113640171927422,31.19314038232402,2.5090575938033566
2015-01-16,48028.0,49264.0,48028.0,49017.0,3344900,0.020634656227876524,21.93480684254292,29.151312400728063,29.63504781449302,2.52157414774466
2015-01-19,49009.0,49009.0,47503.0,47758.0,2096000,-0.025684966440214674,27.614210961595937,29.689044249102416,30.275400173973928,3.1533983835168975
2015-01-20,47759.0,48687.0,47619.0,47877.0,2899100,0.0024917291343857784,27.742605008003856,29.690836045776663,29.928674490347802,2.230716210288865
2015-01-21,47888.0,49329.0,47888.0,49224.0,3561400,0.02813459489942982,32.9347113518676,28.584349677584658,30.905148713468716,2.9274337721436696
2015-01-22,49227.0,50281.0,49227.0,49443.0,4952300,0.0044490492442710305,32.94451728272305,28.549870680696422,30.737394415117098,2.131747669033028
2015-01-23,49432.0,49523.0,48496.0,48775.0,3081600,-0.013510507048520526,32.30388671977095,27.719677398658977,29.491204695637975,2.105586878523834
2015-01-26,48712.0,48712.0,48004.0,48577.0,2774200,-0.004059456688877527,24.53219270790406,27.489560005309087,29.505288862141736,1.4574798773081912
2015-01-27,48577.0,48864.0,47352.0,48591.0,3890900,0.00028820223562586733,24.638954481099496,26.82459195454994,29.28870204207242,3.111687349509168
2015-01-28,48589.0,48589.0,47550.0,47695.0,4241400,-0.018439628737832114,15.129125053702866,27.080168961506335,29.665526248888547,2.1784254114687074
2015-01-29,47696.0,47894.0,47007.0,47762.0,4405500,0.0014047594087429616,13.874607677492392,26.81177426389044,27.63872327602332,1.8571249110171266
2015-01-30,47759.0,47759.0,46484.0,46908.0,4846600,-0.017880323269544807,15.45082309863989,27.163171101485727,27.481434238131275,2.7180864671271427
2015-02-02,46933.0,47684.0,46760.0,47651.0,3247800,0.015839515647650737,23.032793496357122,26.033389981729872,27.85846817990584,1.939098864661812
2015-02-03,47664.0,48993.0,47664.0,48964.0,4819800,0.027554510923170517,32.31410411523914,26.745327655667122,26.987262680954032,2.7142390327587615
2015-02-04,48965.0,49718.0,48214.0,49301.0,4811300,0.006882607630095627,26.924593330043123,26.63541248590859,27.013006136297697,3.0506480598770818
2015-02-05,49299.0,49816.0,49020.0,49234.0,4004000,-0.0013589988032697287,27.3392199635112,24.45400059344955,26.110366562000426,1.6167688995409677
2015-02-06,49231.0,49231.0,48209.0,48792.0,4591400,-0.008977535849209906,22.741476863684245,24.3656414866498,26.067237433410313,2.0946056730611575
2015-02-09,48792.0,49522.0,48416.0,49383.0,3658900,0.012112641416625713,22.074999145574832,23.500957295279985,25.910122117446456,2.239637122086548
2015-02-10,49359.0,49799.0,48510.0,48510.0,3796000,-0.01767814835064696,18.996027531901888,23.796085659495226,26.06492536336869,2.6571840857555142
2015-02-11,48508.0,48762.0,47841.0,48240.0,4307600,-0.005565862708719838,17.398357125416876,23.87424242864453,25.923666284683378,1.9092039800995027
2015-02-12,48240.0,49690.0,48240.0,49533.0,3828500,0.026803482587064664,28.400191071879966,25.335590334897812,26.9857060969314,2.9273413683806755
2015-02-13,49546.0,50726.0,49476.0,50636.0,3888100,0.022267982960854305,29.874155831458744,26.230275486128708,26.218011730285095,2.4685994154356585
2015-02-18,50639.0,51868.0,50639.0,51280.0,2940700,0.012718224188324578,29.934970531747396,25.684138151182566,25.547461420229666,2.3966458658346337
2015-02-19,51281.0,51638.0,50870.0,51294.0,2485100,0.0002730109204367448,22.00664013178221,23.614192241468164,25.45537617754948,1.4972511404842672
2015-02-20,51301.0,51450.0,50711.0,51238.0,2208700,-0.0010917456232697464,19.982625045192776,23.6662687947604,24.029247493618584,1.442288926187595
2015-02-23,51238.0,51690.0,50861.0,51281.0,2824500,0.0008392208907450627,16.159541640141498,21.885095840389837,23.896379905951736,1.616583139954369
2015-02-24,51288.0,51956.0,51049.0,51874.0,3004200,0.011563737056609735,10.62887469451909,22.12121639302583,23.047740346109773,1.7484674403361993
2015-02-25,51863.0,51863.0,51051.0,51811.0,3477200,-0.0012144812430119334,8.536124705422536,21.406824706958584,22.54243866067519,1.5672347570979135
2015-02-26,51812.0,51922.0,51181.0,51761.0,3239000,-0.00096504603269576,8.743416050335977,21.3054677755399,22.525642651618625,1.4315797608237864
2015-02-27,51760.0,52457.0,51474.0,51583.0,4177300,-0.0034388825563648195,9.373035907590477,21.406614817750143,22.367448137924754,1.9056665955838163
2015-03-02,51580.0,51580.0,50775.0,51021.0,2793700,-0.010895062326735538,12.841550018041085,20.60180194951781,22.65089693901586,1.5777816977323063
2015-03-03,51021.0,51432.0,50995.0,51304.0,2746200,0.005546735657866453,9.379637697969786,20.603884034546688,21.991536229335246,0.8517854358334633
2015-03-04,51303.0,51303.0,50399.0,50468.0,3654700,-0.016295025728988,13.564615582365954,20.403024615938957,21.130197223649272,1.7912340492985654
2015-03-05,50472.0,50734.0,50114.0,50365.0,2732500,-0.002040897202187475,13.37267916327996,19.98382357078413,21.16047847750466,1.231013600714782
2015-03-06,50355.0,50401.0,49779.0,49981.0,2787800,-0.007624342301201237,13.31110365857773,18.10155057165397,19.78293215424773,1.2444728997018868
2015-03-09,49978.0,49978.0,48952.0,49181.0,3299100,-0.016006082311278313,14.838781498794859,18.890189443918352,20.316729437556436,2.0861714889896503
2015-03-10,49177.0,49177.0,48293.0,48293.0,4434300,-0.018055753238039096,10.926289532657554,19.894857713174925,20.617944922685684,1.8304930321164556
2015-03-11,48309.0,48937.0,48309.0,48906.0,3839700,0.012693351003250974,19.65177369436683,20.192643312777214,20.918479188382566,1.2840960209381262
2015-03-12,48908.0,49633.0,48684.0,48880.0,3833200,-0.0005316321105794941,19.8812058378068,19.721355314608914,20.91989834894409,1.9414893617021276
2015-03-13,48858.0,48858.0,47905.0,48596.0,4475600,-0.005810147299509016,19.823992917569637,18.82024794844621,20.247209395060906,1.961066754465388
2015-03-16,48602.0,49205.0,48394.0,48848.0,3155400,0.0051856119845254955,18.43706462203141,18.77721917668664,20.28821859772595,1.660252210940059
2015-03-17,48849.0,50384.0,48841.0,50285.0,4013900,0.029417785784474182,21.76597637660837,19.2516388416346,21.112607962890287,3.068509495873521
2015-03-18,50284.0,51773.0,49788.0,51526.0,4458900,0.024679327831361286,24.782257549221022,19.605514074183453,21.74731371931261,3.8524240189418935
2015-03-19,51530.0,51547.0,50791.0,50954.0,3263600,-0.011101191631409435,28.610396344069493,19.53291628433878,20.772247479679084,1.483691172430035
2015-03-20,50964.0,52286.0,50964.0,51967.0,4916800,0.01988067668877802,26.24520882244208,20.740426592774828,21.401823633111047,2.543922104412416
2015-03-23,51970.0,52178.0,51516.0,51908.0,3397500,-0.001135335886235489,27.857900006794516,20.740907020859098,21.39901256460039,1.2753332819603915
2015-03-24,51908.0,52223.0,51006.0,51506.0,3436500,-0.007744470987131047,25.939005292580692,20.9457605019428,21.347710537720815,2.3628315147749777
2015-03-25,51507.0,52319.0,51507.0,51858.0,4774600,0.006834155244049178,19.721805791733352,20.687522132897225,21.182303488973794,1.5658143391569286
2015-03-26,51835.0,51835.0,50528.0,50580.0,3638500,-0.024644220756681712,26.340173791183062,22.39210458609445,21.8230837974186,2.5840253064452354
2015-03-27,50575.0,50575.0,49909.0,50095.0,3927700,-0.009588770264926882,18.513134710414374,22.586409981282483,21.966699799529287,1.3294739994011378
2015-03-30,50100.0,51265.0,50100.0,51243.0,2798500,0.022916458728416078,28.631706585625373,24.090662913416168,21.601173909851823,2.273481255976426
2015-03-31,51243.0,51466.0,50612.0,51150.0,3511300,-0.001814882032667886,28.247197976029238,23.786434130669793,20.669761755424222,1.6695992179863148
2015-04-01,51186.0,52613.0,51186.0,52322.0,4411500,0.02291300097751714,33.048057937810775,25.00533622004561,21.395377245980313,2.7273422269790912
2015-04-02,52322.0,53312.0,52322.0,53123.0,4266500,0.015309047819273003,23.613347615235696,24.63647266035829,21.80562521971624,1.8635995708073716
2015-04-06,53124.0,54146.0,53122.0,53737.0,3322100,0.011558082186623464,16.200096734473977,24.766615882379853,21.99449921099891,1.905577162848689
2015-04-07,53738.0,54002.0,53436.0,53729.0,3487100,-0.00014887321584755586,16.63032993705992,24.488535356664944,21.99964923417038,1.0534348303523238
2015-04-08,53732.0,54458.0,53508.0,53661.0,4780400,-0.0012656107502465597,16.39650311499856,23.517521901061187,21.810590941938646,1.7703732692271854
2015-04-09,53638.0,54002.0,53292.0,53803.0,4338300,0.002646242149792144,11.737296928020383,22.092123427168875,21.80183830435666,1.319629016969314
2015-04-10,53803.0,54413.0,53556.0,54214.0,3683000,0.00763897923907586,8.589211421920128,21.946453588202093,21.864998486463318,1.5807724941896928
2015-04-13,54214.0,54866.0,54004.0,54240.0,3660300,0.00047958092005750963,5.597021591396512,21.91706121814406,21.815406461399352,1.5892330383480826
2015-04-14,54240.0,54625.0,53773.0,53982.0,3747100,-0.004756637168141564,7.331359325703329,21.854189345354158,21.57705917503023,1.5783038790708013
2015-04-15,54037.0,54960.0,54037.0,54919.0,4069600,0.017357637731095554,13.288860378490241,22.262613531976196,22.014237604394925,1.6806569675340044
2015-04-16,54919.0,54919.0,54316.0,54674.0,4133000,-0.004461115460951626,14.8392970637561,20.754710102259054,21.401243615067987,1.102900830376413
2015-04-17,54672.0,54672.0,53896.0,53955.0,3537200,-0.013150674909463311,17.975358870802285,20.15083899066191,21.855191751757697,1.4382355666759337
2015-04-20,53965.0,54385.0,53510.0,53761.0,2688000,-0.0035955889166898736,18.010209770333642,19.68556017357155,21.725601400134167,1.6275738918546903
2015-04-22,53762.0,54848.0,53762.0,54617.0,3700600,0.015922322873458405,21.466252573973897,19.292323809373233,21.32639054994017,1.9883918926341615
2015-04-23,54616.0,55782.0,54064.0,55685.0,5535100,0.019554351209330356,22.463137131857312,20.122449268022187,20.78859396503003,3.0852114573044807
2015-04-24,55687.0,56965.0,55687.0,56594.0,4982000,0.016323965161174403,23.038165219392518,20.166117782588554,20.93388064777893,2.2581899141251722
2015-04-27,56554.0,56962.0,55515.0,55535.0,3854300,-0.018712230978549016,26.222690891078898,21.689355273186763,21.985247432058692,2.6055640587017197
2015-04-28,55549.0,56018.0,54973.0,55812.0,4082600,0.004987845502836041,24.941560106170087,19.149619980831442,21.77307497491124,1.8723571991686376
2015-04-29,55809.0,55809.0,55067.0,55325.0,3888400,-0.008725722066939001,25.88987630647615,19.070266236248457,22.117594232725622,1.3411658382286489
2015-04-30,55312.0,56229.0,55080.0,56229.0,4947500,0.01633981021238129,24.640819101624682,18.40800229514921,21.1271743895547,2.0434295470308914
2015-05-04,56230.0,57520.0,56230.0,57354.0,3492600,0.020007469455263216,26.082381273901373,19.007884054413367,20.766599095763794,2.2491892457370017
2015-05-05,57350.0,58147.0,57096.0,58052.0,3903800,0.012170031732747555,18.019055487513892,18.11356167408818,20.421525594589358,1.8104458072073313
2015-05-06,58050.0,58575.0,56820.0,57103.0,4598400,-0.016347412664507677,25.70553116312328,19.13894292762755,20.737578672611008,3.07339369210024
2015-05-07,57103.0,57290.0,56507.0,56921.0,3065100,-0.00318722308810393,24.1375415488997,19.039556648703943,20.78357856391329,1.3755907310131588
2015-05-08,56965.0,57621.0,56595.0,57149.0,3410900,0.004005551553908138,22.258518117902515,19.01249037969572,20.525244202734843,1.7953070044970165
2015-05-11,57166.0,57490.0,57013.0,57197.0,2966300,0.0008399097097062658,16.667980772600213,18.96675064738008,20.51547786575816,0.8339598230676435
2015-05-12,57193.0,57424.0,56753.0,56792.0,3087600,-0.007080790950574345,12.537281525638486,19.293298892578957,19.008938789529818,1.1815044372446823
2015-05-13,56790.0,56900.0,56199.0,56372.0,3071700,-0.00739540780391601,7.892597018397629,19.50503878151498,18.883528385748118,1.2435251543319379
2015-05-14,56376.0,56921.0,56105.0,56657.0,3209800,0.0050557014120484745,9.49003102542956,19.52650346595683,18.019434484435234,1.4402456889704713
2015-05-15,56656.0,57288.0,56422.0,57249.0,2894400,0.010448841272923115,12.285459780476012,19.559245419932275,18.060608581464233,1.5126901779943756
2015-05-18,57250.0,57606.0,55926.0,56204.0,3778400,-0.01825359394923931,17.984841906208498,20.118848196577595,18.220054123813885,2.9891110952957085
2015-05-19,56204.0,56212.0,55027.0,55499.0,3223000,-0.012543591203473037,19.066207591170826,20.593534463292777,18.30027193430271,2.135173606731653
2015-05-20,55497.0,55645.0,54820.0,54901.0,3278700,-0.01077496891835894,19.530639595564335,20.406441822751564,18.38068513206826,1.5027048687637747
2015-05-21,54900.0,55112.0,54526.0,55112.0,3303700,0.003843281543141286,19.1441629268962,20.362304410556764,18.399574692465066,1.063289301785455
2015-05-22,55112.0,55223.0,54038.0,54377.0,3689100,-0.013336478443896072,13.227708941254068,20.229943217365975,18.850800269949392,2.179230189234419
2015-05-25,54378.0,54868.0,53972.0,54609.0,1604600,0.004266509737572921,14.227646293065016,19.011912252744974,18.87259228946617,1.6407551868739587
2015-05-26,54609.0,54609.0,53548.0,53630.0,3324200,-0.017927447856580403,16.22954164994763,18.812429555664107,19.4844733680852,1.978370315122133
2015-05-27,53631.0,54293.0,53136.0,54236.0,3475600,0.011299645720678653,19.950871124138725,18.420510056078555,19.771764770587442,2.1332694151486096
2015-05-28,54230.0,54230.0,53363.0,53976.0,2914500,-0.0047938638542665,19.183537435676243,18.327124410452274,19.772557791124644,1.6062694530902624
2015-05-29,53974.0,53974.0,52760.0,52760.0,5553300,-0.022528531199051405,22.75058563105717,19.59033429738412,20.11869264729071,2.3009855951478393
2015-06-01,52753.0,53233.0,52666.0,53031.0,2675400,0.0051364670204701035,23.003365778338562,18.615636934466114,20.178133760217047,1.0691859478418284
2015-06-02,53035.0,54236.0,53035.0,54236.0,3476000,0.0227225585035169,27.182937250970806,19.051927681524848,20.955143322417594,2.2143963419131203
2015-06-03,54254.0,54254.0,53462.0,53523.0,3317500,-0.013146249723430925,27.658080722493878,18.593649854245232,21.28791700693941,1.4797376828653102
2015-06-05,53518.0,53518.0,52808.0,52973.0,2729100,-0.010275956131009067,28.210097327769468,18.19181677876715,20.9297768336867,1.3403054386196742
2015-06-08,52975.0,53325.0,52810.0,52810.0,2582500,-0.003077039246408564,22.86997497314881,18.192100080903607,20.012329014730312,0.975194092028025
2015-06-09,52810.0,53292.0,52688.0,52816.0,3678000,0.00011361484567307123,22.47141978320807,18.039075338085592,19.28264810360703,1.1435928506513178
2015-06-10,52817.0,54102.0,52817.0,53876.0,3587500,0.020069675855801217,20.739087174951447,19.79178463699619,19.67389044935161,2.3851065409458756
2015-06-11,53876.0,54271.0,53444.0,53689.0,3093500,-0.0034709332541391635,18.232522892299098,19.73213976999746,19.605187373238156,1.5403527724487325
2015-06-12,53689.0,53689.0,53033.0,53348.0,2379500,-0.006351394140326705,16.91304671316574,19.70345403855266,19.538142202085055,1.229661842993177
2015-06-15,53338.0,53338.0,52548.0,53138.0,2607700,-0.003936417485191579,17.06847001314146,19.51146565561516,18.83295761887961,1.4866950205126275
2015-06-16,53144.0,53969.0,53107.0,53702.0,3280300,0.010613873311001498,18.204526880225117,19.52585242538679,18.068381965585544,1.6051543704145097
2015-06-17,53698.0,53755.0,52965.0,53249.0,2993200,-0.008435440020855833,11.902525601201495,18.841706667733064,17.633175778089644,1.4835959360739168
2015-06-18,53251.0,54352.0,53214.0,54239.0,2665000,0.01859189843940734,18.838710410404875,19.812847124910675,18.2016508154316,2.0981212780471616
2015-06-19,54236.0,54236.0,53479.0,53749.0,2948200,-0.009034089861538752,19.674343247841048,19.713766617886822,18.323031449442897,1.4083982957822472
2015-06-22,53750.0,54342.0,53655.0,53864.0,2354400,0.0021395746897616696,19.068491376472952,19.670510750231397,18.279185153594845,1.2754344274469034
2015-06-23,53865.0,54361.0,53772.0,53772.0,2625300,-0.0017080053467993794,17.844567992388733,19.158686986578992,18.26081626621518,1.0953656177936473
2015-06-24,53772.0,54236.0,53628.0,53843.0,2731100,0.0013203897939448872,16.08992751102198,19.09411549033736,18.219674981229026,1.1292089965269394
2015-06-25,53840.0,53840.0,52879.0,53176.0,3234900,-0.012387868432293891,10.255066678727754,18.549506067143724,18.411443541269357,1.8072062584624644
2015-06-26,53181.0,54076.0,53151.0,54017.0,2705400,0.015815405446065967,16.021841812073276,18.96778075308026,19.017703167719496,1.7124238665605271
2015-06-29,54013.0,54013.0,52647.0,53014.0,2550600,-0.018568228520650876,21.071884341036352,19.968760655727955,19.288383369761924,2.5766778586788397
2015-06-30,53014.0,53345.0,52813.0,53081.0,3021100,0.0012638171049157432,21.300446448102388,18.33816279640446,18.723259860112766,1.0022418567849136
2015-07-01,53081.0,53456.0,52603.0,52758.0,2714000,-0.006085039844765494,21.109138155838878,18.38123397255754,18.494494556669203,1.6168164069904092
2015-07-02,52758.0,53357.0,52758.0,53106.0,2998100,0.006596156033208178,20.649817147015444,16.613113822129765,18.432560802817967,1.1279328136180469
2015-07-03,53106.0,53106.0,52370.0,52519.0,1498600,-0.011053364968176882,15.75505736219294,16.434379834971566,18.594386188668366,1.4013975894438204
2015-07-06,52511.0,52679.0,51683.0,52149.0,2573500,-0.007045069403453952,11.243275284988345,16.237837967570655,18.335117915973623,1.9099119829718691
2015-07-07,52149.0,52388.0,51130.0,52344.0,3538900,0.0037392855088305144,11.984347156340935,16.28354792422017,18.321767838673633,2.403331804982424
2015-07-08,52343.0,52468.0,51574.0,51782.0,2880300,-0.010736665138315726,13.189459788393254,16.671938664984083,17.869235006638302,1.7264686570622998
2015-07-10,51782.0,52786.0,51782.0,52591.0,2678700,0.015623189525317605,18.22470320094401,16.026288915108626,18.1714666129483,1.909071894430606
2015-07-13,52591.0,53164.0,52591.0,53119.0,2606900,0.010039740640033434,17.69072286068853,16.452224421300063,18.406769793928987,1.078710066078051
2015-07-14,53119.0,53416.0,52653.0,53239.0,2740900,0.002259078672414816,15.708426981215759,16.333485841199206,17.18685894831727,1.4331599015759124
2015-07-15,53239.0,53334.0,52790.0,52902.0,2533600,-0.00632994609215054,17.421506555148746,16.4260826643556,17.231059389615762,1.0283165097727875
2015-07-16,52902.0,53417.0,52714.0,53070.0,2075700,0.0031756833390041983,13.220920991649576,16.008081859121358,15.866002120145206,1.3246655360844168
2015-07-17,53070.0,53310.0,52221.0,52342.0,2440800,-0.01371773129828524,14.63657124120395,16.436237578954906,15.905847840775452,2.0805471705322685
2015-07-20,52341.0,52424.0,51525.0,51600.0,2635000,-0.014175996331817653,13.249066145418626,15.464276847321814,16.148300034340636,1.7422480620155039
2015-07-21,51603.0,51998.0,51244.0,51474.0,2942600,-0.0024418604651162967,11.797890745452506,15.271439725643804,16.141650747351775,1.4648171892605975
2015-07-22,51474.0,51474.0,50592.0,50916.0,3123300,-0.010840424291875483,12.138873717194935,15.48712102217536,16.397726832155058,1.7322649069054914
2015-07-23,50916.0,51063.0,49668.0,49807.0,4181500,-0.02178097258229239,11.064055984342646,16.83839005733699,16.17197926942308,2.800811130965527
2015-07-24,49804.0,49831.0,48624.0,49246.0,3632500,-0.01126347702130226,11.043825366294794,16.940227707835938,16.366487018091764,2.4509604841002313
2015-07-27,49246.0,49298.0,48640.0,48736.0,3489100,-0.010356171059578423,10.92386724521823,16.830555430557904,16.48224275988344,1.3501313197636244
2015-07-28,48740.0,49871.0,48740.0,49602.0,4137600,0.017769205515430153,23.488739171480063,17.132602853986807,17.536990470063564,2.2801499939518566
2015-07-29,49602.0,50333.0,49422.0,50245.0,3746800,0.01296318696826737,27.03586498245792,17.23510446077548,17.699019052576627,1.813115732908747
2015-07-30,50245.0,50645.0,49612.0,49897.0,3261200,-0.006926062294755675,21.95219878812869,17.243545287502666,17.65783918338658,2.0702647453754737
2015-07-31,49897.0,50895.0,49892.0,50865.0,3142200,0.01939996392568699,22.443516855932728,18.83420905453686,17.74149792029282,1.9718863658704413
2015-08-03,50867.0,50867.0,50054.0,50138.0,2613200,-0.014292735672859491,24.402394242689663,19.067453707335353,17.984457817236322,1.621524592125733
2015-08-04,50138.0,50574.0,49827.0,50058.0,2670400,-0.0015955961546132436,22.181261087979692,18.823182786425285,17.937694929571542,1.4922689679971233
2015-08-05,50067.0,50853.0,50067.0,50287.0,2662100,0.004574693355707371,20.26435081619258,18.877863356665465,18.050156154295653,1.5630282180285164
2015-08-06,50280.0,50534.0,49624.0,50011.0,3640800,-0.005488496032771906,19.96796798562739,18.815698738267432,18.043664428619387,1.819599688068625
2015-08-07,50013.0,50013.0,48512.0,48577.0,3218400,-0.028673691787806654,20.49057213145217,20.776643036969862,19.39419750032747,3.0899396833892583
2015-08-10,48578.0,49512.0,48578.0,49353.0,2842100,0.015974638203264835,26.141265957172262,20.816560599462765,19.40762765224958,1.892488805138492
2015-08-11,49340.0,49340.0,48306.0,49072.0,3288000,-0.00569367616963512,26.160333863502867,20.287290479243307,18.857243054446375,2.107107923051842
2015-08-12,49064.0,49064.0,48028.0,48388.0,4234500,-0.013938702314965745,25.696719966506905,20.464136724627853,19.10640292714126,2.1410267008349178
2015-08-13,48390.0,48606.0,47722.0,48010.0,3186500,-0.007811854178721989,25.631350967904186,20.487624676434095,19.137077835786638,1.8412830660279107
2015-08-14,48010.0,48186.0,47508.0,47508.0,2878900,-0.010456154967715015,18.717501919134456,20.385524664778796,19.026617626286416,1.4271280626420813
2015-08-17,47509.0,47788.0,47217.0,47217.0,2411800,-0.006125284162667333,5.437381824790761,20.153190732397984,18.9129597587596,1.2093102060698477
2015-08-18,47220.0,48084.0,46676.0,47451.0,3544600,0.0049558421754876125,11.334710393561322,20.123561140634312,19.035399869115803,2.967271501127479
2015-08-19,47451.0,47451.0,45977.0,46588.0,3236800,-0.018187182567279914,13.283622703630282,20.709756218789614,19.410671762656076,3.1639048682064055
2015-08-20,46588.0,46781.0,46030.0,46649.0,2945700,0.0013093500472225461,14.665879616318737,20.680314248997085,19.350656724303796,1.6098951746018137
2015-08-21,46649.0,46649.0,45677.0,45720.0,2869600,-0.01991468198675217,17.800342967386552,20.488232662940543,19.053413982568923,2.1259842519685037
2015-08-24,45715.0,45715.0,42749.0,44336.0,4727700,-0.030271216097987774,23.792062655036997,22.315141927702562,19.92645578783604,6.689823168531215
2015-08-25,44338.0,45588.0,44338.0,44545.0,3726600,0.004714002165283393,23.681142346245256,22.460567613694415,20.0265759188419,2.8061510831743184
2015-08-26,44546.0,46039.0,44540.0,46038.0,3739600,0.03351666853743396,39.187673803863895,24.92639135761641,23.045578647489176,3.256005908162822
2015-08-27,46038.0,47997.0,46038.0,47715.0,4252000,0.036426430340153804,48.05577499219622,28.005333565063374,25.854231917080416,4.105627161270041
2015-08-28,47697.0,47872.0,46847.0,47154.0,3778600,-0.011757309022319973,45.69356353618767,28.155282287975847,25.792494281678458,2.1737286338380626
2015-08-31,47151.0,47151.0,45570.0,46626.0,4667300,-0.011197353352843886,37.24137484750818,27.127414932347605,25.69808996554217,3.390811993308455
2015-09-01,46625.0,46625.0,45278.0,45477.0,3665000,-0.024642903101273927,45.0488986801743,27.849705771122903,26.432704639597038,2.9619368032192095
2015-09-02,45484.0,46474.0,45445.0,46464.0,3740100,0.021703278580381236,40.83344667069212,29.28717256344629,27.365846621145167,2.2146177685950414
2015-09-03,46468.0,47532.0,46279.0,47366.0,4103000,0.019412878787878896,32.825877460926925,30.230846796185617,27.500454220961956,2.6453574293797235
2015-09-04,47366.0,47377.0,46320.0,46498.0,4174900,-0.018325381075032676,34.43622568698644,30.704792679931547,27.792287203618027,2.273216052303325
2015-09-08,46501.0,47243.0,46497.0,46762.0,2851000,0.005677663555421653,33.8642113143566,29.40419680478214,27.75004353265046,1.595312433172234
2015-09-09,46762.0,47840.0,46614.0,46657.0,3699200,-0.002245412942132541,26.126229047389828,28.697119911930187,27.159291404429815,2.6276871637696377
2015-09-10,46656.0,46819.0,45592.0,46504.0,4483200,-0.0032792507019311357,21.88729852456517,28.675621174077868,26.792527920905094,2.638482711164631
2015-09-11,46509.0,46558.0,46176.0,46401.0,3615300,-0.0022148632375709187,13.876092742564857,28.36723770834089,26.758731957674225,0.823258119437081
2015-09-14,46400.0,47386.0,46218.0,47282.0,3579400,0.01898665977026348,14.978932541835356,29.16459375468174,26.72988430371338,2.4702846749291485
2015-09-15,47281.0,47689.0,46746.0,47364.0,3562000,0.0017342751998645767,14.859814528903946,28.948713375510348,26.507470191556543,1.990963601047209
2015-09-16,47364.0,48681.0,47364.0,48553.0,4320300,0.02510345410016046,20.759177961034215,30.11226984021172,27.627746463908704,2.712499742549379
2015-09-17,48553.0,49396.0,48082.0,48551.0,4184700,-4.1192099355380485e-05,19.746888306922514,30.089761639399725,27.581033916648973,2.706432411278861
2015-09-18,48550.0,48550.0,46928.0,47264.0,4381000,-0.02650820786389574,31.967196430949308,30.894757498419718,28.533008699707835,3.4317874069058902
2015-09-21,47263.0,47391.0,46425.0,46590.0,2601200,-0.014260324983073835,30.742813863666978,31.334269914738627,27.641993806521697,2.0734063103670315
2015-09-22,46585.0,46585.0,45276.0,46265.0,4193100,-0.0069757458682120355,30.555781549776835,30.60369230111425,27.196341169772303,2.829352642386253
2015-09-23,46263.0,46480.0,45340.0,45340.0,3962000,-0.019993515616556823,16.566764989363396,29.47780996247425,27.676198364376877,2.514336127040141
2015-09-24,45340.0,45572.0,44183.0,45292.0,4331700,-0.001058667842964267,16.051588243925963,29.45967023837096,27.464025072834293,3.0667667579263447
2015-09-25,45300.0,45969.0,44697.0,44831.0,3135300,-0.010178397951073004,11.390144916628607,27.174341489151498,27.515628404312835,2.8373223885257968
2015-09-28,44832.0,44832.0,43767.0,43957.0,2771900,-0.019495438424304568,12.976757850361883,24.176912319943686,27.875497290787486,2.4228223036148964
2015-09-29,43956.0,44531.0,43956.0,44132.0,2960700,0.003981163409695787,17.085696204921025,24.137967156066694,27.91319033277324,1.3029094534578085
2015-09-30,44132.0,45294.0,44132.0,45059.0,4831200,0.02100516631922411,24.273670109842637,25.315523785658666,28.643776517018487,2.578841075034954
2015-10-01,45064.0,45547.0,44789.0,45313.0,3773200,0.0056370536407821525,24.750167944422316,23.96558949047213,28.272309736381416,1.6728091276234192
2015-10-02,45313.0,47033.0,44973.0,47033.0,4001300,0.037958201840531336,33.934432138965406,26.36699454508425,30.42042341410142,4.379903472030277
2015-10-05,47033.0,48081.0,47019.0,47598.0,3323700,0.012012842047073313,22.09472846225932,25.824663861299474,29.967153828400043,2.231186184293458
2015-10-06,47598.0,48092.0,47389.0,47735.0,3370800,0.0028782721963107605,22.486822261476547,24.920530251096892,28.41155747098707,1.47271394155232
2015-10-07,47735.0,49290.0,47715.0,48914.0,6060700,0.024698858280088,23.15817385303954,26.174571453509483,29.121155368317787,3.2199370323424783
2015-10-08,48915.0,49247.0,48658.0,49107.0,3585000,0.003945700617410175,23.689342164839942,26.127714041573785,27.679032652198508,1.199421671044861
2015-10-09,49105.0,49752.0,48698.0,49338.0,4551200,0.00470401368440343,14.525592076991071,26.048822898640978,25.73933024928861,2.136284405529207
2015-10-13,49339.0,49339.0,47135.0,47363.0,4221100,-0.04002999716243061,37.69587515831337,29.98905613359546,28.16970674686199,4.653421447121171
2015-10-14,47349.0,47715.0,46701.0,46710.0,6141700,-0.013787133416379826,38.529815012065384,29.680079979260764,28.271371599802393,2.1708413615928066
2015-10-15,46730.0,47188.0,46321.0,47161.0,3653000,0.009655320059944295,32.44760114509751,29.878456513200625,27.384700957332626,1.838383410020992
2015-10-16,47161.0,47727.0,46517.0,47236.0,3537700,0.0015902970674921413,31.98209297378497,28.462418839662156,26.697961614347054,2.5616055550851047
2015-10-19,47242.0,47536.0,46917.0,47447.0,3133600,0.004466932001016222,31.925147218762977,28.52742138310449,26.132408797652346,1.3046135688241618
2015-10-20,47447.0,47728.0,46623.0,47077.0,3297000,-0.007798174805572544,15.053739186446979,27.1159067496824,25.65814560719499,2.3472183868980605
2015-10-21,47077.0,47274.0,46654.0,47026.0,2957300,-0.0010833315631837426,10.298881073438114,26.625561461692026,25.615271689841084,1.3184195976693744
2015-10-22,47027.0,47909.0,47027.0,47772.0,3124100,0.01586356483647333,13.796119818251725,26.982257883789494,25.99297725881089,1.8462697814619442
2015-10-23,47774.0,48837.0,47502.0,47597.0,3592300,-0.003663233693376844,14.52510937304424,25.901974884946068,25.99860187855975,2.8047986217618757
2015-10-26,47607.0,47875.0,47105.0,47209.0,2451400,-0.008151774271487722,15.651432602260376,26.138264365154225,26.117169282386232,1.6310449278739223
2015-10-27,47205.0,47338.0,46742.0,47043.0,3443800,-0.0035162786756762765,14.742805217852261,25.844003161531692,25.556834497999166,1.2669260038688008
2015-10-28,47038.0,47441.0,46388.0,46741.0,4085200,-0.006419658610207657,15.43520156918813,24.823536689122,25.616739155274722,2.2528401189533818
2015-10-29,46740.0,46740.0,45628.0,45628.0,3082000,-0.023812070772983085,13.405830766204385,26.501844890487032,25.320283363267187,2.4371000262996407
2015-10-30,45628.0,45975.0,45401.0,45869.0,3231400,0.005281844481458853,16.776838609212817,25.604840835429428,25.401946506826356,1.2513898275523774
2015-11-03,45869.0,48054.0,45866.0,48054.0,4603800,0.047635658069720366,42.3298361877378,30.276020108911293,28.075681963653427,4.5532109709909685
2015-11-04,48059.0,49054.0,47441.0,47710.0,3627200,-0.00715861322678657,42.804601082149496,27.624931990659817,27.821074567932925,3.380842590651855
2015-11-05,47712.0,48061.0,47430.0,48047.0,3189000,0.007063508698386123,41.97665048247938,27.424839660549,27.77148530619521,1.313297396299457
2015-11-06,48046.0,48046.0,46397.0,46919.0,3091100,-0.02347701209232622,41.82814184788245,28.64032127747467,28.02197704094393,3.514567659157271
2015-11-09,46915.0,47001.0,46057.0,46195.0,2278500,-0.01543084890982327,44.51003192862656,27.513736039601568,28.433303007376708,2.043511202511094
2015-11-10,46195.0,46195.0,45397.0,46179.0,2401800,-0.00034635783093406314,19.129707540364297,27.425555914339167,28.24521623133605,1.7280582082764895
2015-11-11,46207.0,47231.0,46207.0,47065.0,3071700,0.019186210182117414,27.191108653128776,28.36631811263225,28.013445701355565,2.1757144374800808
2015-11-12,47065.0,47460.0,46696.0,46884.0,3154200,-0.003845745245936505,25.816558102046105,24.81589443710493,28.067571756706123,1.6295537923385377
2015-11-13,46884.0,46884.0,46311.0,46517.0,3517200,-0.007827830389898427,20.525833472637927,24.49366153247895,27.626664231331134,1.231807726207623
2015-11-16,46519.0,46905.0,46399.0,46847.0,3144900,0.007094180622138069,16.91120532098941,24.381140983418774,27.650182946296788,1.080111853480479
2015-11-17,46848.0,47698.0,46848.0,47248.0,3341700,0.008559779708412485,17.031548387853746,24.564723353185773,25.487484104639947,1.7990179478496446
2015-11-18,47241.0,47951.0,47241.0,47436.0,3965500,0.003979004402302699,11.303943052316725,24.554435507986124,25.271457340879,1.4967535205329285
2015-11-19,47437.0,48227.0,47437.0,48139.0,4069100,0.014819967956825941,13.247295070390786,24.885402254370817,25.62383997096667,1.6410810361661021
2015-11-23,48138.0,48745.0,47988.0,48150.0,3277600,0.0002285049544028528,8.642242485711101,24.87452499581959,24.567670885334643,1.5721703011422636
2015-11-24,48143.0,48320.0,47442.0,48284.0,3445700,0.002782969885773534,9.121308855512838,24.312013623173726,24.5520674800269,1.8184077541214478
2015-11-25,48270.0,48270.0,46742.0,46867.0,3976000,-0.029347195758429256,26.24290038338198,26.418646642370568,25.87880507073745,3.260289756118378
2015-11-26,46867.0,47199.0,46867.0,47146.0,2288300,0.005953015981394083,26.538645928664074,26.362728350250908,23.239498414723816,0.7041954778772324
2015-11-27,47144.0,47144.0,45812.0,45873.0,3031900,-0.027001230221015526,27.31744525640994,27.971129220558005,24.213404681187754,2.9036688247989013
2015-11-30,45871.0,45931.0,45106.0,45120.0,7164800,-0.01641488457262441,26.12136193187029,28.423473859865062,24.441984134311056,1.8284574468085106
2015-12-01,45121.0,45482.0,44775.0,45047.0,4176300,-0.0016179078014184611,24.609903709588508,27.24642090638673,24.42601879259311,1.5694718849201945
2015-12-02,45046.0,45338.0,44579.0,44915.0,4179400,-0.002930272826159319,20.882187620264766,27.176380598104043,24.363882148788893,1.6898586218412555
2015-12-03,44923.0,47142.0,44923.0,46393.0,4421500,0.03290660135812096,35.91304001441973,24.178098707684267,26.262706738177172,4.783049166900179
2015-12-04,46385.0,46385.0,45023.0,45361.0,3520900,-0.022244735197120225,34.02020626442495,25.162750947609375,27.01886638100609,3.0025793082163093
2015-12-07,45361.0,46157.0,45217.0,45223.0,2853300,-0.003042260973082578,31.71174237084876,24.93232580102583,26.541136377496876,2.078588328947659
2015-12-08,45223.0,45233.0,44232.0,44443.0,3203200,-0.017247860601906084,34.24499558001533,24.367209282712754,26.918165469517163,2.252323200504016
2015-12-09,44444.0,46438.0,44444.0,46108.0,4446400,0.03746371757082101,44.42724474923725,27.50795558204484,29.184766910616016,4.32462913160406
2015-12-10,46084.0,46323.0,45351.0,45631.0,3638300,-0.010345276307799134,37.77160595104012,27.743299340446963,29.310414507356853,2.1301308321097503
2015-12-11,45630.0,45981.0,45068.0,45263.0,3281900,-0.008064692862308487,34.43371104641118,26.909858019335886,29.341430314176854,2.0171000596513706
2015-12-14,45258.0,45258.0,44531.0,44747.0,2481600,-0.011400039767580639,35.35985782201767,27.111497154799423,28.713247938859958,1.6246899233468166
2015-12-15,44748.0,45423.0,44748.0,44872.0,2558500,0.002793483362013127,32.64450640675928,27.077451396897363,28.67879656990832,1.5042788375824567
2015-12-16,44868.0,45099.0,44095.0,45016.0,3324300,0.0032091281868424915,11.413333397439775,26.953890037736272,24.81981381916071,2.2303181091167588
2015-12-17,45016.0,46251.0,45016.0,45261.0,3028800,0.005442509330015888,12.033785418322724,26.824830684804024,24.863394138821516,2.728618457391573
2015-12-18,45249.0,45249.0,43690.0,43911.0,4564700,-0.02982700338039368,23.678325409585252,28.39995042523022,26.013936345987904,3.550363234724784
2015-12-21,43912.0,44223.0,43196.0,43200.0,3452900,-0.016191842590694838,24.598833909392354,27.904341143364984,25.59468167856681,2.377314814814815
2015-12-22,43208.0,43632.0,43137.0,43470.0,2577000,0.006250000000000089,25.561798763927822,28.123469141369394,25.422727696899848,1.1387163561076603
2015-12-23,43479.0,44233.0,43479.0,44015.0,2501300,0.012537382102599581,28.42759987373011,28.64893823101297,25.76313296879495,1.713052368510735
2015-12-28,44016.0,44087.0,43709.0,43764.0,1793200,-0.005702601385891182,27.07596704971572,27.17117107809787,25.028352911521523,0.8637236084452975
2015-12-29,43781.0,44042.0,43523.0,43654.0,1675900,-0.0025134814002376604,17.586765503074187,26.972599475686376,25.02418598964324,1.1888944884775738
2015-12-30,43653.0,43662.0,43217.0,43350.0,2679200,-0.0069638521097723505,13.30474605307144,25.634727270401886,25.008719514537077,1.0265282583621684
2016-01-04,43349.0,43349.0,42125.0,42141.0,2976300,-0.027889273356401345,22.94802083573878,26.701701389676035,25.91451430097304,2.9045347761087776
2016-01-05,42139.0,42534.0,42137.0,42419.0,2557200,0.006596900880377676,20.120857564638722,26.910488385536148,25.84197869761139,0.9359013649543837
2016-01-06,42410.0,42410.0,41590.0,41773.0,3935900,-0.015229024729484397,20.7721141738034,27.25749036419525,25.96090446803114,1.962990448375745
2016-01-07,41772.0,41772.0,40695.0,40695.0,4032300,-0.02580614272376891,22.554188548503877,24.91626050256052,26.05813371712909,2.646516771102101
2016-01-08,40695.0,41218.0,40463.0,40612.0,3221600,-0.00203956259982796,23.74215490558202,24.24095479086996,26.02342410469062,1.8590564365212252
2016-01-11,40612.0,40974.0,39924.0,39950.0,3086400,-0.016300600807643062,20.300699111931916,24.529664057388256,26.081430952009743,2.6282853566958697
2016-01-12,39955.0,40261.0,39426.0,39514.0,3383700,-0.01091364205256573,13.719038616597814,24.25288210762114,25.18965385993166,2.113175077187832
2016-01-13,39518.0,40050.0,38822.0,38944.0,3569600,-0.014425266993976837,13.68763940393908,18.70510838905423,25.073065715903443,3.1532456861133937
2016-01-14,38944.0,39502.0,38459.0,39500.0,3868600,0.01427691043549717,19.890670595230752,20.192071904248856,24.95551929267795,2.640506329113924
2016-01-15,39494.0,39494.0,37986.0,38569.0,4076400,-0.023569620253164558,22.91440626892921,21.014959114125872,25.326915909656883,3.9098758069952555
2016-01-18,38572.0,38633.0,37937.0,37937.0,2161200,-0.016386216909953566,22.92887440738876,21.201473911407614,25.51184399210443,1.834620555130875
2016-01-19,37941.0,38857.0,37941.0,38057.0,3044900,0.00316313888815678,24.759026006518873,21.224999812733866,25.627810039749892,2.4069159418766586
2016-01-20,38056.0,38056.0,37046.0,37645.0,3958400,-0.01082586646346273,24.240962497153397,20.867599056581724,22.944008129136318,2.682959224332581
2016-01-21,37647.0,38079.0,37495.0,37717.0,3773600,0.0019126045955637494,18.394764233009276,20.606843925423696,22.60027571062009,1.5483734125195536
2016-01-22,37737.0,38444.0,37737.0,38031.0,4197500,0.008325158416629064,16.46917092002201,19.87169007594935,22.968204514959975,1.8590097551997056
2016-01-26,38031.0,38031.0,37112.0,37497.0,3607000,-0.014041176934605937,15.288876091336826,19.75653091565354,22.846047117992995,2.4508627356855213
2016-01-27,37501.0,38766.0,37402.0,38376.0,4648600,0.023441875350028063,24.092010908428506,21.946601369257866,20.82402650993406,3.554304773816969
2016-01-28,38376.0,39100.0,37996.0,38630.0,4464600,0.006618720033354286,21.379992459131802,21.411853978236408,21.096214781392423,2.8578824747605487
2016-01-29,38635.0,40406.0,38635.0,40406.0,5475700,0.045974631115713205,35.35866578996283,28.00380502882589,25.803134716258054,4.383012423897441
2016-02-01,40397.0,40570.0,39738.0,40570.0,3661700,0.004058803148047296,35.9201594702604,28.129599599437842,25.788614125202987,2.0507764357899925
2016-02-02,40564.0,40564.0,38596.0,38596.0,4425300,-0.048656642839536635,55.522646344596126,32.21804803249591,28.886112684974375,5.098973986941652
2016-02-03,38597.0,39726.0,38597.0,39589.0,4238100,0.02572805472069639,55.98940248327278,32.83338012228968,30.14201673613047,2.851802268306853
2016-02-04,39589.0,41444.0,39589.0,40822.0,5388500,0.03114501502942746,58.60115472934535,34.76014013946788,31.727780882355894,4.54411836754691
2016-02-05,40812.0,41249.0,40566.0,40592.0,3669000,-0.005634216843858675,50.44255281405909,34.44350722229495,30.725197925040305,1.6825975561687034
2016-02-10,40592.0,40592.0,39960.0,40377.0,3700000,-0.005296610169491567,50.560609957035005,33.30692136460441,30.46245089981569,1.565247541917428
2016-02-11,40370.0,40370.0,38928.0,39318.0,3794000,-0.02622780295712901,38.081527123576144,34.51074835289396,31.13825695427794,3.6675314105498757
2016-02-12,39324.0,39901.0,39324.0,39808.0,3327800,0.012462485375654975,34.27482381413,34.37521778845884,31.134984506340246,1.4494573954983923
2016-02-15,39808.0,40671.0,39808.0,40093.0,1694300,0.007159364951768499,23.715771578022224,34.21843681892473,31.266494894802882,2.1524954480832066
2016-02-16,40093.0,41206.0,40074.0,40948.0,3921300,0.021325418402214913,29.2661654220245,34.43946407361497,32.034687504868266,2.7644817817720035
2016-02-17,40958.0,42436.0,40958.0,41631.0,5307100,0.01667969131581515,30.01784917242583,34.5518401680247,32.44241154746566,3.5502390045879273
2016-02-18,41624.0,41698.0,41183.0,41478.0,3534900,-0.0036751459249116936,15.286225216927383,33.30866790872979,31.45183535815214,1.2416220647090024
2016-02-19,41477.0,41828.0,41071.0,41543.0,3298700,0.001567095809826835,16.448193177860812,32.51719299609825,31.389176470891993,1.8222083142767735
2016-02-22,41544.0,43345.0,41544.0,43235.0,4508500,0.040728883325710674,27.876410659905083,34.838727721331416,33.24347244539192,4.165606568752168
2016-02-23,43235.0,43601.0,42359.0,42521.0,3805300,-0.01651439805712962,34.82337667853425,35.24489016738398,32.68812281910767,2.9209096681639664
2016-02-24,42521.0,42521.0,41211.0,42085.0,3522700,-0.0102537569671457,35.71386880227587,35.674280726946236,32.85536355071993,3.1127480099798026
2016-02-25,42084.0,42327.0,41442.0,41888.0,4046700,-0.004681002732564998,35.828096783410615,35.82740143785723,32.482022504451855,2.1127769289533993
2016-02-26,41889.0,42495.0,41417.0,41593.0,3274600,-0.007042589763177953,36.43550328691619,35.44231977869451,32.36972716044072,2.5917822710552256
2016-02-29,41599.0,43053.0,41599.0,42794.0,4473500,0.02887505109032773,28.22636527712007,35.84264857099521,32.899166619254764,3.397672570921157
2016-03-01,42795.0,44181.0,42795.0,44122.0,4610100,0.031032387717904397,32.58809431968722,36.92480043372412,33.730453055049445,3.141290059380808
2016-03-02,44122.0,44983.0,43841.0,44893.0,5009600,0.017474275871447453,28.743820595369375,34.324540854182345,32.91218078809599,2.5438264317376875
2016-03-03,44900.0,47375.0,44900.0,47193.0,9031000,0.05123293163744913,33.86693666715257,37.829335687779185,34.823248177221735,5.244421842222363
2016-03-04,47194.0,50024.0,47194.0,49085.0,10284300,0.04009069141609989,20.109728048256976,33.471778009494265,36.04366557152952,5.765508811245798
2016-03-07,49089.0,49639.0,48746.0,49246.0,5720600,0.0032800244473871754,29.85803095350873,33.190396692053035,35.60659931658694,1.8133452463144215
2016-03-08,49244.0,49914.0,48847.0,49102.0,7150500,-0.002924095357998646,37.0068827619962,32.6337329204026,35.72045905451577,2.1730275752515174
2016-03-09,49102.0,50001.0,48623.0,48665.0,6230600,-0.008899841147000154,43.18403605921031,32.83761708686167,36.09874060216862,2.8316038220487
2016-03-10,48667.0,49974.0,47922.0,49571.0,7467200,0.018617075927257698,31.2398522175519,32.581067963552876,35.563551225116335,4.1395170563434265
2016-03-11,49574.0,50038.0,49156.0,49639.0,6002200,0.001371769784753285,16.281937881858806,30.014414084382636,35.39137265369877,1.776828703237374
2016-03-14,49639.0,50166.0,48757.0,48867.0,4801100,-0.015552287515864571,20.502001424364344,31.417214364292267,36.08950247776624,2.8833364028894755
2016-03-15,48866.0,48866.0,46684.0,47130.0,5502200,-0.035545460126465755,31.876726446085485,35.16247791253375,36.39083458563251,4.62974750689582
2016-03-16,47130.0,47814.0,46521.0,47763.0,5111000,0.013430935709739078,35.244612494311426,34.889709583228345,36.46218101136699,2.7071163871616104
2016-03-17,47770.0,51268.0,47770.0,50914.0,7245100,0.06597156795008696,60.779537982030405,40.27183179430059,36.74440059599239,6.870408924853674
2016-03-18,50915.0,51308.0,50202.0,50815.0,5448400,-0.0019444553560906686,60.98166426751289,40.202550665139995,36.55924501586647,2.176522680310932
2016-03-21,50816.0,51370.0,50765.0,51172.0,3708500,0.0070254846010036065,58.16587834402277,40.10237104649178,35.93016168714329,1.1822871883061048
2016-03-22,51170.0,51215.0,50812.0,51010.0,3896600,-0.003165793793480809,45.41110637527985,38.76266196130357,35.85698287814415,0.7900411683983533
2016-03-23,51005.0,51005.0,49491.0,49690.0,3638700,-0.02587727896490888,54.60047253601036,39.64012807853415,36.992654346416494,3.046890722479372
2016-03-24,49686.0,49686.0,48778.0,49657.0,3688400,-0.0006641175286777878,19.634809860657747,39.22874433966477,35.70482765705024,1.8285438105403067
2016-03-28,49687.0,51149.0,49687.0,50838.0,3515800,0.023783152425639997,28.5614338455356,39.29066943574925,35.97604398653934,2.8758015657578975
2016-03-29,50839.0,51765.0,50387.0,51155.0,4320900,0.006235493135056558,28.448132183639256,38.850874199216825,35.97987610418443,2.6937738246505716
2016-03-30,51155.0,52262.0,50900.0,51249.0,4730600,0.0018375525364089373,28.31188002450777,38.337419065627365,35.81444039065851,2.657612831469882
2016-03-31,51248.0,51248.0,49642.0,50055.0,4251900,-0.023298015571035502,26.78363557759945,38.998639057832385,36.80870539251488,3.2084706822495255
2016-04-01,50054.0,50768.0,49361.0,50562.0,3890600,0.010128858255918471,27.305151595574735,38.81623641128683,36.69707178576705,2.7827222024445235
2016-04-04,50556.0,50556.0,48600.0,48780.0,3556500,-0.03524385902456395,31.791810611396865,37.64926417949239,38.65839102156976,4.009840098400984
2016-04-05,48778.0,49629.0,48149.0,49054.0,3546100,0.0056170561705617406,31.61908077941082,35.039815904677866,37.2017946870647,3.017083214416765
2016-04-06,49054.0,49054.0,47874.0,48096.0,3810000,-0.019529498104130183,30.981543015603407,35.67230289797852,37.35958044986755,2.4534264803725883
2016-04-07,48099.0,48940.0,48099.0,48513.0,3059900,0.008670159680638667,32.22695887130744,35.81469451171456,37.11729581605044,1.7335559540741656
2016-04-08,48517.0,50486.0,48517.0,50293.0,5047700,0.03669119617422134,44.0043064554059,37.86442383912447,38.10237835686286,3.9150577615175077
2016-04-11,50303.0,51089.0,50078.0,50165.0,4050700,-0.0025450857972282304,32.472579224780205,37.38936657688677,37.986728325305826,2.0153493471543906
2016-04-12,50166.0,52327.0,50166.0,52002.0,5146900,0.03661915678261729,39.14694265296545,39.3938588056687,38.44594013849252,4.155609399638475
2016-04-13,52010.0,53844.0,52010.0,53150.0,6376500,0.022076073997153944,27.44146118685032,39.37689577026507,38.04083927345387,3.450611476952022
2016-04-14,53150.0,53699.0,52242.0,52411.0,5492100,-0.013904045155221034,36.615956886419106,37.27527790331641,38.340041151117276,2.7799507736925455
2016-04-15,52414.0,53390.0,52414.0,53228.0,5047800,0.01558833069393839,31.770314193204012,37.34179225459212,35.959506111839204,1.8336214022694821
2016-04-18,53229.0,53479.0,52305.0,52894.0,4385600,-0.006274892913504138,32.9041677634076,30.307847217607925,34.42353790604808,2.2195334064355126
2016-04-19,52894.0,54054.0,52894.0,53710.0,5033900,0.015427080576246865,24.903170735484434,30.619390286907596,34.620199954342326,2.1597467883075776
2016-04-20,53711.0,53857.0,53149.0,53631.0,4554100,-0.0014708620368646397,20.974606481658782,30.613771245623607,34.60069516773963,1.3201320132013201
2016-04-22,53630.0,53630.0,52629.0,52908.0,4259400,-0.013481009117860987,20.775338302259204,31.05602295344162,34.764676548161425,1.8919634081802374
2016-04-25,52911.0,52949.0,51748.0,51862.0,3693200,-0.019770167082482804,21.31808390900171,30.433001625702765,35.047215203035094,2.3157610581928965
2016-04-26,51867.0,53108.0,51838.0,53083.0,3749400,0.02354324939261887,29.3080385927868,31.28786258820985,35.6115116881112,2.3924797015993824
2016-04-27,53094.0,54560.0,53094.0,54478.0,4897900,0.026279599871898762,33.43134808808742,31.504322336281167,35.834072119483395,2.690994529901979
2016-04-28,54475.0,54978.0,53963.0,54312.0,4413500,-0.003047101582290046,33.58313104039649,31.56627296237133,33.91397689325781,1.8688319340108999
2016-04-29,54317.0,54705.0,53592.0,53911.0,4898400,-0.007383267049639097,31.971982906427105,31.77160110498373,33.99846716301957,2.064513735601269
2016-05-02,53910.0,54113.0,53265.0,53562.0,3286100,-0.006473632468327439,26.727189386717715,30.55457548487894,28.63241556514341,1.5832119786415744
2016-05-03,53557.0,53557.0,52260.0,52260.0,3892400,-0.024308278256973237,29.08349081612244,31.899003755087072,29.60689608655925,2.4818216609261383
2016-05-04,52253.0,52672.0,51931.0,52553.0,4263800,0.005606582472254207,17.2893434242937,28.927656343078073,29.585079305726392,1.410005137670542
2016-05-05,52569.0,53071.0,51311.0,51671.0,3653100,-0.01678305710425665,17.986209398933052,29.770147045330912,30.014050237583724,3.406165934470012
2016-05-06,51671.0,52159.0,51204.0,51718.0,3296100,0.0009096011302278662,19.59926296763222,28.67373138219134,28.945586710284115,1.846552457558297
2016-05-09,51717.0,51717.0,49908.0,50990.0,4938400,-0.01407633705866429,19.915617703580164,29.245673008135835,29.291454058549615,3.5477544616591485
2016-05-10,50994.0,53071.0,50994.0,53071.0,4079200,0.04081192390664845,36.57554168962373,29.88003040497469,30.816122319122652,3.913625143675454
2016-05-11,53072.0,53976.0,52736.0,52764.0,4350000,-0.005784703510391731,37.01315653808102,29.973032288387163,30.856409459165707,2.350087180653476
2016-05-12,52765.0,53703.0,52424.0,53241.0,4630400,0.009040254719126617,33.570001944477454,27.44195558953756,30.939551682287984,2.4022839540955276
2016-05-13,53236.0,53250.0,51366.0,51804.0,4314300,-0.026990477263762913,41.28616226769611,28.011008347265125,31.21354572247258,3.636784804262219
2016-05-16,51803.0,52305.0,51585.0,51803.0,3529500,-1.930352868506624e-05,39.296184170132136,27.61986665447559,31.103381431436677,1.3898808949288652
2016-05-17,51795.0,51946.0,50689.0,50839.0,3871100,-0.018608960870992064,22.881337983625528,27.664118309676404,29.76411402201038,2.472511261039753
2016-05-18,50836.0,51373.0,50301.0,50562.0,4072500,-0.005448572945966679,22.907443722803272,27.649659526610233,29.805404481198426,2.1201692971005897
2016-05-19,50556.0,50556.0,49588.0,50133.0,3905500,-0.00848463272813571,17.155648911126438,26.98327151345299,29.306299617914565,1.9308639020206253
2016-05-20,50133.0,50822.0,49723.0,49723.0,3254500,-0.00817824586599647,10.734634946313161,27.03098983186989,29.357221834602925,2.2102447559479517
2016-05-23,49709.0,49709.0,48695.0,49330.0,3412800,-0.007903786979868488,8.112338137204416,26.83881576504993,27.425668017411365,2.055544293533347
2016-05-24,49330.0,50002.0,49153.0,49345.0,3138900,0.0003040745996352179,5.86343932939166,26.169140605839747,27.419647536849556,1.7205390617083798
2016-05-25,49347.0,50357.0,49347.0,49483.0,3472600,0.0027966359306921262,8.589074644030708,24.52931174078426,25.105588029643243,2.0411050259685144
2016-05-27,49481.0,49805.0,48869.0,49051.0,2711800,-0.008730271002162393,8.666018843526366,22.101110596970447,24.157909871524648,1.9082179772073964
2016-05-30,49051.0,49203.0,48799.0,48964.0,1169200,-0.0017736641454811908,8.050976905119738,22.118906505600034,23.917580106993174,0.8250959888897966
2016-05-31,48963.0,49269.0,48292.0,48472.0,5802800,-0.01004819867657869,8.956550532469096,22.17682097574359,23.413639279882414,2.0155966331077737
2016-06-01,48468.0,49057.0,48200.0,49013.0,3290000,0.01116108268691196,13.839609769698683,22.856055625048302,23.745404401130703,1.7485156999163487
2016-06-02,49008.0,49906.0,48781.0,49887.0,3525800,0.017832003754105985,19.58154490428318,22.82768866078789,23.912201261441833,2.2550965181309763
2016-06-03,49888.0,50634.0,49888.0,50619.0,3329400,0.014673161344638919,18.768727428730593,23.422312115721684,24.416202530528945,1.4737549141626662
2016-06-06,50627.0,50924.0,50097.0,50432.0,3111900,-0.003694264999308583,19.33465381089014,22.789262819706167,24.173283920757143,1.639831852791878
2016-06-07,50432.0,50641.0,50005.0,50488.0,2958800,0.001110406091370475,14.531459141723541,22.79155308422464,23.550293611297167,1.2597052765013468
2016-06-08,50490.0,51812.0,50490.0,51629.0,4206400,0.02259942956742189,17.87576899636287,23.67400072094224,23.466997300123126,2.560576420228941
2016-06-09,51633.0,51633.0,50832.0,51118.0,3213200,-0.009897538205272283,21.238007459618434,18.879318126380028,22.141614541697027,1.5669627137211941
2016-06-10,51117.0,51117.0,49421.0,49422.0,2977400,-0.03317813685981452,31.927214552970163,21.784406817563156,23.91356153962536,3.4316701064303343
2016-06-13,49419.0,49764.0,48804.0,49661.0,2630500,0.004835903039132283,32.6478792349828,21.538403170701873,23.982433256062034,1.933106461811079
2016-06-14,49662.0,49894.0,48216.0,48648.0,3885000,-0.020398300477235676,34.49925489491347,20.727548787099675,24.510448529029574,3.449268212465055
2016-06-15,48649.0,49415.0,48324.0,48915.0,5009800,0.005488406512086819,26.365209444344355,20.91123375833213,23.779193653728747,2.230399672901973
2016-06-16,48901.0,49412.0,48067.0,49412.0,3887200,0.010160482469590004,30.272191180055525,20.514964248218746,23.943408314261998,2.7220108475673923
2016-06-17,49409.0,50191.0,49405.0,49534.0,4248900,0.0024690358617340813,19.076255228032334,20.49534142780019,23.553473046537285,1.5867888722897405
2016-06-20,49539.0,50782.0,49539.0,50329.0,3487000,0.016049582105220672,22.0994543538379,21.104136910797617,24.079793674537594,2.469749051242822
2016-06-21,50326.0,50870.0,49678.0,50838.0,3349200,0.010113453476127132,8.216667502420323,21.13269921838098,23.94072598041272,2.344702781384004
2016-06-22,50835.0,51239.0,50060.0,50156.0,3632900,-0.013415161886777605,18.106105085148503,21.512753658793603,20.87198208684475,2.3506659223223543
2016-06-23,50161.0,51673.0,50161.0,51560.0,3166800,0.02799266289177771,24.542798776790274,23.46883586060456,22.540390947128124,2.9325058184639254
2016-06-24,51561.0,51561.0,49544.0,50105.0,4139100,-0.02821955003878973,36.272597032678455,25.720488404982195,23.702275103980437,4.025546352659416
2016-06-27,50106.0,50162.0,48954.0,49246.0,3228500,-0.017143997605029493,36.11778588063181,26.269307277934256,22.95710779498539,2.4529911058766194
2016-06-28,49252.0,50301.0,49252.0,50007.0,3406400,0.015453031718312138,37.61279746517959,26.769374112100213,23.48081173728432,2.097706321115044
2016-06-29,50009.0,51229.0,50009.0,51002.0,3970100,0.019897214389985374,39.23840448362589,27.19883432648859,23.633054501402942,2.392063056350731
2016-06-30,51001.0,51619.0,50585.0,51527.0,4377800,0.010293713972001184,33.962727802188574,27.165938447173872,23.745434680974846,2.0067149261552197
2016-07-01,51540.0,52346.0,51411.0,52233.0,4116100,0.013701554524812254,23.359157895262424,26.90915575243009,23.866899455044372,1.7900560948059654
2016-07-04,52241.0,52918.0,52241.0,52569.0,2081800,0.006432714950318719,8.11050645891699,26.58224396314482,23.728471597735616,1.287831231334056
2016-07-05,52565.0,52565.0,51510.0,51842.0,3121400,-0.013829443207974301,20.326772443813372,27.079913684186053,24.003198634898613,2.0350295127502798
2016-07-06,51842.0,51909.0,50825.0,51902.0,3277000,0.0011573627560665933,17.108631363352618,27.079843692410737,23.999950648542946,2.088551500905553
2016-07-07,51902.0,52719.0,51888.0,52015.0,3712200,0.002177180070132234,16.029756081046393,25.972102496265936,23.998378525930207,1.5976160722868404
2016-07-08,52020.0,53166.0,52020.0,53141.0,2995500,0.02164760165336932,20.165658694659527,26.672905495812937,24.453485272789425,2.1565269754050544
2016-07-11,53143.0,54021.0,53143.0,53960.0,3206300,0.015411828907999414,21.91517891435324,23.752911908623496,24.68109431767223,1.6271312083024463
2016-07-12,53961.0,54746.0,53961.0,54256.0,3878700,0.0054855448480355395,14.228020680057002,23.755828622922625,24.356207565076918,1.4468445886169272
2016-07-13,54256.0,54647.0,53733.0,54598.0,4037100,0.006303450309643077,12.79807903217154,21.98877519033446,24.270541270087197,1.674053994651819
2016-07-14,54601.0,55634.0,54601.0,55481.0,4408500,0.016172753580717236,10.997466264305805,22.291276035705632,24.191323608656802,1.8618986680124727
2016-07-15,55482.0,55649.0,55233.0,55578.0,3684500,0.0017483462807086347,10.188362157388518,22.289152633174833,23.96910332509325,0.7484976069667854
2016-07-18,55573.0,56509.0,55355.0,56484.0,3984500,0.016301414228651723,10.552777470639315,22.54930404429614,24.166875691098916,2.0430564407619856
2016-07-19,56487.0,56698.0,56246.0,56698.0,3794000,0.003788683520997038,10.989035153934267,22.284468008905563,24.15249866966315,0.797206250661399
2016-07-20,56699.0,56927.0,56221.0,56578.0,3865800,-0.002116476771667486,13.55152584361864,22.3875828231041,23.552205817717944,1.2478348474672134
2016-07-21,56578.0,56906.0,56233.0,56641.0,3486900,0.0011135070168617478,11.282155735887054,21.409633218398874,23.235705929868463,1.1881852368425698
2016-07-22,56641.0,57171.0,56518.0,57002.0,2912000,0.006373475044578969,11.134310199255452,19.85103373765174,20.46897035105755,1.145573839514403
2016-07-25,57006.0,57205.0,56398.0,56873.0,3126900,-0.0022630784884740685,5.9558466537753,16.078239599620854,20.572485091678512,1.418950996078983
2016-07-26,56876.0,57309.0,56708.0,56783.0,3351800,-0.001582473229827852,5.805666126446613,14.014866710856774,19.266092546969663,1.0584153707975978
2016-07-27,56788.0,57380.0,56788.0,56853.0,3795700,0.0012327633270521332,5.3982068935881244,13.777601749229529,19.300750387181314,1.0412819024501785
2016-07-28,56853.0,56853.0,55993.0,56667.0,3912600,-0.003271595166482011,6.169760185508723,13.193053021351764,19.38695126883794,1.5176381315404026
2016-07-29,56664.0,57474.0,56340.0,57308.0,4416500,0.011311698166481365,9.455403547084815,13.248524002449303,19.469762400302017,1.9787813219794792
2016-08-01,57309.0,57729.0,56676.0,56756.0,4088000,-0.009632163048789,12.159972711766914,13.796231667224838,19.6190220941665,1.8553104517584043
2016-08-02,56756.0,56974.0,55696.0,56162.0,3857700,-0.01046585383043197,14.17757621625978,14.636814908144258,19.973230338720967,2.2755599871799435
2016-08-03,56157.0,57101.0,55788.0,57077.0,4058600,0.016292154837790784,19.48784259151154,13.924732684944951,19.65290801138244,2.3004012123972877
2016-08-04,57076.0,58030.0,57076.0,57594.0,4192000,0.009057939275014526,19.809388983298906,13.94556569216392,18.40353101489909,1.6564225440150016
2016-08-05,57609.0,57951.0,57290.0,57661.0,3354600,0.0011633156231551922,18.494228920501552,13.97585134955435,15.744896576065848,1.1463554222091188
2016-08-08,57655.0,57917.0,57504.0,57635.0,3153800,-0.00045091136123198705,16.070150736150026,12.687485250446484,14.415940692536317,0.7165784679448252
2016-08-09,57637.0,58095.0,57615.0,57689.0,3049900,0.0009369306844799752,11.340033407340425,12.005686576809536,14.138513776144407,0.8320477040683666
2016-08-10,57690.0,57953.0,56735.0,56920.0,3510600,-0.013330097592262002,12.818023437565849,13.26086415110746,14.336369509689092,2.139845397048489
2016-08-11,56925.0,58308.0,56923.0,58300.0,3905700,0.024244553759662724,21.538416542581395,15.247757445249457,15.42251090421163,2.3756432246998282
2016-08-12,58300.0,58753.0,57987.0,58298.0,3811800,-3.4305317324179185e-05,21.602374508492822,14.523066531480971,15.197030944373093,1.3139387286013242
2016-08-15,58316.0,59324.0,58316.0,59146.0,3487200,0.014545953549006896,22.98998912079073,15.11517756011055,15.502080654065303,1.7042572616914078
2016-08-16,59144.0,59187.0,58589.0,58855.0,3874400,-0.004920028404287735,24.037992594035963,14.540703549692036,14.812208839101654,1.0160564098207459
2016-08-17,58847.0,59324.0,58081.0,59324.0,4179800,0.007968736725851633,18.402821813222825,14.676963382682901,14.81898215797214,2.0952734137954283
2016-08-18,59324.0,59418.0,58829.0,59166.0,3608700,-0.0026633403007214618,12.847630358182904,14.698429268226597,14.950932691647184,0.995504174694926
2016-08-19,59158.0,59240.0,58599.0,59099.0,2661700,-0.0011324071257140522,13.032234460953864,14.739355596571816,14.093329786684086,1.0846207211627945
2016-08-22,59080.0,59099.0,57631.0,57781.0,3133500,-0.02230156178615539,17.519503262281024,16.875770142105093,15.510868225980703,2.5406275419255464
2016-08-23,57781.0,58596.0,57781.0,58020.0,3635900,0.004136307782835136,18.566872486965813,16.879780866130904,15.491927965843402,1.4046880386073768
2016-08-24,58019.0,58332.0,57456.0,57718.0,3221400,-0.005205101689072733,15.920835093691291,16.995998110570305,15.591232886206315,1.5177241068644096
2016-08-25,57718.0,58124.0,57639.0,57722.0,2974200,6.930247063308137e-05,16.333204995400365,16.997324538563078,14.997552954167334,0.840234226118291
2016-08-26,57725.0,58655.0,57259.0,57716.0,3611600,-0.00010394650220024726,16.49762743878192,16.937569021235905,15.003033835766985,2.418740037424631
2016-08-29,57717.0,58957.0,57642.0,58610.0,2759700,0.015489638921616145,12.366692268973537,17.31786049806388,14.934197765053241,2.2436444292782802
2016-08-30,58610.0,58882.0,58293.0,58575.0,2729400,-0.0005971677188193469,12.518717641053762,16.888089540957377,14.924144711016993,1.0055484421681604
2016-08-31,58580.0,58910.0,57506.0,57901.0,4077700,-0.011506615450277424,15.277042901100483,16.985018293664766,15.34382507980781,2.4248285867256176
2016-09-01,57901.0,58417.0,57638.0,58236.0,3687600,0.005785737724737006,15.66937049309943,16.204726182270882,15.411306259860169,1.3376605536094512
2016-09-02,58241.0,59655.0,58241.0,59616.0,3771500,0.023696682464454888,21.76068092247291,17.832746956660426,16.70267662623948,2.371846484165325
2016-09-05,59616.0,59986.0,59402.0,59566.0,1824900,-0.0008387010198603884,20.602577188371452,17.853873434530318,16.67951296183137,0.9804250747070478
2016-09-06,59566.0,60129.0,59182.0,60129.0,3150500,0.009451700634590221,20.637697907945746,18.038506101818136,16.80289186993552,1.5749471968600843
2016-09-08,60129.0,60310.0,59743.0,60232.0,3843900,0.0017129837516007829,15.289015757450391,18.034309366566035,16.801651452473198,0.9413600743790675
2016-09-09,60220.0,60220.0,57961.0,58000.0,3992900,-0.03705671403904898,35.72526255966987,22.026204229725664,20.224076486070516,3.894827586206896
2016-09-12,57998.0,58595.0,57511.0,58586.0,3529200,0.01010344827586196,30.873354879677002,20.646380242385806,20.17275307675304,1.8502713958966306
2016-09-13,58580.0,58580.0,56459.0,56821.0,4377800,-0.03012665141842763,35.96830429781508,23.185827792930343,21.89586078441717,3.7327748543672232
2016-09-14,56812.0,57342.0,56694.0,57059.0,3329100,0.004188592245824685,34.410801145368545,22.573659722583734,21.690553833642955,1.1356665907218844
2016-09-15,57068.0,58127.0,57068.0,57909.0,2812000,0.014896861143728346,38.34309657099858,23.24165871924023,21.606552044402193,1.8287312852924416
2016-09-16,57909.0,57909.0,56794.0,57080.0,3710700,-0.01431556407466883,29.778544013915354,23.47900217864057,21.869286657707278,1.9533987386124736
2016-09-19,57083.0,58025.0,57083.0,57350.0,2691100,0.004730203223545892,28.500103887971406,23.58141452134241,21.91308968620303,1.6425457715780296
2016-09-20,57356.0,57902.0,57356.0,57736.0,3001000,0.0067306015693111565,17.012127376047978,23.74842223125875,22.001412989871692,0.9456838021338506
2016-09-21,57736.0,58575.0,57326.0,58394.0,3889700,0.01139670223084388,18.004396630739382,22.79009656899759,22.241390745361787,2.1389183820255506
2016-09-22,58408.0,59462.0,58408.0,58994.0,3365300,0.010275028256327756,16.597337765890003,23.00822168209465,22.01693807541986,1.7866223683764453
2016-09-23,58992.0,59131.0,58409.0,58697.0,2809900,-0.005034410279011414,10.366588706004102,23.002595654751907,20.974698238307063,1.2300458285772697
2016-09-26,58697.0,58697.0,57904.0,58054.0,2108800,-0.010954563265584305,15.780799369274542,23.36699556970902,21.227605542219422,1.3659696144968476
2016-09-27,58066.0,58490.0,57411.0,58382.0,2953400,0.0056499121507562755,15.615312103843259,23.43696816570574,20.84918581971116,1.8481723818985305
2016-09-28,58383.0,59415.0,58353.0,59356.0,3233400,0.01668322428145652,17.8532807410894,23.535623131534795,21.37124298102156,1.789204124267134
2016-09-29,59346.0,59621.0,58292.0,58351.0,3200300,-0.01693173394433589,21.29586833696055,24.317007289093485,21.815894329307113,2.2775959280903497
2016-09-30,58350.0,58900.0,58271.0,58367.0,2858200,0.0002742026700484068,21.17089351952774,23.958668095826376,21.80671343714288,1.0776637483509517
2016-10-03,58370.0,59549.0,58367.0,59461.0,2774100,0.01874346805557936,22.85418733269885,24.72760105854682,22.49561698047433,1.9878575873261466
2016-10-04,59461.0,59580.0,58892.0,59339.0,3894600,-0.002051765022451746,23.340410464121376,23.333351323727765,21.469776866330545,1.1594398287803973
2016-10-05,59340.0,60477.0,59340.0,60254.0,3378900,0.015419875629855584,22.898574323791365,23.941856067648022,21.859614076199442,1.887011650678793
2016-10-06,60254.0,60724.0,60070.0,60644.0,3507200,0.006472599329505169,14.490106054823437,23.825922564608796,21.81717224103281,1.0784249060088384
2016-10-07,60645.0,61275.0,60479.0,61109.0,4243800,0.00766770001978756,12.948695571477131,23.952618349828324,21.87761940219455,1.3025904531247443
2016-10-10,61130.0,61756.0,61130.0,61668.0,2936900,0.009147588734883527,9.96485488730926,19.72678371735842,21.964630611896684,1.0151131867419083
2016-10-11,61668.0,61668.0,60885.0,61022.0,3568000,-0.010475449179477181,15.318312568635706,20.077816326711744,21.899158204112858,1.2831437842089737
2016-10-13,61020.0,61329.0,60243.0,61119.0,4952700,0.0015895906394414183,12.67837346027368,16.33738053581267,21.890668937271947,1.7768615324203603
2016-10-14,61120.0,62039.0,61120.0,61767.0,3691200,0.010602267707259694,13.712330430779154,16.52007208843568,21.685087062599916,1.4878494989233735
2016-10-17,61768.0,62696.0,61719.0,62696.0,3340700,0.015040393737756341,15.881535476486425,16.532253204607102,21.98017111125503,1.558313130024244
2016-10-18,62701.0,63937.0,62701.0,63782.0,4390300,0.017321679213984975,18.076306713557795,15.769302065530976,21.520213895925032,1.9378508043021543
2016-10-19,63784.0,64089.0,63309.0,63506.0,3614000,-0.004327239660092186,14.555213090575347,16.12216745032447,21.588685889204324,1.228230403426448
2016-10-20,63495.0,63927.0,62729.0,63838.0,3421500,0.0052278524863791365,13.745222730209438,16.10925707825321,21.500392369286057,1.8766252075566277
2016-10-21,63838.0,64372.0,63379.0,64108.0,3662900,0.0042294558100191,13.95390054133205,15.932308939204768,21.508960332241248,1.5489486491545517
2016-10-24,64141.0,64691.0,63914.0,64060.0,3663900,-0.0007487365071442431,13.0504670473286,15.886709187524598,18.0511171653122,1.2129253824539494
2016-10-25,64059.0,64266.0,63248.0,63866.0,3918100,-0.0030284108648142016,6.795955460937833,15.757992961039163,18.027361194494482,1.593962358688504
2016-10-26,63860.0,63924.0,63084.0,63826.0,4299200,-0.0006263113393667474,5.625637763182713,14.899671172048631,15.117580528865401,1.3160780872998463
2016-10-27,63827.0,64609.0,63827.0,64250.0,3587500,0.006643060821608815,6.338529981336233,14.912743086087382,15.138002255804551,1.2171206225680935
2016-10-28,64251.0,64728.0,63778.0,64308.0,3788500,0.0009027237354084505,5.783555634889857,14.292423715781869,14.802950737064425,1.4772656590159856
2016-10-31,64312.0,65054.0,64312.0,64925.0,3816900,0.009594451701188111,8.331863319386999,12.235814427149833,13.890457345548485,1.1428571428571428
2016-11-01,64922.0,65291.0,63019.0,63326.0,4505600,-0.024628417404697678,21.456746168510147,15.955287690408849,16.22805394585192,3.58778384865616
2016-11-03,63325.0,63524.0,61750.0,61750.0,4124000,-0.02488709218962193,26.95505117233763,17.895006662833072,18.132911196131115,2.8728744939271254
2016-11-04,61749.0,62699.0,61491.0,61598.0,3972500,-0.002461538461538515,24.856888174619243,17.90685568024632,17.973333005698702,1.9611026332023767
2016-11-07,61601.0,64193.0,61601.0,64052.0,3325900,0.03983895581025365,42.81622395488394,21.8120409351509,20.97083537504966,4.0467120464622495
2016-11-08,64052.0,64767.0,63381.0,64158.0,3265100,0.0016549053893710752,41.99915356906302,21.779345951260584,20.842075550839663,2.1602917796689423
2016-11-09,64157.0,64358.0,61794.0,63258.0,5630100,-0.01402786869914896,38.982228920082555,22.451603279279574,21.039655165221745,4.053242277656581
2016-11-10,63261.0,63903.0,60553.0,61201.0,7623700,-0.0325176262290936,42.290206245247184,25.192007950462138,23.390764691383286,5.473766768516854
2016-11-11,61199.0,61626.0,58921.0,59184.0,7572800,-0.03295697782715967,47.89585069693458,27.44564113773546,24.993299540861344,4.570492024871587
2016-11-14,59183.0,59961.0,58322.0,59657.0,5408500,0.007992024871587011,30.02539803835748,27.6200038409258,24.564260206211564,2.7473724793402283
2016-11-16,59658.0,60915.0,59364.0,60759.0,4582900,0.018472266456576847,37.083431862535235,28.165980493115043,25.087583191665637,2.552708240754456
2016-11-17,60763.0,61493.0,59746.0,59770.0,3531300,-0.016277423920736056,37.248165755765946,28.059285695406643,25.04437154660123,2.9228710055211646
2016-11-18,59770.0,60193.0,59327.0,59962.0,3462400,0.003212313869834338,32.63004499013737,27.24098153618129,25.048008204078627,1.444248023748374
2016-11-21,59963.0,61070.0,59963.0,61070.0,3520100,0.018478369634101544,22.70921830976434,28.207862588759603,25.22172890645852,1.8126739806779104
2016-11-22,61072.0,62550.0,61072.0,61954.0,3987100,0.014475192402161552,23.454155782904238,28.672513616954635,25.489669264201105,2.3856409594215062
2016-11-23,61956.0,62046.0,61234.0,61986.0,3489700,0.0005165122510248921,21.639014157368806,28.611568784265316,25.407288524368393,1.3099732197593006
2016-11-24,61999.0,62105.0,61392.0,61396.0,1647100,-0.009518278320911122,17.8294634970395,28.745575629163,25.437496481332,1.1613134406150238
2016-11-25,61394.0,61559.0,60573.0,61559.0,2653700,0.0026548960844354763,17.877525965134584,28.78396787408172,25.252646837352366,1.6017154274760799
2016-11-28,61559.0,62934.0,61240.0,62855.0,2752000,0.021052973570071076,19.12140590023671,29.836224857403337,25.951715078096505,2.6950918781322093
2016-11-29,62859.0,62859.0,60980.0,60987.0,3423900,-0.02971919497255593,29.478030845261642,31.350448651522093,27.26199709047928,3.0809844721006114
2016-11-30,60994.0,62590.0,60994.0,61906.0,4587300,0.015068785150933905,32.25231772499156,31.9114312433794,27.263384790889212,2.578102284108164
2016-12-01,61906.0,61911.0,59058.0,59507.0,5352800,-0.038752301877039375,42.63982037429416,34.09134970641846,28.911643991715437,4.794393936847766
2016-12-02,59499.0,60379.0,58092.0,60316.0,4344200,0.01359503923908112,44.68712577959281,33.735418949755825,29.258830542252547,3.7916970621393995
2016-12-05,60322.0,60720.0,59635.0,59832.0,2861200,-0.008024404801379448,38.914198668692976,32.792839773527156,29.24410916961403,1.8134108838079956
2016-12-06,59828.0,61235.0,59396.0,61088.0,3606500,0.020992111244818812,39.02220827947036,33.682312623030114,29.949098888264945,3.0104112100576215
2016-12-07,61111.0,61918.0,61062.0,61414.0,3841700,0.005336563645887971,37.3195467036307,30.485980981538212,30.013067049094627,1.3938189989253265
2016-12-08,61430.0,61936.0,60499.0,60677.0,2936600,-0.012000521053831426,22.212741735911973,30.65618970429248,30.17197394753334,2.3682779306821367
2016-12-09,60688.0,61129.0,60316.0,60501.0,3339800,-0.0029006048420323616,20.753277482814422,30.368753080514228,30.173251135355684,1.3437794416621212
2016-12-12,60517.0,60517.0,59035.0,59179.0,3244400,-0.021850878497876036,26.051917332878848,29.218687465136146,30.62308725061274,2.5042667162337993
2016-12-13,59178.0,59946.0,58758.0,59281.0,3589100,0.0017235843795941896,17.480264143216928,26.880885426253393,30.63206682900631,2.0040147770786594
2016-12-14,59280.0,59338.0,58212.0,58212.0,3857000,-0.018032759231456974,15.773788139066255,27.438236895595175,30.72830543580352,1.93430907716622
2016-12-15,58214.0,58635.0,57575.0,58396.0,3569400,0.0031608603037174277,18.388711742208596,26.566235064157596,30.113334234423377,1.8151928214261253
2016-12-16,58398.0,59312.0,58365.0,58389.0,3683900,-0.00011987122405643369,18.93243403138477,26.037529426638926,29.361167215990942,1.62188083371868
2016-12-19,58390.0,58600.0,57109.0,57111.0,3396500,-0.021887684324102152,18.95060292792192,26.963221916792136,29.939205600287828,2.6107054682985766
2016-12-20,57116.0,57918.0,57038.0,57583.0,2673400,0.008264607518691625,21.280107623611315,26.198576494969533,27.360857458350324,1.5282288175329526
2016-12-21,57583.0,58049.0,57221.0,57647.0,2461900,0.0011114391400239843,18.456061703251383,25.49654287356612,27.35258844894366,1.4363279962530573
2016-12-22,57646.0,57646.0,56829.0,57255.0,2809800,-0.006800006938782577,18.088363682984177,25.484469234296707,27.188641894593392,1.4269496113876516
2016-12-23,57255.0,58143.0,57255.0,57937.0,2155400,0.011911623439000874,21.383270924015076,25.939839338983656,26.047379699076583,1.5326993113209175
2016-12-26,57941.0,58781.0,57941.0,58620.0,680200,0.011788667000362407,12.762686378797955,26.363783767510405,24.56690637723399,1.4329580348004094
2016-12-27,58627.0,59068.0,58402.0,58697.0,1624700,0.0013135448652337178,12.683896718271134,25.02331618887593,24.449299628934032,1.134640611956318
2016-12-28,58688.0,59911.0,58688.0,59782.0,1960500,0.018484760720309357,15.897390902388898,24.126008429441505,24.450139051404356,2.0457662841658024
2016-12-29,59782.0,60248.0,59278.0,60227.0,2119500,0.007443712154160176,10.060491112127698,23.632061520470483,24.07740932827825,1.6105733308981023
2017-01-02,60227.0,60227.0,59371.0,59589.0,808700,-0.010593255516628708,17.538868774754487,19.676544410206354,24.267308081911505,1.4365067378207388
2017-01-03,59631.0,61815.0,59631.0,61814.0,3328300,0.03733910621087788,28.862681631631304,23.137308980668074,26.070323971631304,3.5331801857184457
2017-01-04,61811.0,61940.0,61302.0,61589.0,2840800,-0.0036399521144077074,30.07681468999196,22.964606495647153,25.755343472062915,1.0358992677263796
2017-01-05,61594.0,62409.0,61594.0,62071.0,3313000,0.007826072837681997,29.0745502734004,21.98706168012158,25.856722124875297,1.3130125179230236
2017-01-06,62072.0,62072.0,61396.0,61665.0,2374800,-0.006540896715052091,30.789190223508296,22.066605543567054,25.77400472609897,1.0962458444822833
2017-01-09,61680.0,62112.0,61307.0,61700.0,2480800,0.0005675829076461358,28.16353450432228,21.609655598114657,25.76434421351998,1.3047001620745542
2017-01-10,61710.0,62446.0,61710.0,62132.0,2623400,0.007001620745543002,10.077086752364266,21.663311780384937,25.08929151571514,1.184574776282753
2017-01-11,62134.0,62674.0,61665.0,62446.0,3139800,0.005053756518380137,9.399156331037481,19.97051927975106,23.516756308759135,1.6157960477852864
2017-01-12,62448.0,64342.0,62448.0,63954.0,4535000,0.024148864619030874,18.065833153307846,21.307442061005705,24.13153479422849,2.961503580698627
2017-01-13,63940.0,64092.0,63366.0,63652.0,2735500,-0.004722144041029441,17.29729963488026,20.05876052246126,21.0555653600448,1.1405768868220951
2017-01-16,63652.0,64014.0,63556.0,63831.0,1763700,0.002812166153459472,16.888238733261282,20.061703837260577,20.7845168277842,0.7175197004590246
2017-01-17,63827.0,64658.0,63456.0,64354.0,2933800,0.008193510989957797,16.91576180338614,20.0364585562121,20.637676233367415,1.8677937657332877
2017-01-18,64360.0,64680.0,64063.0,64150.0,3008900,-0.003169966124871748,18.477082567518682,17.832745459245338,19.933771238906726,0.9618082618862042
2017-01-19,64145.0,64456.0,63574.0,63951.0,2867100,-0.0031021044427124167,8.585902476536331,18.052842106069022,19.950302656513273,1.3791809354036684
2017-01-20,63951.0,64694.0,63951.0,64521.0,3416700,0.008913074072336657,9.287270525128498,18.03968717279229,19.645692384868816,1.1515630569891973
2017-01-23,64519.0,65816.0,64500.0,65749.0,2957000,0.019032563041490258,14.850902049870108,18.050817283825022,20.179503895598284,2.001551354393223
2017-01-24,65752.0,66173.0,65615.0,65840.0,3850500,0.001384051468463321,14.995695940191107,18.033991522884758,18.78294914532191,0.8475091130012151
2017-01-26,65842.0,66594.0,65842.0,66191.0,3494100,0.005331105710814077,13.33955834389567,17.918784609947284,18.780250823340864,1.1361061171458355
2017-01-27,66195.0,66242.0,65876.0,66034.0,2583400,-0.002371923675424159,13.021195606801172,18.081371320016746,17.720469614078848,0.554259926704425
2017-01-30,66025.0,66025.0,64165.0,64302.0,2264300,-0.02622891237847169,26.139108432379654,20.558000058634917,19.805098177938373,2.8926005411962303
2017-01-31,64310.0,64901.0,64284.0,64671.0,2737700,0.005738546234953734,21.07042821320389,20.525831577304825,19.790189042306956,0.954059779499312
2017-02-01,64687.0,65594.0,64687.0,64836.0,3214300,0.0025513754232964203,21.24700806550343,19.885761399476067,18.2769819034264,1.3989141834783145
2017-02-02,64835.0,65132.0,64163.0,64578.0,2959200,-0.003979270775495092,19.935851920558374,15.944400996032682,18.390417297167293,1.500511009941466
2017-02-03,64579.0,65387.0,64264.0,64954.0,3482700,0.005822416302765587,21.37636960891712,15.849350035312787,18.379175338553424,1.7289158481386828
2017-02-06,64957.0,65327.0,63933.0,63993.0,2551400,-0.014795085752994375,13.832774076675955,16.814417296815343,18.92722626777987,2.1783632584813963
2017-02-07,64022.0,64815.0,63938.0,64199.0,2776200,0.0032191020892911038,13.166924483460733,16.563887191244504,18.769876233103197,1.3660648919765106
2017-02-08,64200.0,64835.0,63740.0,64835.0,3138600,0.009906696365987067,15.413993782523422,16.778698310519186,18.70542228868662,1.6889025989049127
2017-02-09,64850.0,65302.0,64587.0,64965.0,2641700,0.002005089843448715,15.012450803044775,16.695714677720357,18.6996916078622,1.1005926267990458
2017-02-10,64965.0,66292.0,64935.0,66125.0,3439000,0.017855768490725676,19.182259252279092,17.541112097041488,18.65659833629742,2.052173913043478
2017-02-13,66125.0,67094.0,66125.0,66968.0,3108800,0.012748582230623917,10.516128694731663,16.183916504002678,18.81833801920485,1.4469597419663123
2017-02-14,66971.0,67110.0,66251.0,66713.0,3370900,-0.0038077887946481592,13.709865213037947,16.13735203622675,18.472890657532453,1.2876051144454603
2017-02-15,66712.0,68016.0,66712.0,67976.0,4119600,0.018931842369553253,15.925854678537856,17.1383349520938,16.202847842981903,1.9183241143933154
2017-02-16,67979.0,68456.0,67661.0,67814.0,3550800,-0.002383194068494743,17.465329718198007,17.130490548741555,16.160631315168033,1.1723242988173532
2017-02-17,67814.0,67819.0,67158.0,67748.0,2787300,-0.000973250361282374,16.302477363853654,17.0547643942316,16.14603690652488,0.9756745586585581
2017-02-20,67756.0,68674.0,67756.0,68533.0,2171300,0.011587057920529054,15.967745970593253,17.18833827995185,16.0726499046185,1.3395006785052457
2017-02-21,68536.0,69112.0,68536.0,69052.0,3051100,0.007572994032072122,14.094858780682873,17.139954381479203,16.086953614047353,0.8341539709204657
2017-02-22,69052.0,69052.0,68282.0,68590.0,3374600,-0.0066906099750911885,11.942650256845226,16.466651063853508,16.338343547915958,1.1226126257471933
2017-02-23,68590.0,69488.0,67279.0,67461.0,3977800,-0.0164601253827088,17.807229250329414,17.675835453758676,17.304937181958298,3.2744845169801815
2017-02-24,67458.0,67458.0,66452.0,66662.0,3059900,-0.011843880167800691,19.40071654096843,18.166765135710516,16.54417589769053,1.5091056373946177
2017-03-01,66661.0,67398.0,66661.0,66989.0,2378500,0.004905343374036253,16.57335043720302,18.201718708205636,16.467907263744934,1.1001806266700502
2017-03-02,67000.0,67035.0,65594.0,65855.0,3095300,-0.01692815238322709,14.29751679238285,16.68704964691242,17.329297766873623,2.1881406119504976
2017-03-03,65860.0,66801.0,65860.0,66786.0,2654400,0.014137119429048717,22.231624574649736,17.22060789751986,17.623861541710504,1.408977929506184
2017-03-06,66786.0,66892.0,66119.0,66341.0,3337500,-0.006663073099152483,20.101997421440434,17.4500667427467,17.72955757698426,1.165191962737975
2017-03-07,66343.0,66641.0,65668.0,65742.0,2886200,-0.009029107188616381,19.434646127050595,17.72267742239704,17.935982891784185,1.4800279881962826
2017-03-08,65748.0,65810.0,64496.0,64718.0,3727200,-0.015576039670226027,19.81053799211938,18.5081816174009,18.393606112226042,2.030347044099014
2017-03-09,64718.0,65068.0,64203.0,64585.0,3513300,-0.0020550696869495733,17.730374977018258,17.74483126404205,17.508201597683733,1.339320275605791
2017-03-10,64586.0,65725.0,64472.0,64675.0,3432900,0.001393512425485799,10.373155386608234,17.720811474274615,17.508291984279094,1.937379203710862
2017-03-13,64674.0,65651.0,64674.0,65534.0,2162800,0.013281793583301171,17.353048230332895,17.9852808000564,17.88734709473253,1.4908291879024629
2017-03-14,65511.0,65549.0,64699.0,64699.0,2824800,-0.012741477706228799,18.414575699040757,18.55369388173446,18.24214374859916,1.3137761016399017
2017-03-15,64702.0,66318.0,64537.0,66235.0,3742100,0.02374070696610464,22.407274406987547,19.366697702975895,17.89116259039189,2.688910696761531
2017-03-16,66232.0,66554.0,65531.0,65783.0,2860400,-0.0068241866082886515,23.543248327059878,18.944631149273675,17.975320250763776,1.5551130231214751
2017-03-17,65783.0,66205.0,64152.0,64210.0,5213000,-0.02391195293616888,30.867548595921967,20.560371469349686,19.31586653972919,3.197321289518767
2017-03-20,64232.0,65136.0,63672.0,64884.0,3613900,0.010496807350879989,30.092813693681546,19.680630743095033,19.52761544746517,2.2563343813574996
2017-03-21,64884.0,64965.0,62795.0,62980.0,3700200,-0.029344676653720536,35.670781679024614,21.822055928008936,21.237639842709964,3.445538266116227
2017-03-22,62980.0,63747.0,62496.0,63521.0,4063300,0.00859002858050184,28.91744701125229,22.205531106987316,20.99215498407,1.9694274334472066
2017-03-23,63521.0,63942.0,62840.0,63531.0,3447400,0.00015742825207420985,29.544498617516783,21.606358712041025,20.968044604683016,1.7345862649730055
2017-03-24,63554.0,63997.0,63469.0,63854.0,2571200,0.005084132155955379,25.91391458594698,21.462162587026203,20.810768677499933,0.8268863344504652
2017-03-27,63829.0,64356.0,63030.0,64308.0,2672800,0.007109969618191547,25.064649157756108,21.744968236988765,20.914896799235827,2.061951856689681
2017-03-28,64308.0,64847.0,64042.0,64640.0,3359100,0.0051626547241401255,5.056252264474715,21.341763792696163,20.27351567641758,1.2453589108910892
2017-03-29,64636.0,65551.0,64476.0,65528.0,3488200,0.013737623762376305,7.795702951687867,21.683887876978964,20.33237420961307,1.6405200830179465
2017-03-30,65541.0,65775.0,65070.0,65266.0,2335700,-0.003998290806983329,10.068809251457528,21.61169943303066,20.335024218080452,1.080194894738455
2017-03-31,65266.0,65597.0,64859.0,64984.0,2614200,-0.004320779578953826,12.2446617261793,20.88098480229495,19.488279587893306,1.1356641634863966
2017-04-03,64989.0,65384.0,64774.0,65211.0,2858500,0.003493167548935139,11.842621875264605,20.253714315587565,19.537563079623943,0.9354250049838219
2017-04-04,65212.0,65775.0,64990.0,65769.0,2085300,0.00855683857017997,12.493786424800659,20.408635874200304,19.742626082471844,1.1935714394319512
2017-04-05,65770.0,66211.0,64493.0,64775.0,2982200,-0.015113503322233934,14.255771764360206,20.839577221027593,19.79022827023527,2.652257815515245
2017-04-06,64775.0,64921.0,63762.0,64223.0,2875000,-0.008521806252412167,14.945014751449614,20.339070248568103,19.67707715453709,1.8046494246609468
2017-04-07,64202.0,65197.0,64016.0,64593.0,2853100,0.005761175902714077,16.127826673826178,20.43346454809455,19.768527540250037,1.8283714953632746
2017-04-10,64593.0,64928.0,64115.0,64650.0,2984000,0.0008824485625378298,15.75498294796242,20.430108186615918,19.2937073944693,1.25754060324826
2017-04-11,64650.0,64872.0,63351.0,64360.0,3178400,-0.004485692188708423,12.869001377663523,19.901654771834785,19.062279262730897,2.363269111249223
2017-04-12,64362.0,64456.0,63814.0,63892.0,4253500,-0.007271597265382179,9.471754661466028,19.575126425423917,19.055584182579214,1.004820634821261
2017-04-13,63891.0,63992.0,62826.0,62826.0,3212900,-0.016684404933325014,13.52377690721582,18.223422670522854,19.038566122647122,1.8559195237640467
2017-04-17,62828.0,64424.0,62828.0,64335.0,0,0.02401871836500802,24.16026837705377,20.303874869027112,19.93793432081908,2.4807647470272793
2017-04-18,64336.0,64591.0,63717.0,64159.0,3144800,-0.0027356804227869347,24.146744598422345,18.538890097735504,19.87629193946396,1.3622406833024205
2017-04-19,64165.0,64572.0,63219.0,63407.0,3069500,-0.011720880936423539,25.24459514214413,18.55555399441296,19.985340524309596,2.1338338038386926
2017-04-20,63406.0,64163.0,63388.0,63761.0,2899700,0.005582979797183363,25.483740002806755,15.539876854371911,19.59314181867579,1.2154765452235694
2017-04-24,63761.0,64754.0,63761.0,64389.0,3194100,0.009849280908392322,21.371646064799606,15.627002371305279,19.80954006689713,1.5421888831943344
2017-04-25,64384.0,65148.0,63875.0,65148.0,3037200,0.011787727717467167,15.460550399207515,16.089328163452457,20.101174603534915,1.954012402529625
2017-04-26,65144.0,65436.0,64679.0,64862.0,3221600,-0.004390004297906258,15.8565848644826,16.139239079000518,19.76064143548968,1.1670932132835867
2017-04-27,64872.0,65327.0,64292.0,64677.0,3112100,-0.002852209305911013,11.630540845420926,16.016600585252622,19.423200304338305,1.6002597523076212
2017-04-28,64679.0,65403.0,64592.0,65403.0,2973700,0.011225010436476612,12.751392186458096,16.3810454583755,18.409573898741858,1.2400042811491827
2017-05-02,65404.0,66877.0,65404.0,66722.0,3497000,0.020167270614497745,16.663931459064255,17.16305810864027,19.229347655023602,2.2076676358622342
2017-05-03,66720.0,66758.0,65898.0,66094.0,3446400,-0.009412187884056178,19.527502436417972,17.458292290929023,18.049956405464798,1.3011771113868127
2017-05-04,66069.0,66099.0,64721.0,64863.0,3779900,-0.018624988652525154,24.800377176118108,18.635763014455367,18.68452687175546,2.1244777454018466
2017-05-05,64869.0,65768.0,64863.0,65710.0,2760000,0.013058292092564372,26.142839924601052,19.1506312929859,16.83681828521487,1.3772637345913865
2017-05-08,65705.0,66015.0,65295.0,65526.0,2273300,-0.0028001826206056624,25.342318113012745,18.946559691403184,16.741609474264447,1.0988004761468728
2017-05-09,65533.0,66536.0,65533.0,66278.0,2679100,0.011476360528645202,21.556645428676113,18.52760021234609,17.00613840901804,1.5133226711729382
2017-05-10,66284.0,67528.0,66284.0,67350.0,3174100,0.016174296146534317,23.061678795563335,18.873809057109423,17.507454219267014,1.8470675575352635
2017-05-11,67355.0,67709.0,67191.0,67538.0,2872600,0.0027913882702301773,12.503784049989047,18.833849266731395,17.439037611337582,0.766975628535047
2017-05-12,67536.0,68429.0,67536.0,68222.0,3822600,0.010127631851698293,11.93784013629999,19.024176076139135,17.583643566061237,1.308961918442731
2017-05-15,68227.0,68593.0,68081.0,68474.0,3290300,0.0036938231069156835,8.89072807849988,18.84875749972382,17.231451398196096,0.7477290650465871
2017-05-16,68473.0,68792.0,68124.0,68684.0,3672400,0.003066857493355224,9.321349520970887,18.473874877757403,17.15620727155721,0.972570030865995
2017-05-17,68674.0,68674.0,67163.0,67540.0,3317200,-0.01665598975016014,16.05218407188735,18.469962504689192,17.892764311603933,2.2371927746520583
2017-05-18,67536.0,67536.0,60315.0,61597.0,11046700,-0.08799230085875032,64.50855421806386,35.6086880298027,31.449827698828997,11.722973521437732
2017-05-19,61597.0,63488.0,61597.0,62639.0,6120800,0.01691640826663643,66.49322725408486,36.19088088794842,31.77837764281802,3.0188859975414677
2017-05-22,62638.0,62638.0,60925.0,61673.0,5815800,-0.01542170213445293,64.23781872848515,36.3528731483944,31.790039025864917,2.777552575681417
2017-05-23,61670.0,62775.0,61670.0,62662.0,4753500,0.01603619087769359,67.73846207928743,36.771446216136454,32.109367389846035,1.7634291915355398
2017-05-24,62673.0,64016.0,62673.0,63257.0,4181200,0.009495387954422174,70.41641447393687,36.75902466762689,32.19193099239096,2.1230851921526472
2017-05-25,63256.0,63991.0,62762.0,63227.0,4001000,-0.00047425581358584434,21.453186700366473,36.48368192347699,32.18930643978783,1.9437898366204311
2017-05-26,63228.0,64170.0,63228.0,64085.0,3849400,0.013570151992028823,20.419317696060023,36.81244037833963,32.42128701613591,1.4699227588359212
2017-05-29,64055.0,64055.0,63531.0,63761.0,1646300,-0.005055785285168146,14.458989612198556,36.839545842768615,32.384044622719315,0.8218189802543874
2017-05-30,63765.0,64107.0,63720.0,63962.0,2235300,0.0031523972334186467,11.890978649429435,36.62376768786847,31.996501926821843,0.6050467465057378
2017-05-31,63961.0,63984.0,62673.0,62711.0,4535100,-0.019558487852162187,19.253511252245765,36.343060682915514,31.74048574637555,2.0905423290969685
2017-06-01,62711.0,63293.0,62165.0,62289.0,3370200,-0.006729281944156562,19.518392007591494,36.29235845633526,31.78435449271219,1.8109136444637095
2017-06-02,62289.0,62773.0,62161.0,62511.0,2874500,0.003564032172614695,14.949023240928163,35.86622953840042,31.635689340615404,0.9790276911263617
2017-06-05,62503.0,62800.0,62010.0,62450.0,2421700,-0.0009758282542272623,15.205024049332582,35.475674289817796,31.587239018716396,1.265012009607686
2017-06-06,62450.0,63302.0,62426.0,62955.0,2993300,0.008086469175340172,16.98849519616767,35.65137692927591,31.541182352591047,1.3914700976888252
2017-06-07,62955.0,63637.0,62912.0,63171.0,2892300,0.003431022158684849,8.881868853916686,35.38600358428955,31.349499929944137,1.1476785233730669
2017-06-08,63171.0,63171.0,62376.0,62756.0,2702400,-0.006569470168273361,8.789105300816594,34.78320380642308,31.37735596851697,1.2668111415641532
2017-06-09,62755.0,63066.0,62095.0,62211.0,3099900,-0.008684428580534087,11.005378042177556,34.764665723756366,31.454275346852413,1.5608172188198228
2017-06-12,62219.0,62286.0,61279.0,61700.0,3026600,-0.008213981450225893,12.158444736000256,34.42670971876417,31.296698337890444,1.632090761750405
2017-06-13,61708.0,62012.0,61510.0,61829.0,2469100,0.0020907617504051235,9.3166407669615,34.3828576117883,30.628272109506106,0.8119167381002441
2017-06-14,61831.0,62475.0,61508.0,61923.0,4328500,0.0015203221789128474,8.469868996462758,34.34347036655811,30.573004895670557,1.5616168467290021
2017-06-16,61911.0,61921.0,61269.0,61626.0,5088000,-0.004796279250036339,8.21697072183678,34.06739036575449,30.17908460813386,1.0579950021094993
2017-06-19,61620.0,62272.0,61620.0,62014.0,2752600,0.00629604387758409,9.217839285403555,15.31864773322558,29.958011259860402,1.0513754958557746
2017-06-20,62011.0,62011.0,60766.0,60766.0,3956200,-0.020124488018834485,16.444493637502923,15.64656348992115,30.427974065420504,2.0488431030510483
2017-06-21,60783.0,61188.0,60544.0,60762.0,3274700,-6.582628443541072e-05,16.09114248104973,14.793398579144135,30.155704857724068,1.0598729469076067
2017-06-22,60762.0,61354.0,60758.0,61272.0,3066900,0.008393403772094299,18.045461562211752,13.917047348440573,29.81468236904716,0.9727118422770596
2017-06-23,61272.0,61400.0,60992.0,61087.0,2836700,-0.003019323671497598,17.919330065155442,13.3896099014784,29.764639499521277,0.6678998804983057
2017-06-26,61088.0,62251.0,61088.0,62188.0,2599200,0.0180234747163881,22.552883435270914,15.023784027195743,30.156408342533204,1.870135717501769
2017-06-27,62188.0,62424.0,61580.0,61675.0,3275700,-0.008249179906091197,16.40090648070315,14.28731448980502,30.12812752899948,1.3684637211187678
2017-06-28,61684.0,62057.0,61433.0,62018.0,2719100,0.005561410620186447,16.22018958358448,14.453482966679173,30.182548470163717,1.0061595020800413
2017-06-29,62010.0,62499.0,61689.0,62239.0,2915500,0.0035634815698668554,15.779065231844545,14.470057090366772,29.968248188613433,1.3014347916900977
2017-06-30,62238.0,63038.0,62238.0,62900.0,2688200,0.010620350584038984,15.37111320493505,13.398186539226122,15.82619827477649,1.2718600953895072
2017-07-03,62901.0,63338.0,62901.0,63280.0,2086300,0.0060413354531001495,11.209644399023219,13.298699391692972,15.160504922343918,0.6905815423514539
2017-07-04,63268.0,63346.0,63076.0,63232.0,950700,-0.0007585335018963635,6.555424013450574,13.269168123083558,14.40916618577503,0.42699898785425106
2017-07-05,63215.0,63485.0,62708.0,63154.0,3169900,-0.0012335526315789824,7.841265932752228,13.273274287818213,13.680805809591273,1.2303258700953226
2017-07-06,63156.0,63188.0,62354.0,62470.0,3038700,-0.010830667891186585,12.939001914425804,13.538018437704572,13.761334966540362,1.3350408195934047
2017-07-07,62474.0,62926.0,62035.0,62322.0,2894200,-0.0023691371858491905,9.54995151461612,13.483788221451562,13.773406157672555,1.4296717050158854
2017-07-10,62322.0,63135.0,62322.0,63025.0,2224000,0.011280125798273533,12.529655120833166,13.901007433514398,13.585644410505834,1.2899642998809995
2017-07-11,63027.0,63891.0,62908.0,63832.0,2566700,0.012804442681475514,15.81493905656479,14.153504953185267,14.045878146729388,1.5399799473618248
2017-07-12,63840.0,64938.0,63827.0,64836.0,4116300,0.015728788068680277,18.09710812279181,14.557785849126907,14.741058169545685,1.7135541982849036
2017-07-13,64854.0,65302.0,64854.0,65178.0,3121700,0.005274847307051633,11.420901920283939,14.590910427278828,13.511341609596734,0.687348491822394
2017-07-14,65178.0,65624.0,65178.0,65436.0,2711600,0.0039583908680842494,7.975615088663135,14.593563402295803,13.311519106864639,0.6815820037899627
2017-07-17,65431.0,65478.0,65119.0,65212.0,2255300,-0.0034231921266580922,12.05489659433044,14.512559756687923,13.379371674392878,0.550512175673189
2017-07-18,65208.0,65338.0,64943.0,65338.0,2213500,0.0019321597252039968,11.116736105132672,14.456330132714465,13.360175287223989,0.6045486546879305
2017-07-19,65337.0,65604.0,64874.0,65180.0,2622700,-0.002418194618751701,6.103072392704326,12.063482983032774,13.259570646400315,1.11997545259282
2017-07-20,65178.0,65505.0,64898.0,64938.0,2252900,-0.003712795335992669,5.503008634030113,12.259007643911968,13.316283300923384,0.9347377498537066
2017-07-21,64936.0,65150.0,64599.0,64684.0,2125500,-0.003911423203671216,3.8705128380884926,12.342761028704965,13.207626799522497,0.8518335291571332
2017-07-24,64695.0,65104.0,64678.0,65100.0,1908900,0.006431265846267964,7.075400455362223,12.233106330000332,12.964610022393478,0.6543778801843319
2017-07-25,65101.0,65749.0,65101.0,65668.0,2737400,0.008725038402457752,9.629588378803385,11.17889331318271,12.784742001034232,0.986781994274228
2017-07-26,65668.0,65873.0,64992.0,65011.0,2942300,-0.010004872997502634,12.435073213803905,11.408170161236132,13.258278667670659,1.3551552814139147
2017-07-27,65013.0,65678.0,65013.0,65277.0,2483900,0.004091615265108928,12.396869233046422,11.370358955430705,13.276049624375268,1.0187355423809306
2017-07-28,65253.0,65497.0,64953.0,65497.0,2760700,0.00337025292216242,11.607560613051248,11.368206144936348,13.134027531106154,0.8305723926286699
2017-07-31,65503.0,66048.0,65503.0,65920.0,2572700,0.006458311067682576,11.613312426544637,11.079385480021466,13.138652387479505,0.8267597087378641
2017-08-01,65925.0,66606.0,65925.0,66516.0,2762600,0.009041262135922379,11.721286471501713,11.255766442250945,11.470489640318004,1.023813819231463
2017-08-02,66504.0,67277.0,66305.0,67136.0,3713700,0.009321065608274726,4.3477271520903065,11.439278244048413,11.571572833543549,1.4478074356530028
2017-08-03,67136.0,67256.0,66705.0,66777.0,2722400,-0.005347354623450928,9.588118503510506,11.711276010174835,11.735946810777357,0.8251344025637569
2017-08-04,66783.0,67104.0,66525.0,66898.0,2370900,0.0018120011381164147,9.77286271314787,10.642926923485433,11.607084092090355,0.8654967263595323
2017-08-07,66898.0,68043.0,66887.0,67940.0,2996800,0.015575951448473901,12.755216953487558,11.239826914256733,11.351758247566208,1.701501324698263
2017-08-08,67936.0,68500.0,67671.0,67899.0,3134300,-0.0006034736532234408,13.175692535164297,11.041041704264957,10.902052044761364,1.2209310888231049
2017-08-09,67894.0,67894.0,67290.0,67671.0,2488000,-0.0033579286881986192,13.116249041055122,10.75482001160768,11.042075785428409,0.8925536788284495
2017-08-10,67671.0,67671.0,66650.0,66992.0,2820800,-0.010033840197425814,14.974073523691663,10.5555424881174,11.660769022361121,1.5240625746357774
2017-08-11,66992.0,67623.0,66678.0,67359.0,2890000,0.005478266061619275,15.36988615938984,10.564745546555324,11.442103775188073,1.402930566071349
2017-08-14,67364.0,68642.0,67226.0,68285.0,2827300,0.01374723496488972,14.327668132444202,11.35586302211279,11.870381553704844,2.07366185838764
2017-08-15,68296.0,68846.0,68293.0,68355.0,2753200,0.001025115325474113,14.25601528676593,11.188759398902008,11.838165476316,0.8090117767537123
2017-08-16,68356.0,68950.0,68304.0,68594.0,3753400,0.0034964523443785644,13.64056590716032,11.195970080880924,11.78337643588791,0.9417733329445723
2017-08-17,68596.0,68596.0,67866.0,67977.0,2661800,-0.00899495582704024,13.033980530104254,11.765612334243631,11.609792153512869,1.0738926401577005
2017-08-18,67990.0,68808.0,67979.0,68715.0,3464800,0.010856613266251758,14.198385309789469,11.950779084378285,11.72577167426896,1.2064323655679257
2017-08-21,68713.0,69068.0,68514.0,68635.0,2643300,-0.001164229062067923,11.446146760850397,11.795508325696058,11.541854822246338,0.8071683543381657
2017-08-22,68645.0,70278.0,68645.0,70011.0,3907500,0.02004808042543882,17.690408029619416,13.178048601715398,12.252589355544753,2.3324906086186457
2017-08-23,70011.0,70587.0,69947.0,70478.0,3348400,0.006670380368799078,17.681095317417025,13.09439469198348,11.711455917444738,0.908084792417492
2017-08-24,70482.0,71238.0,70482.0,71133.0,3113000,0.009293680297397744,12.14770073165623,12.285939697927862,11.842105717425508,1.0627978575344776
2017-08-25,71138.0,71506.0,70801.0,71074.0,2411000,-0.0008294321904038782,13.825046594608148,12.41520636025041,11.88772852318267,0.9919239102906828
2017-08-28,71074.0,71390.0,70909.0,71017.0,2196400,-0.000801981033852095,13.695299558223189,12.529232554256586,11.792656617891788,0.67730261768309
2017-08-29,71005.0,71330.0,70517.0,71330.0,2274700,0.004407395412366011,7.160480574556758,12.496362145999143,11.797313669830652,1.1397728865834853
2017-08-30,71328.0,71454.0,70755.0,70886.0,2663200,-0.006224589934109126,9.359274637515192,12.803603126051089,11.99785772457684,0.9860903422396525
2017-08-31,70887.0,71234.0,70516.0,70835.0,4245100,-0.0007194650565697236,5.96852201608422,12.65708020918975,11.886891011609015,1.0136232088656736
2017-09-01,70848.0,72217.0,70846.0,71923.0,3880900,0.015359638596738945,12.953760787042237,13.048017389655705,12.230506977168876,1.906205247278339
2017-09-04,71921.0,72141.0,71671.0,72129.0,1998000,0.0028641741862824865,12.639760281531379,13.035205461231946,12.201675935942866,0.6516103093069362
2017-09-05,72134.0,73180.0,71827.0,72151.0,4230900,0.00030500908095221213,12.715391797515741,12.324948589727185,12.129302970436667,1.8752338844922456
2017-09-06,72157.0,73608.0,72157.0,73412.0,4242500,0.017477235242754796,13.774227510817342,13.235848352309754,12.150312311432549,1.9765161009099328
2017-09-08,73413.0,73646.0,72925.0,73079.0,3114100,-0.004536043153707814,15.312361888340082,13.32166030590319,12.40469500466189,0.9866035386362703
2017-09-11,73096.0,74636.0,73096.0,74319.0,3283100,0.016967938805949823,15.941870043799666,13.095760379592935,12.976619259956736,2.0721484411792406
2017-09-12,74322.0,75332.0,74294.0,74539.0,3591700,0.0029602120588274605,15.927771656371714,13.112896864808768,12.964562158020104,1.3925595996726545
2017-09-13,74543.0,75146.0,74196.0,74788.0,3212500,0.003340533143723512,15.301234208574222,12.714395892141326,12.88217103014539,1.2702572605230786
2017-09-14,74787.0,74949.0,74397.0,74657.0,3206100,-0.001751617906616043,13.133835965335875,12.842222928818556,12.880467041648991,0.7393814377754263
2017-09-15,74656.0,75820.0,74648.0,75757.0,4825000,0.01473405039045228,12.924927434539063,13.340656205118323,12.985882517022333,1.5470517575933576
2017-09-18,75758.0,76404.0,75621.0,75990.0,3437400,0.003075623374737546,9.706800289152604,12.392477869322098,12.97045023671618,1.0303987366758784
2017-09-19,75990.0,76071.0,75300.0,75974.0,3026100,-0.0002105540202658185,10.262940627253178,12.365743110648637,12.577736364006537,1.0148208597678152
2017-09-20,75974.0,76420.0,75074.0,76004.0,3890900,0.0003948719298707548,10.561535118716742,12.2821525976278,12.550921376333534,1.7709594231882533
2017-09-21,76014.0,76251.0,75282.0,75604.0,3228500,-0.00526288090100524,11.827137889378486,11.449277805888606,12.65696884602863,1.2816782180836994
2017-09-22,75618.0,75734.0,75029.0,75390.0,2801700,-0.0028305380667689173,5.063512393119039,11.609698215234584,12.137694932585454,0.9351372861122165
2017-09-25,75381.0,75470.0,74303.0,74443.0,3376500,-0.01256134765884065,8.320488138617959,12.599789870161631,13.03606041240414,1.5676423572397673
2017-09-26,74443.0,74971.0,74319.0,74319.0,3565400,-0.001665703961420184,7.948415165577187,12.628405746271303,12.731848218058763,0.8772992101616006
2017-09-27,74358.0,74744.0,73125.0,73797.0,3788600,-0.00702377588503611,6.799607530676897,12.990887060190579,13.042431661417355,2.193856118812418
2017-09-28,73808.0,74011.0,73277.0,73567.0,3082900,-0.0031166578587205063,7.084836549498602,13.06637364597934,13.142901158075096,0.9977299604442208
2017-09-29,73571.0,74518.0,73571.0,74294.0,3126600,0.00988214824581668,13.169644812161888,13.05730937679469,12.860322628804976,1.2746655180768298
2017-10-02,74295.0,74506.0,73845.0,74360.0,2512000,0.0008883624518802868,10.041585888283459,13.022751023188187,12.65386135975272,0.888918773534158
2017-10-03,74363.0,76763.0,74363.0,76763.0,3816900,0.032315761161914924,24.907246958655094,16.11504788810909,15.23128120749686,3.126506259526074
2017-10-04,76763.0,77004.0,76422.0,76591.0,3119500,-0.0022406628193269995,23.44909628569635,16.223301553438244,14.515926599230422,0.759880403702785
2017-10-05,76592.0,78024.0,76592.0,76618.0,4112900,0.0003525218367692595,22.5680864562763,16.222348037509736,14.494048963148545,1.869012503589235
2017-10-06,76618.0,76618.0,75603.0,76055.0,2994300,-0.007348142734083352,24.965738398520116,15.684757720470982,14.650644833598736,1.3345605154164748
2017-10-09,76055.0,76067.0,75181.0,75727.0,2335300,-0.004312668463611891,25.739340264711686,15.673697798752444,14.749199989020997,1.1699922088554942
2017-10-10,75745.0,76996.0,75745.0,76897.0,3489200,0.015450235715134708,14.103451881369697,15.495740788384785,15.210774438303162,1.6268515026594015
2017-10-11,76910.0,76985.0,76323.0,76660.0,3781500,-0.003082044813191631,14.214172278416934,15.573518880601192,15.292342509029416,0.8635533524654317
2017-10-13,76659.0,77319.0,76659.0,76990.0,3200100,0.004304722149752083,14.512580114885019,15.592365491224811,15.076333029460297,0.8572541888556955
2017-10-16,76985.0,77382.0,76565.0,76892.0,3075600,-0.001272892583452423,12.856707632449883,15.580942091754176,15.088409099567906,1.0625292618217759
2017-10-17,76892.0,76892.0,76046.0,76201.0,2771100,-0.008986630598761924,14.654778036886839,15.194905793496961,14.974354420459907,1.1102216506345062
2017-10-18,76211.0,76730.0,76012.0,76591.0,3156800,0.005118043070300837,9.171989933177127,15.257893089910562,15.000270378801142,0.9374469585199305
2017-10-19,76591.0,76591.0,75366.0,76283.0,2509800,-0.004021360212035363,9.342921956132958,15.334609013653985,15.095994333047596,1.6058623808712296
2017-10-20,76291.0,76971.0,76291.0,76391.0,2645300,0.0014157807112986642,8.502371311030593,15.340008680310198,14.355498205598865,0.8901572174732626
2017-10-23,76398.0,76498.0,75315.0,75413.0,2631800,-0.012802555274836092,11.63062814964021,15.895911228345657,14.842493158493983,1.5686950525771417
2017-10-24,75426.0,76420.0,75426.0,76350.0,3047500,0.012424913476456245,15.096284349192215,16.431897317074377,14.47401805779139,1.3018991486574985
2017-10-25,76350.0,76883.0,75404.0,76671.0,2953800,0.004204322200392907,14.930431996001245,15.745056818205585,14.493593514909264,1.9290214031380835
2017-10-26,76671.0,77061.0,75813.0,75896.0,2901100,-0.010108124323407797,16.562139231520607,16.220104627293566,14.823653972157203,1.6443554337514494
2017-10-27,75898.0,76617.0,75601.0,75976.0,3434400,0.0010540739959945533,16.53123246350596,15.952671000193746,14.808389196095465,1.3372643992839843
2017-10-30,75973.0,75973.0,74305.0,74800.0,3811600,-0.015478572180688599,17.79137799947308,16.941154822611193,14.895773902591959,2.229946524064171
2017-10-31,74798.0,75142.0,74145.0,74308.0,3545700,-0.006577540106951885,12.774466012862899,16.793779955968816,14.963679905420864,1.3417128707541583
2017-11-01,74310.0,75199.0,73823.0,73824.0,3668100,-0.0065134305862087905,9.57264759951805,16.942953108437237,15.056860436178015,1.8638925010836587
2017-11-03,73834.0,74254.0,73094.0,73915.0,4386900,0.001232661465106144,10.933501512681108,12.149009326836628,15.065141264438303,1.5693702225529325
2017-11-06,73911.0,74445.0,73830.0,74311.0,3297400,0.005357505242508331,12.770810463522036,12.39462271978063,15.111364068281983,0.827602912085694
2017-11-07,74306.0,74306.0,72386.0,72415.0,4888900,-0.02551439221649554,18.814821076522858,14.914284133952618,16.752315397332826,2.6513843816888767
2017-11-08,72468.0,74481.0,72468.0,74363.0,3408800,0.026900504039218287,30.191215207543245,17.96008042151348,18.279219580949146,2.706991380121835
2017-11-09,74363.0,74363.0,72795.0,72931.0,3303800,-0.019256888506380854,33.20601164369546,19.021098137597082,19.112857438284596,2.149977375875828
2017-11-10,72932.0,73019.0,71920.0,72166.0,3140100,-0.010489366661639132,33.471828845553716,18.174097586680503,19.240691229668073,1.522877809494776
2017-11-13,72167.0,72735.0,71776.0,72475.0,2783400,0.004281794750990775,33.278363260123164,18.345909864970952,19.278520740615253,1.3232149016902381
2017-11-14,72442.0,72838.0,70825.0,70827.0,4352600,-0.022738875474301534,32.232676925558835,19.422620982935328,20.064904247618177,2.842136473378796
2017-11-16,70827.0,72896.0,70827.0,72512.0,3340900,0.02379036243240562,30.35963296401461,21.660380435977352,21.359388277298645,2.853320829655781
2017-11-17,72512.0,73632.0,72390.0,73437.0,2749700,0.012756509267431548,29.298829002342742,22.16888925219176,19.38955932558763,1.691245557416561
2017-11-21,73439.0,75073.0,73439.0,74595.0,3539600,0.01576861799910123,28.43565991547146,22.87525054078018,20.01445366880831,2.1904953415108253
2017-11-22,74611.0,75019.0,74242.0,74519.0,3410600,-0.001018835042563171,28.972002366814976,22.851526028500082,20.01151973686966,1.042687099934245
2017-11-23,74519.0,74578.0,73851.0,74487.0,1556800,-0.00042942068465756655,17.043605979641395,22.835730778582914,19.916496809857417,0.976009236511069
2017-11-24,74503.0,74542.0,74093.0,74157.0,2510300,-0.004430303274396863,14.411186650738085,22.476599248971745,19.918422110846247,0.6054721739013175
2017-11-27,74157.0,74157.0,73159.0,74059.0,2810800,-0.0013215205577356004,12.713532855076235,21.96345329223207,19.326777618339378,1.347574231356081
2017-11-28,74060.0,74989.0,74056.0,74140.0,3030700,0.0010937225725435873,3.2079804508010836,21.890494609945684,19.328980564119092,1.258429997302401
2017-11-29,74146.0,74515.0,72700.0,72700.0,3639400,-0.019422713784731593,13.277915957042985,22.578639764925406,19.971305680381704,2.4965612104539203
2017-11-30,72700.0,72700.0,71215.0,71971.0,5348800,-0.010027510316368615,12.986265204984896,22.718743102983026,20.11067290518005,2.063331063900738
2017-12-01,71955.0,72472.0,71488.0,72264.0,3003100,0.004071084186686225,15.188305966953418,22.314936934934366,20.07957421566259,1.3616738625041516
2017-12-04,72266.0,73749.0,72266.0,73090.0,3038600,0.01143031108158965,19.33114878528634,22.672496020689493,20.347093160266482,2.029005335887262
2017-12-05,73090.0,74166.0,72319.0,72546.0,2913300,-0.007442878642769157,19.26144263691782,22.704841319517044,20.408316072910228,2.5459708322995067
2017-12-06,72535.0,73418.0,71906.0,73268.0,3099300,0.009952306123011567,15.66426435159683,22.999014568598373,20.66602205984318,2.0636567123437244
2017-12-07,73268.0,73268.0,71356.0,72487.0,3260800,-0.01065949664246324,15.963296641790677,23.1695864295222,20.57156527678504,2.637714348779781
2017-12-08,72489.0,73425.0,72489.0,72732.0,3085600,0.0033799163988026404,15.899768177373735,21.426830719915888,20.21349761994214,1.2869163504372216
2017-12-11,72775.0,73361.0,72498.0,72800.0,2450200,0.0009349392289501601,13.220374640998697,19.129128559741147,20.154907059316283,1.1854395604395604
2017-12-12,72800.0,73814.0,71798.0,73814.0,2956100,0.013928571428571512,15.006918714644883,18.571818941189868,20.47947542780655,2.7311892052998075
2017-12-13,73827.0,74622.0,72569.0,72914.0,4494700,-0.012192808952231293,17.103707712875835,18.709288319106925,20.73099523252104,2.815645829333187
2017-12-14,72913.0,72913.0,71969.0,72429.0,3491800,-0.006651671832569872,15.857436040587974,18.818091330647054,20.360491800684528,1.3033453450965773
2017-12-15,72428.0,73069.0,72277.0,72608.0,4659500,0.0024713857708928977,15.74380919048195,16.90250410356724,20.3136977213374,1.0907888937858088
2017-12-18,72621.0,73519.0,72621.0,73115.0,3202900,0.006982701630674271,16.605017659513194,14.968954699505217,20.354168384343595,1.2282021473021951
2017-12-19,73122.0,73139.0,72347.0,72680.0,2351600,-0.005949531559871435,12.196268385503252,14.421698654771111,20.415297323822923,1.089708310401761
2017-12-20,72680.0,73492.0,72680.0,73367.0,2219600,0.009452394056136404,11.662740152511896,13.673019652465983,20.551114720456926,1.106764621696403
2017-12-21,73367.0,75133.0,73265.0,75133.0,3056400,0.024070767511279012,17.476420585165446,16.149929678792045,20.297283328433707,2.486257703006668
2017-12-22,75128.0,75227.0,74623.0,75187.0,1906900,0.0007187254601839221,17.828904336270742,16.14703880202996,18.791175107093913,0.8033303629616823
2017-12-26,75187.0,75758.0,74924.0,75688.0,1579700,0.006663385957678791,17.8311612602507,16.1779760597986,17.911920113469183,1.1018919775922207
2017-12-27,75708.0,76293.0,75708.0,76073.0,1792200,0.005086671599196624,14.120491090762426,16.2132257300366,17.58706732342138,0.7689981990982346
2017-12-28,76077.0,76437.0,76077.0,76402.0,2083000,0.004324793290654938,14.525787829076517,16.24594173939296,17.58759511045683,0.4711918536163975
2017-12-29,76077.0,76437.0,76077.0,76402.0,0,0.0,4.565853332997843,14.38336445208014,15.990751066222261,0.4711918536163975
2018-01-02,76403.0,77909.0,76403.0,77891.0,2880300,0.01948901861207819,11.661089264974807,14.796598607957415,15.537079560700429,1.933471132736773
2018-01-03,77889.0,78414.0,77602.0,77995.0,3142200,0.0013351991886096926,12.38169297999899,14.820904035482782,15.227255966004405,1.0410923777165202
2018-01-04,77998.0,79135.0,77998.0,78647.0,3486100,0.008359510225014466,12.439620587901286,14.655883014785557,14.792576457057052,1.4457004081528857
2018-01-05,78644.0,79071.0,78218.0,79071.0,2747100,0.005391178303050248,12.333838524872602,14.10861783193971,14.802841834245692,1.0787773014126545
2018-01-08,79070.0,79395.0,78631.0,79379.0,2550800,0.003895233397832376,11.21748628784239,13.949717758149102,14.793713409421317,0.96247118255458
2018-01-09,79379.0,79415.0,78699.0,78864.0,3458600,-0.006487862029000091,8.937004772921354,13.46925159745464,14.88515326482602,0.9078920673564618
2018-01-10,78864.0,78864.0,78164.0,78201.0,2759900,-0.008406877662811896,11.915750830104145,14.145814337392151,15.165516668881176,0.8951292182964412
2018-01-11,78201.0,79365.0,78201.0,79365.0,3409400,0.01488472014424369,15.088095421709935,14.644202416063361,15.624760945464839,1.4666414666414667
2018-01-12,79365.0,79440.0,78861.0,79349.0,3577800,-0.00020160020160020498,14.781684267774034,14.269864992385928,14.231572311013165,0.7296878347553214
2018-01-15,79349.0,79847.0,79349.0,79752.0,1941000,0.005078828970749516,14.963777119208551,13.083532753546685,13.697051924535236,0.6244357508275655
2018-01-16,79751.0,80246.0,79668.0,79832.0,2982500,0.0010031096398837036,13.482283504745181,12.53257635419674,13.714079946469468,0.7240204429301533
2018-01-17,79832.0,81189.0,79828.0,81189.0,3341200,0.016998196212045347,12.603056165522855,13.203191716616217,14.088580436284076,1.6763354641638646
2018-01-18,81185.0,81367.0,80498.0,80963.0,3429600,-0.0027836283240340043,12.367035954351572,13.483005120124872,13.835196000409166,1.0733297926213208
2018-01-19,80965.0,81429.0,80854.0,81220.0,3123200,0.0031742894902608843,11.863166796540812,12.916385395435256,13.708003620427355,0.7079537059837478
2018-01-22,81220.0,81675.0,80923.0,81675.0,2693000,0.005602068456045384,11.87965980581649,12.830334747418034,13.045008467322052,0.9207223752678299
2018-01-23,81676.0,81676.0,80524.0,80678.0,3711200,-0.01220691766146309,17.09545973256986,12.23080678625201,13.867571504931437,1.4278985597064875
2018-01-24,80679.0,83680.0,80679.0,83680.0,5503700,0.03720964823124029,29.598943905917235,16.867129324958523,16.931562826244182,3.586281070745698
2018-01-26,83680.0,85531.0,83680.0,85531.0,5410600,0.022119980879541146,30.113259481402054,17.86100529387405,17.476861199347944,2.164127626240778
2018-01-29,85531.0,85531.0,84341.0,84698.0,3889600,-0.00973915890145094,33.48300235477831,18.666137704920803,17.280711624904033,1.404991853408581
2018-01-30,84697.0,84697.0,83804.0,84482.0,3566000,-0.0025502373137500367,34.42923555087744,18.857351414711353,17.07881499471193,1.0570298998603254
2018-01-31,84485.0,86213.0,84484.0,84913.0,4233500,0.005101678464051407,30.301996253349845,18.774142318084706,17.059307180562932,2.0362017594479056
2018-02-01,84913.0,86028.0,84833.0,85495.0,4085300,0.00685407417003292,18.928728796811157,18.05092637123011,17.058236991951166,1.3977425580443301
2018-02-02,85495.0,85495.0,83831.0,84041.0,3376900,-0.017006842505409625,15.94291024769812,19.515759174322085,17.967717337625214,1.9799859592341835
2018-02-05,84040.0,84311.0,81861.0,81861.0,3253600,-0.025939719898620872,22.681813243681468,21.935876704089544,20.00360720197261,2.9928781715346746
2018-02-06,81857.0,84162.0,80804.0,83894.0,5599100,0.024834780909102072,32.18548367086738,23.305953711207803,20.072208992513314,4.002670035997807
2018-02-07,83894.0,84410.0,82548.0,82767.0,3886000,-0.013433618613965193,32.57540521172898,23.978471814701816,20.66877544225075,2.249688885666993
2018-02-08,82773.0,83501.0,81109.0,81533.0,4011400,-0.014909323764302207,31.24909951062664,24.52964251083634,21.298747155221072,2.9337814136607263
2018-02-09,81532.0,81897.0,79690.0,80899.0,4283400,-0.007775992542896737,30.49112558291423,24.497845347762485,21.49201478621827,2.728093054302278
2018-02-14,80901.0,83782.0,80901.0,83543.0,3910700,0.03268272784583237,35.99492899056769,26.40379271584453,23.242684082272845,3.448523514836671
2018-02-15,83551.0,84686.0,83551.0,84291.0,3489300,0.008953473061776629,31.803076366827998,26.472781807702344,23.28421377845988,1.3465257263527541
2018-02-16,84291.0,84575.0,83824.0,84525.0,3475800,0.0027760970922161565,29.102499170628484,26.462153249394397,22.778053663094525,0.888494528246081
2018-02-19,84525.0,84956.0,84525.0,84793.0,2088900,0.0031706595681750827,23.93884659853872,26.453195279088824,22.773818638730088,0.5082966754331136
2018-02-20,84792.0,86290.0,84261.0,85804.0,4078100,0.011923154033941508,19.44305347540407,26.17189099196984,22.871425631100994,2.364691622768169
2018-02-21,85804.0,87358.0,85804.0,86052.0,4815500,0.002890308144142484,6.7283977082013795,26.0940228788477,22.860255066725486,1.805884813833496
2018-02-22,86050.0,87159.0,86050.0,86686.0,3535700,0.007367638172267821,6.365762008559971,26.137243850359525,22.895204643136648,1.2793299956163624
2018-02-23,86690.0,87345.0,86138.0,87293.0,4178600,0.00700228410585324,5.860994680494524,26.157717708995378,22.740719290666046,1.382699643728592
2018-02-26,87296.0,88318.0,87242.0,87653.0,4047100,0.004124042019405971,5.5538293043409785,25.542282363702196,22.459371248915996,1.2275677957400204
2018-02-27,87649.0,87839.0,86613.0,86935.0,3534700,-0.008191391053358088,10.070124606476007,22.819007251161352,22.475040048800885,1.4102490366365676
2018-02-28,86939.0,87109.0,85431.0,85481.0,5947100,-0.016725139472019368,17.00316721787884,22.450229493080393,23.187300098245924,1.9630093237093624
2018-03-01,85337.0,86260.0,84640.0,85378.0,4341300,-0.0012049461283794027,15.254193466159713,22.173478439722754,23.200134643781098,1.8974443064958186
2018-03-02,85378.0,85761.0,83897.0,85761.0,3884300,0.004485933144369847,14.28886169418712,22.18654137562094,23.204166469607188,2.17348211891186
2018-03-05,85292.0,86165.0,85053.0,86023.0,3425200,0.0030550016907451294,13.945427582897466,22.147935742733864,22.79508071189465,1.2926775397277472
2018-03-06,86023.0,86931.0,85653.0,85653.0,3608600,-0.004301175267079738,13.422593179205538,22.095138984442467,22.82714067219759,1.492066827781864
2018-03-07,85653.0,85653.0,84397.0,85484.0,3456800,-0.0019730774170197973,5.794788328940038,21.218028265784,22.852437320165823,1.4692808010855833
2018-03-08,85510.0,85830.0,84491.0,84985.0,3694700,-0.005837349679472137,7.176358557452879,19.046103914788727,22.927718667470977,1.5755721597929047
2018-03-09,84987.0,86389.0,84749.0,86371.0,3481500,0.016308760369476927,14.226467243367907,17.947135656936727,22.943971752650825,1.8987854719755473
2018-03-12,86386.0,87046.0,86386.0,86900.0,2602900,0.0061247409431406385,14.60643633832967,17.16568543310106,20.479451942121052,0.7594936708860759
2018-03-13,86902.0,87333.0,86119.0,86384.0,2735800,-0.00593785960874571,15.093881365233614,16.286036138164317,19.601165473613598,1.405352843119096
2018-03-14,86383.0,86970.0,85691.0,86051.0,2561000,-0.0038548805334320813,15.440433059448225,16.01949088460726,19.409816326253615,1.4863278753297464
2018-03-15,86051.0,86051.0,84720.0,84928.0,3840100,-0.013050400343982083,18.16722446537249,12.862038977290577,19.792721542195025,1.5672098718914846
2018-03-16,84928.0,85495.0,84525.0,84886.0,5446200,-0.0004945365486058728,11.19493925146321,12.5206198111193,19.73991604976456,1.1427090450722144
2018-03-19,84886.0,84886.0,83678.0,83913.0,3330600,-0.011462431967580011,8.319121591874282,13.13170614461745,19.905547406023228,1.4395862381275846
2018-03-20,83919.0,84412.0,83682.0,84164.0,2682000,0.002991193259685554,10.995027661608258,13.125852523111249,19.303275113541503,0.8673542132027945
2018-03-21,84166.0,85145.0,84080.0,84977.0,3260900,0.009659711990875008,15.343056695033608,12.880929860416105,17.82811476175945,1.253280299375125
2018-03-22,84984.0,85499.0,84197.0,84768.0,3241700,-0.0024594890382103607,12.278776300796732,12.84044144253742,16.39550481437772,1.5359569648924123
2018-03-23,84766.0,85450.0,84042.0,84377.0,3176900,-0.004612589656474153,12.651054729441311,12.561475088620808,15.941962135622397,1.6687011863422498
2018-03-26,84377.0,85553.0,84357.0,85088.0,2355600,0.008426466928191267,10.08243840220817,12.688479750441312,15.382493785603991,1.405603610379842
2018-03-27,85103.0,85296.0,83542.0,83808.0,2948400,-0.015043249341857856,16.16343358645783,13.39514839543422,15.89759241277317,2.0928789614356624
2018-03-28,83806.0,83889.0,82889.0,83874.0,2911400,0.0007875143184421507,13.562279543805767,13.240892749154426,12.799204275070561,1.1922645873572264
2018-03-29,83874.0,85708.0,83874.0,85366.0,3150300,0.01778858764336988,19.840591893271025,13.687339411526594,13.560006891677457,2.148396317034885
2018-04-02,85365.0,85675.0,84166.0,84666.0,2598500,-0.008199985942881294,20.67912824934509,13.9745569686665,13.768489432742268,1.7822974984054991
2018-04-03,84669.0,85411.0,84210.0,84623.0,2579000,-0.0005078780147874662,19.531047407093375,13.862905840982872,13.73825697522385,1.4192359051321746
2018-04-04,84610.0,84610.0,82826.0,84360.0,2948300,-0.0031079021069921886,15.575439978424086,13.822519332061233,13.284993922858213,2.114746325272641
2018-04-05,84374.0,86148.0,84374.0,85210.0,4257700,0.01007586533902316,16.717326719346996,14.26599372712462,13.605205678143632,2.0819152681610142
2018-04-06,85210.0,85210.0,83833.0,84820.0,3069100,-0.0045769275906584195,10.988084756599891,14.334923629392938,13.460503620382037,1.6234378684272577
2018-04-09,84832.0,85110.0,83155.0,83307.0,3174800,-0.017837774109879745,15.867850127477134,15.47315391092743,14.135279450610003,2.3467415703362264
2018-04-10,83312.0,84538.0,83312.0,84510.0,3518700,0.014440563217976932,20.370215836909402,15.222805624243085,14.794012567542778,1.4507158916104603
2018-04-11,84494.0,85417.0,84340.0,85246.0,3370600,0.008709028517335238,21.024886320768406,15.40034230689214,14.907895819983242,1.2634023883818597
2018-04-12,85246.0,85577.0,85025.0,85444.0,2837000,0.002322689627665797,19.8754389346167,15.323481701335645,14.120153688052328,0.6460371705444502
2018-04-13,85441.0,85441.0,84144.0,84334.0,3504200,-0.012990964842469976,22.039068090479294,15.89349825585758,14.613830746233173,1.5379325064623994
2018-04-16,84328.0,84591.0,82762.0,82862.0,2913400,-0.01745440747503968,21.856250377253588,16.38299537591434,15.34559520202487,2.207284400569622
2018-04-17,82862.0,84191.0,82810.0,84086.0,2628600,0.014771547874779856,22.004272142857623,17.28525343316495,15.983745078046796,1.642366148942749
2018-04-18,84090.0,86149.0,84090.0,85776.0,4196900,0.020098470613419517,26.22728898930498,18.17366791389459,17.037018984396628,2.4004383510539076
2018-04-19,85775.0,86059.0,85197.0,85824.0,3522500,0.0005595970900951208,26.21593711765073,18.161446495957126,17.02600430645525,1.0043810589112603
2018-04-20,85823.0,85823.0,85025.0,85550.0,2990100,-0.0031925801640566576,23.726999640005094,17.932922779580604,16.961808214595294,0.9327878433664524
2018-04-23,85520.0,85746.0,84711.0,85602.0,2426000,0.0006078316773816539,16.213485653120195,17.90316448755461,16.268430285112114,1.2090838999088807
2018-04-24,85603.0,86578.0,85106.0,85469.0,2845000,-0.0015537020163080006,15.1153771436839,17.823704101133334,16.158931080185894,1.7222618727257837
2018-04-25,85466.0,85466.0,84349.0,85044.0,3218400,-0.004972563151552034,3.8387275886324312,17.693130171433396,16.133121517904666,1.3134377498706553
2018-04-26,85051.0,86383.0,85051.0,86383.0,3138000,0.01574479093175296,13.205440132276522,17.60152044276473,16.763646981473283,1.5419700635541715
2018-04-27,86383.0,87179.0,86262.0,86445.0,0,0.0007177338133661504,12.642125701216141,17.60189322020092,16.28741643158646,1.0607900977500144
2018-04-30,86443.0,86739.0,85979.0,86115.0,2181000,-0.0038174561860142564,13.344008255897846,16.647621440862327,16.335951349445395,0.8825407884805202
2018-05-02,86111.0,86111.0,84383.0,84547.0,3720600,-0.018208209951808607,19.394394293513823,17.63590916173588,16.874412311706898,2.0438336073426613
2018-05-03,84547.0,84562.0,83178.0,83288.0,3977800,-0.014891125646090297,21.48337213286953,18.375574643984375,17.41437681873486,1.6617039669580254
2018-05-04,83286.0,83671.0,82746.0,83118.0,3472900,-0.00204111036403809,13.283384742450064,18.361621360408563,17.1617838206144,1.1128756707331746
2018-05-07,83199.0,83643.0,82602.0,82714.0,2843000,-0.004860559686229227,11.546922049910462,17.988266495044687,17.197482902368712,1.2585535701332302
2018-05-08,82715.0,83409.0,82201.0,82956.0,3949500,0.0029257441303769394,14.080981088700787,18.006616550919183,17.18954110575865,1.456193644823762
2018-05-09,82977.0,84447.0,82855.0,84265.0,4695400,0.01577944934664166,17.839958432530647,17.80952557804938,17.647689179621473,1.8892778733756599
2018-05-10,84284.0,86201.0,84284.0,85861.0,4611100,0.018940248027057516,16.93147190211575,18.311139866252404,17.92105969690565,2.2326783988073746
2018-05-11,85861.0,86406.0,85183.0,85220.0,4379700,-0.0074655547920475795,18.90716331475605,18.29019686002956,18.08319987106133,1.435109129312368
2018-05-14,85222.0,86105.0,84688.0,85232.0,4080700,0.0001408120159587245,17.53700966625643,18.271622340204434,17.332768351654,1.6625211188286089
2018-05-15,85225.0,85231.0,83830.0,85130.0,4405100,-0.0011967336211751167,18.232222465096726,17.66629735069627,17.162692877285536,1.645718313168096
2018-05-16,85122.0,86678.0,85044.0,86537.0,3707000,0.016527663573358442,18.51033462967021,17.229789278449008,17.796782892214935,1.8882096675410516
2018-05-17,86537.0,86537.0,83377.0,83622.0,5508600,-0.03368501334689211,28.98075947275868,20.596027293168547,20.397634497236073,3.778909856257923
2018-05-18,83614.0,83614.0,81391.0,83082.0,5730200,-0.006457630767022993,28.93851486491435,19.315728437427758,20.235168369510358,2.675669820177656
2018-05-21,83095.0,83883.0,81576.0,81815.0,4242200,-0.01524999398184923,29.29858772039221,19.87697340505955,20.642279481734242,2.819776324634847
2018-05-22,81817.0,83396.0,81613.0,82739.0,4785500,0.0112937725355986,32.315661243043856,20.412116767662894,20.31621146882821,2.154969240624131
2018-05-23,82742.0,82742.0,80867.0,80867.0,3875500,-0.022625364096737988,27.009709733743886,21.656999644717892,20.836846724462347,2.318621934781802
2018-05-24,80860.0,80860.0,79027.0,80122.0,6182200,-0.009212657820866332,20.10411944076531,21.77183415383088,20.729618803439386,2.2877611642245577
2018-05-25,80123.0,80629.0,78622.0,78898.0,4650100,-0.015276703027882532,20.523920350276065,22.179350748251593,21.03734985574394,2.5437907171284446
2018-05-28,78886.0,78886.0,75337.0,75356.0,4176200,-0.04489340667697539,32.43767906361895,25.28853087299612,24.204356903272274,4.70964488560964
2018-05-29,75361.0,77214.0,75361.0,76072.0,5972300,0.009501565900525533,31.49388800921188,25.77663307329374,24.127383725431734,2.4358502471342938
2018-05-30,76058.0,77097.0,75515.0,76754.0,7442100,0.008965190871805584,35.37055391447878,26.284681568495365,23.81803185576014,2.0611303645412615
2018-06-01,76779.0,78169.0,75524.0,77240.0,6044400,0.006331917554785349,37.307757540138624,26.1443663136382,22.981078620804002,3.4243915069911965
2018-06-04,77244.0,78637.0,77244.0,78596.0,4023100,0.017555670636975718,39.9479534171405,26.87292394426756,23.749688364414666,1.77235482721767
2018-06-05,78595.0,78892.0,76412.0,76642.0,4499800,-0.0248613160975113,26.034107958561965,27.952122985604923,24.59462694197762,3.235823699799066
2018-06-06,76641.0,76967.0,75518.0,76117.0,4871700,-0.006850030009655228,26.246000985754957,27.970967930508895,24.58027736269908,1.9036483308590721
2018-06-07,76117.0,76117.0,71162.0,73851.0,7919200,-0.02976995940460081,31.916207017068942,29.244413781251456,25.692446125599016,6.709455525314485
2018-06-08,73848.0,74031.0,71679.0,72942.0,5952400,-0.012308567250274183,29.469600476538353,28.289517659277386,25.78626004579502,3.2244797236160236
2018-06-11,72943.0,73716.0,71843.0,72308.0,3564300,-0.008691837350223497,16.22116831143161,26.70982504349691,25.041903137707,2.5903081263483987
2018-06-12,72308.0,73322.0,72124.0,72754.0,3889600,0.006168058859324033,20.526644865023584,27.158669192914747,25.214202580375694,1.6466448580146797
2018-06-13,72757.0,72977.0,71035.0,72122.0,4360200,-0.008686807598207613,20.373541179221824,27.023228302660247,25.22365218000646,2.692659660020521
2018-06-14,72151.0,72708.0,71344.0,71421.0,4281600,-0.009719641718199723,11.612893571984488,26.922629674494903,24.978709162049082,1.9098024390585402
2018-06-15,71421.0,71421.0,69583.0,70758.0,6456800,-0.009282983996303562,10.857838643748648,25.377430099351457,24.847779644914286,2.5975861386698327
2018-06-18,70757.0,70757.0,69360.0,69815.0,3475200,-0.013327114955199448,12.008080310557625,23.858906180099307,24.934295657630155,2.001002649860345
2018-06-19,69811.0,72010.0,69069.0,71394.0,5185300,0.022616916135500986,23.51267898437701,26.177593112492957,26.24949536045612,4.119393786592711
2018-06-20,71397.0,72617.0,71155.0,72123.0,4414600,0.010210942095974396,24.771301394200258,26.655741454072913,26.518406593066352,2.027092605687506
2018-06-21,72117.0,72207.0,70019.0,70075.0,3490800,-0.02839593472262658,31.944995954770665,26.98308211466889,26.670592898641132,3.1223688904744917
2018-06-22,70077.0,71058.0,69907.0,70641.0,3054700,0.008077060292543736,32.38588664438735,26.945122068717396,25.964706744268778,1.629365382709758
2018-06-25,70642.0,71323.0,69779.0,70953.0,3346300,0.004416698517857975,30.219656981515925,27.1708163289741,26.148169379038187,2.1760883965441913
2018-06-26,70968.0,71622.0,70203.0,71405.0,3502300,0.006370414217862441,25.545487910032993,27.237088377448686,26.336051547019114,1.987255794412156
2018-06-27,71405.0,72032.0,70134.0,70609.0,3588900,-0.011147678733982258,24.725537243325896,23.148411809527076,26.34451561563286,2.6880426008015976
2018-06-28,70609.0,72092.0,70439.0,71767.0,3511400,0.016400175615006507,15.91893507670244,23.733497944983995,26.33503286422203,2.3032870260704783
2018-06-29,71779.0,73020.0,71779.0,72763.0,3879400,0.0138782448757786,17.151007799530653,24.095073822145377,25.601044046212877,1.705537154872669
2018-07-02,72763.0,72840.0,71935.0,72840.0,2753900,0.0010582301444415076,17.50635106951973,23.92209391968599,25.643715268763195,1.2424492037342119
2018-07-03,72848.0,74515.0,72848.0,73668.0,3253800,0.011367380560131757,18.04776384137559,23.351761576241987,25.811254803348028,2.262854970950752
2018-07-04,73667.0,74904.0,73450.0,74743.0,2142100,0.014592496063419613,9.664928103286636,22.682522301553266,25.991086722912048,1.9453326732938203
2018-07-05,74751.0,75127.0,73756.0,74553.0,3562800,-0.002542044071016658,12.503007187623801,22.59375203078467,25.33367349307218,1.8389602028087402
2018-07-06,74558.0,75065.0,74048.0,75010.0,0,0.006129867342695716,11.22415282468929,20.096630625180897,25.37493839851922,1.355819224103453
2018-07-10,75015.0,75895.0,74431.0,74862.0,3901000,-0.001973070257298981,12.24542369228029,19.557704246887084,25.0643261409351,1.9555983008736073
2018-07-11,74862.0,75025.0,74196.0,74399.0,3766800,-0.006184713205631742,13.258579646937626,19.41490871396563,21.5178197177943,1.1142622884716191
2018-07-12,74403.0,75898.0,74403.0,75856.0,3508500,0.01958359655371722,16.355680869731028,20.360610790718894,22.10867295981854,1.9708394853406455
2018-07-13,75856.0,76682.0,75554.0,76594.0,0,0.009728960134992581,16.052074298345165,20.13299791327338,22.136678256666684,1.4727002115048176
2018-07-16,76587.0,76924.0,76129.0,76653.0,3134700,0.0007702953233934551,16.35854810039324,19.622999794828065,22.05752777388936,1.0371414034675748
2018-07-17,76653.0,78522.0,76482.0,78130.0,3882900,0.019268652238007666,18.023344327371802,19.78147347582634,22.182317546533127,2.611032893894791
2018-07-18,78124.0,78496.0,77164.0,77363.0,3394300,-0.009816971713810352,19.982678199082233,19.409961094283542,21.126645372719096,1.721753292917803
2018-07-19,77360.0,77487.0,75890.0,77487.0,3781100,0.0016028333958093555,17.254282817011994,18.338414574294287,21.016404910469937,2.0609908758888587
2018-07-20,77500.0,79489.0,77500.0,78571.0,4745200,0.01398944339050412,18.3287971307117,18.545944549855122,19.260499497699794,2.531468353463746
2018-07-23,78571.0,78639.0,77871.0,77996.0,2446800,-0.007318221735754915,20.33925808618614,14.979584364993181,18.987602189064283,0.9846658803015539
2018-07-24,78005.0,79497.0,78005.0,79155.0,3283200,0.01485973639673821,18.33397647729315,15.326554401449222,19.02923088388507,1.8849093550628513
2018-07-25,79154.0,80437.0,79154.0,80218.0,3472700,0.013429347482786902,15.58648084941716,15.564080234146624,19.246434713005655,1.5993916577326783
2018-07-26,80242.0,80589.0,79081.0,79405.0,3596500,-0.010134882445336446,19.920381453823246,16.52283485596285,19.32940961695123,1.8991247402556515
2018-07-27,79405.0,80251.0,79405.0,79866.0,3015600,0.005805679743089209,18.371756330290225,15.426927574796629,18.94169469524079,1.0592742844264142
2018-07-30,79866.0,80492.0,79699.0,80276.0,2631400,0.005133598777953052,15.767962163202053,14.949614447305068,18.53278017936751,0.9878419452887538
2018-07-31,80279.0,80279.0,79016.0,79220.0,3354500,-0.013154616572823796,18.028821992249167,15.91766973405796,18.518600015625704,1.5942943701085583
2018-08-01,79213.0,79731.0,78769.0,79302.0,3227100,0.0010350921484474362,14.003901221639154,15.918229688800075,17.700674356552156,1.2130841592898036
2018-08-02,79237.0,79896.0,78573.0,79637.0,3005500,0.004224357519356348,12.55409086242018,15.698324494582055,17.590136133727594,1.6612880947298365
2018-08-03,79656.0,81792.0,79656.0,81435.0,3802600,0.022577445157401677,20.228658384987273,16.60960849277793,15.693109486985826,2.622950819672131
2018-08-06,81445.0,81765.0,80965.0,81051.0,2516600,-0.0047154172039050035,21.060947678611164,16.73641387223334,15.916320685414323,0.9870328558561893
2018-08-07,81093.0,81742.0,79923.0,80347.0,3861200,-0.008685889131534452,19.19208023953449,17.281373173531723,16.378685525468278,2.2639302027455908
2018-08-08,80347.0,80912.0,78966.0,79152.0,3833800,-0.014872988412759636,23.086880730630206,18.326719900875645,17.267664914659143,2.458560743885183
2018-08-09,79171.0,79461.0,78156.0,78768.0,3717400,-0.004851425106124907,22.865763535691777,18.250753783019825,16.896098443629846,1.656764168190128
2018-08-10,78766.0,78766.0,76043.0,76514.0,0,-0.02861568149502336,15.852248872712057,20.19444950149693,18.878220427064292,3.5588258357947566
2018-08-13,76513.0,77689.0,75931.0,77496.0,3958200,0.012834252555087966,23.985485969585895,20.401075250101254,18.82447605490181,2.2685041808609476
2018-08-14,77499.0,78742.0,77499.0,78602.0,3713000,0.014271704346030756,29.074857761837052,20.941202385017117,19.14345669481802,1.581384697590392
2018-08-15,78614.0,78618.0,76829.0,77078.0,4386400,-0.01938881962291039,30.26693882303615,21.03843519323201,19.978189301813938,2.3210254547341655
2018-08-16,77085.0,77704.0,76381.0,76819.0,3285400,-0.003360232491761539,30.294707288407345,20.79805099042141,19.637222446613883,1.722230177430063
2018-08-17,76817.0,76817.0,75633.0,76029.0,3742300,-0.010283914135825745,23.20001178527437,21.07017153923947,19.884776559380455,1.5573005037551462
2018-08-20,76029.0,76497.0,75608.0,76328.0,3578100,0.003932709887016772,20.51664134380339,20.458665084515403,19.84307820518788,1.1647101980924432
2018-08-21,76327.0,76340.0,74915.0,75180.0,4077000,-0.015040352164343407,14.742284500738748,20.914733480042084,20.348526396522495,1.8954509177972862
2018-08-22,75171.0,76904.0,74876.0,76902.0,3610400,0.022905027932960786,23.581615525169227,21.879194753039734,21.278176689454785,2.637122571584614
2018-08-23,76898.0,77232.0,75466.0,75634.0,3866700,-0.016488517853891937,26.314102690248937,21.79870321622812,21.136536062094383,2.3349287357537616
2018-08-24,75647.0,76629.0,75647.0,76262.0,3159900,0.008303144088637415,26.37895686079214,21.94246339401729,21.083409447473315,1.2876662033516035
2018-08-27,76264.0,78008.0,76264.0,77930.0,2750600,0.02187196769033073,30.50588781024675,23.310133370355402,22.021734806789155,2.2379058129090206
2018-08-28,77928.0,78038.0,77149.0,77473.0,2964800,-0.005864237135891237,27.373649203790972,23.25289230746549,21.36972042531019,1.1474965471841803
2018-08-29,77472.0,78783.0,77399.0,78389.0,3127600,0.011823473984484911,24.024960745368052,23.297323681765523,21.44319847499373,1.7655538404623097
2018-08-30,78389.0,78389.0,76372.0,76404.0,3546800,-0.02532243044304683,29.0481259601021,24.831497171654938,22.708505569726757,2.6399141406209097
2018-08-31,76386.0,77202.0,76026.0,76678.0,4145600,0.0035861996754096293,28.6096262464543,24.81343785282519,22.3339483416189,1.533686324630272
2018-09-03,76675.0,76675.0,75729.0,76193.0,1673300,-0.006325151934061912,22.033232233523528,23.221452399841787,22.310283659429338,1.2415838725342223
2018-09-04,76192.0,76192.0,74605.0,74712.0,3162300,-0.019437481133437462,24.556244615190217,23.90358525613738,22.447926497115574,2.124156761965949
2018-09-05,74712.0,75370.0,74276.0,75092.0,2830400,0.005086197665703063,21.562643978270554,24.021953479980816,22.08246262846752,1.456879561071752
2018-09-06,75098.0,76533.0,74986.0,76416.0,3298500,0.017631705108400286,21.987365925600525,24.646691970479008,22.663817363055575,2.024445142378559
2018-09-10,76416.0,77293.0,76115.0,76436.0,3105200,0.00026172529313228665,21.781784840133025,24.62425569135759,22.572110635619307,1.5411586163587838
2018-09-11,76437.0,76437.0,74275.0,74657.0,0,-0.023274373331937825,27.24750614953586,23.938061199053795,23.34970011177025,2.8959106312870864
2018-09-12,74680.0,75680.0,74499.0,75125.0,3709100,0.006268668711574277,23.95249727744036,23.562975450435104,23.24425383213759,1.5720465890183029
2018-09-13,75126.0,75407.0,74501.0,74687.0,3062100,-0.005830282861896796,24.088547169826864,22.900890791891516,23.260145607109415,1.2130625142260367
2018-09-14,74687.0,75705.0,74445.0,75429.0,3231700,0.009934794542557635,20.725236610607595,22.396070545731043,23.448757701994566,1.6704450542894642
2018-09-17,75428.0,76893.0,75227.0,76789.0,3397600,0.018030200585981593,25.516904762804028,23.31123340404723,23.073651054232755,2.1695815806951515
2018-09-18,76781.0,78454.0,76677.0,78314.0,4167000,0.019859615309484324,16.374953829371748,23.95185210285435,23.893555567051628,2.269070664249049
2018-09-19,78268.0,79021.0,77624.0,78169.0,3780800,-0.00185152080087847,18.33014129569332,23.96223603387175,23.785240636585755,1.7871534751627882
2018-09-20,78169.0,78944.0,77820.0,78116.0,3137600,-0.0006780181401834229,16.10601105515089,23.237966989686853,23.408598515312733,1.4388857596395104
2018-09-21,78116.0,80002.0,78116.0,79444.0,4666800,0.01700035844129233,17.098570346212664,22.648924636400068,23.893840462676806,2.3739992951009516
2018-09-24,79447.0,79447.0,77857.0,77984.0,0,-0.01837772519007097,24.77322796745748,22.848107574538894,22.980478224967655,2.038879770209274
2018-09-25,77980.0,78688.0,77005.0,78630.0,3700400,0.008283750512925625,20.9313373978597,22.84738705418439,22.809513049730835,2.1404044257916826
2018-09-26,78634.0,79461.0,78530.0,78656.0,3735300,0.0003306625969732302,20.809208837632724,21.619514936117653,22.43739779567539,1.1836350691619202
2018-09-27,78676.0,80107.0,78676.0,80000.0,4475000,0.01708706265256299,23.399666524293366,22.2178007766041,22.1704595832862,1.78875
2018-09-28,80000.0,80000.0,78967.0,79342.0,4061400,-0.008225000000000038,21.966650016123044,22.143389585079262,22.304421796981853,1.301958609563661
2018-10-01,79350.0,79557.0,78091.0,78624.0,3134400,-0.00904943157470195,17.677770144001038,20.384390496156524,22.252127216151017,1.8645706145706147
2018-10-02,78625.0,81778.0,78625.0,81612.0,5929900,0.03800366300366309,31.69798009540014,24.00532215609742,24.67311584625991,3.8634024408175267
2018-10-03,81624.0,85442.0,81623.0,83273.0,7618600,0.020352399156986722,31.97925150827751,24.462507247833486,24.63769240379113,4.5861203511342215
2018-10-04,83275.0,83430.0,81892.0,82953.0,4935600,-0.0038427821742942347,33.16083622465245,23.110720171173416,24.021787663372944,1.854061938688173
2018-10-05,82972.0,83805.0,82030.0,82322.0,5394800,-0.007606717056646506,32.979145915845386,23.525895691093073,23.540362855240403,2.156167245693739
2018-10-08,82324.0,87333.0,82324.0,86084.0,9999000,0.0456985981876048,38.10168259542598,27.22022982201476,26.580221130372145,5.818735188885275
2018-10-09,86053.0,86573.0,85433.0,86088.0,6461000,4.6466242275000624e-05,35.30011305642554,27.2258771055414,26.065633596040488,1.3242263730136605
2018-10-10,86084.0,86085.0,83679.0,83679.0,0,-0.02798299414552552,43.008429236117806,27.900324923290913,27.501472156499712,2.8752733660775105
2018-10-11,83700.0,84749.0,82607.0,82921.0,5188700,-0.009058425650402158,43.554400430132,28.355044722552737,27.566419307865157,2.5831815824700617
2018-10-15,82922.0,84278.0,82922.0,83360.0,4782900,0.005294195680225711,43.054080342564696,28.087036283860805,26.327918996342596,1.626679462571977
2018-10-16,83420.0,85718.0,83420.0,85718.0,4811300,0.028286948176583504,32.638952533854635,29.159960064931862,27.326770400577665,2.6808838283674374
2018-10-17,85714.0,86167.0,84944.0,85764.0,4858600,0.0005366434121187869,32.64770602505847,28.899280351202123,27.1763992153071,1.4260062497085024
2018-10-18,85760.0,85760.0,83846.0,83847.0,4085300,-0.022352035819224847,29.790308342658662,29.925473077368647,27.407825866406814,2.2827292568607103
2018-10-19,83845.0,84954.0,83667.0,84220.0,3753500,0.004448578959294958,28.566290363472145,29.865062158527873,27.406243866603695,1.5281405841842792
2018-10-22,84222.0,85772.0,84222.0,85597.0,3873700,0.016350035620992687,30.103378984174174,30.13019614793523,27.35320909545027,1.8108111265581737
2018-10-23,85595.0,85595.0,84032.0,85300.0,4388100,-0.003469747771534082,22.380077708968184,29.89660469159724,27.41801452708203,1.832356389214537
2018-10-24,85302.0,85786.0,83035.0,83064.0,4679200,-0.02621336459554513,28.51631716133995,30.732587088026904,27.68222665639352,3.311904073967062
2018-10-25,83124.0,84831.0,83124.0,84084.0,0,0.012279687951459062,26.737808587750912,30.84705374927107,27.785151587842407,2.030112744398459
2018-10-26,84084.0,85720.0,83497.0,85720.0,6471500,0.01945673374244805,29.995279587876787,31.3170154739609,27.98076903629509,2.5933271115258982
2018-10-29,85728.0,88377.0,82783.0,83797.0,7733900,-0.02243350443303782,32.22883336220972,32.260017494404615,29.013409799084975,6.6756566464193225
2018-10-30,83802.0,86990.0,83802.0,86886.0,6556900,0.03686289485303762,43.46696230855357,34.115556332826195,30.307749899597074,3.669175701493912
2018-10-31,86889.0,88028.0,86213.0,87424.0,5889800,0.006192021729622743,34.42941552913456,33.756532806499905,29.954879764973768,2.076088945827233
2018-11-01,87428.0,89017.0,87094.0,88419.0,5878400,0.011381314055636915,34.40559133384049,31.70183083204024,29.981689053457146,2.174871916669494
2018-11-05,88418.0,89598.0,88347.0,89598.0,4620800,0.013334238116242014,33.64426228525744,31.33712288884868,30.055018997318783,1.3962365231366771
2018-11-06,89587.0,89587.0,88066.0,88669.0,0,-0.010368535011942237,26.952330239157313,31.614728942465252,30.132605615750848,1.715368392561098
2018-11-07,88676.0,89565.0,87541.0,87714.0,4371300,-0.010770393260327693,18.61620178549419,31.771685417995403,29.723038558079196,2.307499372962127
2018-11-08,87719.0,88570.0,85620.0,85620.0,5297700,-0.023873041931732675,25.329384340253792,29.076528262857888,30.771921987169232,3.4454566690025694
2018-11-09,85620.0,86233.0,84030.0,85641.0,4814400,0.00024526979677652605,22.07772751839364,29.076734040611328,30.77258121244238,2.572366039630551
2018-11-12,85644.0,86227.0,85009.0,85525.0,3534000,-0.0013544914235004146,15.265383493425377,27.26465453391439,30.50303914878785,1.4241449868459515
2018-11-13,85531.0,85941.0,84071.0,84914.0,4410700,-0.0071441099093831895,15.284729600688769,27.182019052459395,30.471897830400607,2.202228136703017
2018-11-14,84898.0,85973.0,84267.0,85973.0,5591600,0.012471441693949092,21.016925645299782,27.428460827714375,30.40497008100908,1.9843439219289778
2018-11-16,85975.0,88516.0,85975.0,88515.0,5184200,0.029567422330266435,23.20082529100426,27.588484038781253,29.653881370132577,2.870699881376038
2018-11-19,88472.0,88484.0,87047.0,87901.0,3642100,-0.006936677399310809,24.96401528704113,27.748294527952204,29.309232395724894,1.6347936883539436
2018-11-21,87896.0,87896.0,86254.0,87269.0,4140600,-0.007189906826998604,26.25727705130702,26.591645926896796,29.38285996522075,1.8815386907149159
2018-11-22,87269.0,87656.0,87222.0,87477.0,2244500,0.002383435125875133,24.486090940940596,26.577694507367855,29.245606437400845,0.49613041142243103
2018-11-23,87479.0,87479.0,85763.0,86230.0,4148700,-0.014255175646169849,27.26984281602548,26.601673120911286,26.531032219164274,1.9900266728516758
2018-11-26,86237.0,87147.0,84905.0,85547.0,4557300,-0.007920677258494768,9.436338059554558,26.729404130692892,26.635088808781237,2.6207815586753482
2018-11-27,85547.0,88018.0,85377.0,87891.0,4971300,0.02740014261166368,26.01259345920121,26.48688533676924,26.428290503696672,3.0048582903824053
2018-11-28,87891.0,89483.0,87153.0,89251.0,5295600,0.015473711756607722,26.978269023507867,26.65312763283903,26.511007108370542,2.6106150071147662
2018-11-29,89145.0,89910.0,88475.0,89710.0,4257400,0.0051427995204536,26.905414385000668,25.991008070331308,26.509701179885898,1.5995987069445994
2018-11-30,89709.0,90246.0,89258.0,89504.0,6736700,-0.0022962880392375373,22.434486885641512,24.468417937421563,25.39132212414581,1.103861279942796
2018-12-03,89511.0,91242.0,89429.0,89820.0,5935600,0.0035305684662136905,18.601965203040105,21.206770701071658,25.395612412045693,2.0184814072589625
2018-12-04,89820.0,90452.0,88041.0,88624.0,4879700,-0.013315519928746355,16.769125874452612,21.75199506614972,24.78060694532927,2.7204820364686766
2018-12-05,88644.0,89111.0,88449.0,89040.0,2790000,0.00469398808449184,12.360608909479264,21.461131250735757,24.78284536061733,0.743486073674753
2018-12-06,88933.0,88933.0,87025.0,88846.0,4370100,-0.0021787960467205547,11.323314028370282,20.95167999966622,24.428161895175986,2.1475361862098463
2018-12-07,88849.0,89986.0,87907.0,88115.0,4479100,-0.008227719874839612,12.198855984475387,20.835094934722598,24.548473685503826,2.3594166713953357
2018-12-10,88115.0,88384.0,85915.0,85915.0,4084400,-0.02496737218407763,17.890179487081888,22.272054737494702,24.429944687616707,2.8737705872082873
2018-12-11,85918.0,87520.0,85583.0,86420.0,4390100,0.005877902578129479,19.91234838195499,20.73574467151627,24.248330665651128,2.2413793103448274
2018-12-12,86420.0,87946.0,86420.0,86977.0,5000500,0.006445267299236335,20.478058039926182,20.8362356720978,23.67541433932584,1.7544868183542777
2018-12-13,86979.0,87842.0,86856.0,87838.0,3658600,0.009899168745760356,23.018987976551934,21.051891138515593,22.780523827032297,1.122521004576607
2018-12-14,87838.0,88184.0,87106.0,87450.0,3553300,-0.004417222614358285,22.543851038242813,20.934041533678034,20.238876912850003,1.2327044025157232
2018-12-17,87448.0,87820.0,86328.0,86400.0,3849300,-0.012006861063464824,14.441382945631439,21.032475536235765,20.46408251923148,1.726851851851852
2018-12-18,86400.0,87274.0,86400.0,86610.0,4093500,0.0024305555555554914,13.930136798342579,18.185712918331205,20.18211340482751,1.0091213485740678
2018-12-19,86617.0,88101.0,85674.0,85674.0,5664200,-0.010807066158642242,14.634709851308022,18.393864915895534,19.9440472871893,2.832831430772463
2018-12-20,85678.0,86584.0,84756.0,85269.0,6100500,-0.0047272217942433414,9.199859022628084,18.3116979382705,19.790417643086425,2.14380372702858
2018-12-21,85269.0,86554.0,85134.0,85697.0,6076200,0.005019409163939947,12.133227837502254,18.39636457263199,19.657474085805436,1.6570008285004143
2018-12-26,85684.0,85684.0,83892.0,85136.0,3355100,-0.006546320174568576,10.357570067436912,17.87852237773344,18.489400415916425,2.1048675061078748
2018-12-27,85141.0,85739.0,84876.0,85460.0,3820900,0.003805675624882543,10.84036738144285,17.730042620171407,18.524336647830896,1.009829159840861
2018-12-28,85469.0,88044.0,85469.0,87887.0,3649100,0.028399251111631107,22.120705090686194,17.926799339383404,20.261707236531294,2.9298986198186308
2019-01-02,87887.0,91479.0,87536.0,91012.0,5615400,0.035557022085177525,28.352057476957103,21.16098524462323,22.435697166432774,4.332395728035864
2019-01-03,91011.0,91596.0,89922.0,91564.0,6066200,0.006065134268008698,28.170010863261886,21.186052963700593,22.262209856342256,1.8282294351491855
2019-01-04,91577.0,92701.0,90824.0,91841.0,5322100,0.0030252064130007472,24.46407033509969,21.16005404766633,20.700859162179686,2.0437495236332355
2019-01-07,91845.0,92552.0,91288.0,91699.0,4565000,-0.0015461504121253578,26.285188455507907,21.166070816964293,20.5727702149556,1.3784228835647063
2019-01-08,91699.0,92231.0,91064.0,92032.0,4496500,0.003631446362555746,23.666187466961006,20.519003569327488,20.414415884995275,1.2680372044506258
2019-01-09,92033.0,93626.0,92028.0,93613.0,5011400,0.017178807371349025,11.10739879968206,21.180072849863933,20.892630697225897,1.7070278700607824
2019-01-10,93599.0,93987.0,93050.0,93806.0,4840600,0.0020616794675953898,11.378204187850072,21.11358656951996,20.292629281348493,0.9988700083150331
2019-01-11,93806.0,93961.0,93359.0,93658.0,5330500,-0.0015777242393876234,12.281781095904353,20.804360424283864,20.08118076894805,0.6427640991693182
2019-01-14,93645.0,94474.0,93335.0,94474.0,4486900,0.008712549915650625,11.52586492214764,18.21136618795828,18.806115158802715,1.2056227110104367
2019-01-15,94474.0,94695.0,93402.0,94056.0,4836400,-0.0044244977454114265,13.769893720419354,18.467759023355796,18.492889059732278,1.3747129369737179
2019-01-16,94057.0,94393.0,93687.0,94393.0,4257400,0.003582971846559424,7.9808286655601455,18.448639428345402,18.47401113598657,0.7479368173487441
2019-01-17,94393.0,95682.0,93950.0,95351.0,4944200,0.010149057663174199,10.031908879035441,18.458963249247955,18.58818293254482,1.8164466025526738
2019-01-18,95386.0,96396.0,95386.0,96097.0,4884000,0.007823724974043378,9.356402112430665,18.243169947596343,18.656858329794304,1.0510213638302965
2019-01-21,96093.0,96093.0,94863.0,96010.0,2717600,-0.0009053352341904519,9.550843193392263,17.356529211983002,18.091199326696785,1.2811165503593376
2019-01-22,96008.0,96070.0,94662.0,95103.0,4256000,-0.009446932611186343,12.347782555440748,18.059366515911837,18.419345421986566,1.480500089376781
2019-01-23,95116.0,96576.0,95116.0,96558.0,0,0.015299201917920557,15.539211630285077,17.523045444213512,18.74675659604481,1.5120445742455313
2019-01-24,96558.0,97677.0,96558.0,97677.0,5019400,0.011588889579320139,15.893650094958911,17.20024542341647,18.608912283050177,1.1456125802389507
2019-01-28,97674.0,97937.0,94783.0,95444.0,7185300,-0.022861062481443928,24.759379859474922,19.99620568956854,18.336882523810075,3.3045555508989564
2019-01-29,95508.0,96751.0,95508.0,95639.0,5262000,0.0020430828548678726,24.87457703791628,19.576463458262378,18.32873586600324,1.2996790012442623
2019-01-30,95643.0,97107.0,95643.0,96996.0,6164400,0.014188772362738966,25.27996175506197,19.78408500921329,18.574510925901777,1.5093405913645923
2019-01-31,96996.0,98405.0,96996.0,97394.0,5976000,0.00410326199018507,23.314936710187776,18.051206143187084,18.482327544451884,1.4467010288108098
2019-02-01,97395.0,98044.0,96990.0,97861.0,4301600,0.00479495656816642,21.980924826791185,14.221327035620677,18.33107035253314,1.077037839384433
2019-02-04,97861.0,98589.0,96901.0,98589.0,4278300,0.007439122837493928,7.467511380788008,14.260472043201997,17.728593430886423,1.7121585572426945
2019-02-05,98587.0,98587.0,97596.0,98311.0,4773700,-0.0028197871973546507,9.75065949386265,14.431061677191437,17.84595815505087,1.0080255515659489
2019-02-06,98308.0,98308.0,94636.0,94636.0,5458200,-0.03738137136230946,29.555915359457703,20.149343433226267,21.15513514090804,3.880130183017034
2019-02-07,94654.0,95642.0,93507.0,94406.0,5612500,-0.002430364766050963,28.670477887231886,20.180976822337286,21.088754915711196,2.261508802406627
2019-02-08,94401.0,95486.0,93424.0,95343.0,5302500,0.009925216617587829,30.092443696967507,19.609815684074945,21.167569896411358,2.1627177663803323
2019-02-11,95351.0,95499.0,93737.0,94413.0,3767300,-0.009754255687360325,27.998378944501816,19.949352924421575,21.321676067892877,1.8662684164257042
2019-02-12,94420.0,96571.0,94420.0,96168.0,4915000,0.018588541832162964,34.174681757080826,20.90005517525374,21.763521255267165,2.2367107561766906
2019-02-13,96169.0,96804.0,95389.0,95842.0,5814400,-0.0033899010065718826,18.153640621443152,20.782557398872285,20.589408521531336,1.4763882222825067
2019-02-14,95843.0,98019.0,94915.0,98015.0,5222300,0.022672732205087476,22.100509238695917,22.013034271363175,19.102573772724643,3.166862214967097
2019-02-15,98015.0,98238.0,97083.0,97526.0,4586300,-0.004989032290975914,23.60091953432589,22.13811778189933,19.193987951007124,1.1842995713963456
2019-02-18,97527.0,97527.0,96239.0,96510.0,2837100,-0.010417734757910746,23.858889414285837,22.289086881373986,19.534719433091883,1.3345767278002278
2019-02-19,96513.0,98185.0,96513.0,97659.0,4830600,0.011905502020516101,21.750005941198374,22.4980220314901,19.726897740874684,1.7120797878331748
2019-02-20,97661.0,98544.0,96545.0,96545.0,5906800,-0.011407038777788037,23.90782928830275,22.89276974989926,20.10832345544373,2.0705370552592055
2019-02-21,96546.0,97231.0,95793.0,96932.0,5814100,0.0040084934486508406,15.82657384119521,22.639277288250614,19.5813301463454,1.483514216151529
2019-02-22,96929.0,97887.0,96929.0,97886.0,4426600,0.009841951058473963,17.574017769792466,22.281226106716385,19.739036375052887,0.9786894959442617
2019-02-25,97881.0,98190.0,97087.0,97240.0,4360000,-0.006599513720041639,16.195431148095565,22.055601535702422,19.860261966965968,1.1343068696009873
2019-02-26,97242.0,97904.0,97235.0,97603.0,3555100,0.0037330316742081315,13.75931296086786,20.46755716365277,19.75151228017923,0.6854297511346987
2019-02-27,97603.0,97782.0,96886.0,97307.0,3873500,-0.0030326936672028237,10.256388666420067,20.514980693956787,19.72140072166098,0.9207970649593553
2019-02-28,97307.0,97528.0,95364.0,95584.0,5365700,-0.017706845345144773,16.634045060324148,20.884529054427293,20.45046183047477,2.263977234683629
2019-03-01,95584.0,96113.0,94394.0,94604.0,4054700,-0.01025276196853031,12.700955558347223,21.067167292144163,20.46871151364882,1.8170479049511647
2019-03-06,94604.0,94889.0,93945.0,94217.0,2715300,-0.0040907361210942295,12.846435323931807,20.96796175818518,20.35477250261895,1.0019423246335586
2019-03-07,94216.0,94532.0,93729.0,94340.0,4104300,0.0013054968848509318,11.721975950319282,20.73668760044409,20.36177122420318,0.8511765952936188
2019-03-08,94340.0,95476.0,93305.0,95365.0,4054200,0.010864956540173942,17.318775599124645,21.20621595584975,20.437496519753374,2.276516541708174
2019-03-11,95384.0,98027.0,95384.0,98027.0,4251500,0.0279138048550307,23.656053020816614,19.200146032933045,21.54579142439823,2.6961959460148734
2019-03-12,98038.0,98150.0,97267.0,97828.0,3832900,-0.002030052944596905,20.835615003522655,19.189669672212645,21.30198884617931,0.9026045712883837
2019-03-13,97831.0,99267.0,97464.0,98904.0,4812100,0.010998896021588989,18.49205712904474,19.250696932156007,20.365031147675943,1.8229798592574615
2019-03-14,98905.0,99036.0,97776.0,98605.0,3584500,-0.0030231335436382567,19.944603805112383,18.878510596869294,20.401167246739618,1.2778256680695705
2019-03-15,98605.0,99393.0,98597.0,99137.0,5136400,0.005395263931849303,19.990821634271796,17.960841219037956,20.067336593762924,0.8029292796836701
2019-03-18,99141.0,100038.0,99141.0,99994.0,4204100,0.00864460292322744,9.982956141372357,18.030883825528683,20.175062324381468,0.8970538232293938
2019-03-19,99991.0,100439.0,99373.0,99588.0,5231100,-0.004060243614616876,10.823792125074453,16.497316516094532,20.191912170402002,1.0704100895690243
2019-03-20,99588.0,99708.0,97981.0,98041.0,4633200,-0.015534000080331012,14.977103270449593,17.34687238947735,20.61519682026746,1.7615079405554819
2019-03-21,98041.0,98046.0,95456.0,96729.0,5321200,-0.013382156444752713,17.189101947509332,17.606266668346155,20.96050827206292,2.6775837649515655
2019-03-22,96725.0,96725.0,93380.0,93735.0,6001100,-0.03095245479638986,23.254755634689456,20.090088123289547,20.038913774563607,3.568570971355417
2019-03-25,93735.0,94384.0,93103.0,93662.0,4508400,-0.0007787912732704072,18.751381105872447,19.789787904147527,20.028954227586958,1.3676837991928423
2019-03-26,93668.0,95525.0,93668.0,95307.0,4660700,0.017563152612585675,28.79661601425052,20.78580024939932,20.481265917174703,1.948440303440461
2019-03-27,95297.0,95297.0,91903.0,91903.0,5726900,-0.03571615935870398,34.791291436695616,23.660567310128545,22.812655403200598,3.6930241667845447
2019-03-28,91901.0,94854.0,91584.0,94389.0,5192300,0.027050259512747088,44.69038832297552,25.773317941791912,23.557178859048705,3.464386739980294
2019-03-29,94402.0,95863.0,94402.0,95415.0,4674600,0.010869910688745543,38.5792570978757,26.065495601877803,23.767581442570084,1.531205785253891
2019-04-01,95423.0,96752.0,95423.0,96054.0,3753500,0.006697060210658634,38.385133282459265,26.185188792830612,22.875206327596626,1.3835967268411518
2019-04-02,96062.0,96690.0,94825.0,95387.0,3713200,-0.006944010660670075,37.379489489792704,25.551127042714683,22.914986553140377,1.9551930556574795
2019-04-03,95392.0,96442.0,94124.0,94491.0,4308900,-0.009393313554257876,23.428013669252064,25.50926537519998,22.878889386486893,2.453143685642019
2019-04-04,94503.0,96394.0,94334.0,96313.0,4086200,0.01928225968610775,19.23236224514381,26.30193211208353,23.324917144569664,2.138859759326363
2019-04-05,96319.0,97493.0,96152.0,97108.0,3689000,0.008254337420701363,18.735754940967436,26.416026935738778,23.21138354489402,1.3809366890472463
2019-04-08,97110.0,97610.0,96743.0,97369.0,3430800,0.002687729126333638,18.530511161619305,26.20217791703644,23.196186089501648,0.8904271380008011
2019-04-09,97366.0,97366.0,95488.0,96292.0,3733400,-0.01106101531288195,20.05870398708176,24.61076512864992,23.236453371738428,1.9503177834087984
2019-04-10,96292.0,96902.0,95670.0,95953.0,4574600,-0.0035205416857059246,18.323964102443153,24.62605996040471,23.182640969335075,1.2839619396996447
2019-04-11,95954.0,95954.0,94173.0,94755.0,3530500,-0.012485279251300163,14.064375129670747,24.551234563115955,23.41041624400453,1.879584190807873
2019-04-12,94747.0,94768.0,92516.0,92875.0,6712200,-0.019840641654793933,13.757351346092895,25.32508993067709,24.042938289099762,2.424764468371467
2019-04-15,92875.0,93723.0,92697.0,93083.0,4629800,0.0022395693135934813,13.52235996032817,25.22097752365801,23.56052601073587,1.1022420850208954
2019-04-16,93082.0,95062.0,92879.0,94333.0,4581600,0.013428875304835497,20.481304472687054,25.548642731397,23.731965167991607,2.3141424528001866
2019-04-17,94337.0,95042.0,92338.0,93285.0,6458600,-0.011109579892508492,21.061477594914514,25.713928901589096,23.92383642055481,2.8986439406121027
2019-04-18,93285.0,95140.0,93285.0,94578.0,4933300,0.013860749316610299,23.73412393875779,25.921452187813358,24.267724549888356,1.9613440757892957
2019-04-22,94578.0,95038.0,93721.0,94588.0,3176600,0.00010573283427439684,16.502369519063624,25.566557875451647,24.056167816133815,1.3923542098363428
2019-04-23,94590.0,96315.0,94590.0,95923.0,4309100,0.014113841079206768,17.929449463881955,23.590988567052428,22.964373856798233,1.798317400414916
2019-04-24,95923.0,95923.0,94163.0,95045.0,4658800,-0.009153174942401754,19.21918090335842,23.856587668505092,23.09477193873391,1.8517544321111052
2019-04-25,95027.0,96552.0,94213.0,96552.0,4878200,0.015855647324951372,17.47179898717079,23.71236520540562,23.352913323707934,2.422528792774878
2019-04-26,96552.0,96563.0,95620.0,96236.0,3767100,-0.0032728477918634313,17.440416360333845,19.76494453481909,23.355186922500874,0.9798827881458081
2019-04-29,96254.0,97123.0,96004.0,96188.0,3225400,-0.000498773847624645,17.520284444169636,17.5980704138296,23.283770052157585,1.1633467792240197
2019-04-30,96191.0,96707.0,95613.0,96353.0,4228600,0.0017153906932256824,14.737826866022091,17.230274979125753,23.122955341441003,1.1354083422415493
2019-05-02,96339.0,96339.0,95312.0,95528.0,3863600,-0.008562265835002525,14.486983868901229,17.3516210580267,23.209141060345807,1.0750774641989784
2019-05-03,95521.0,96315.0,95521.0,96008.0,4014800,0.0050247047985931825,8.179794643345835,17.260997285829742,22.874621223250248,0.8270144154653779
2019-05-06,95992.0,95992.0,94540.0,95009.0,3216000,-0.010405382884759562,10.578650670063817,17.336487355634702,22.745956365909223,1.5282762685640308
2019-05-07,95009.0,95009.0,92750.0,94389.0,4907400,-0.006525697565493815,10.70860162644683,16.03552410947971,20.933559490729387,2.3932873533992307
2019-05-08,94389.0,96312.0,94389.0,95597.0,4916500,0.01279810147368865,15.903070982433013,16.43505589700066,21.239454516259173,2.0115694007134115
2019-05-09,95597.0,95597.0,93883.0,94808.0,4152200,-0.008253397073129887,15.818361717762542,16.587586282033474,20.778529234075513,1.8078643152476586
2019-05-10,94809.0,94848.0,93234.0,94258.0,4097900,-0.005801198211121461,14.854820757546891,16.291691720290277,17.936232212951456,1.7123215005622865
2019-05-13,94252.0,94252.0,91600.0,91727.0,4662600,-0.026851832205223913,22.298829843476426,18.594635142226984,17.912100314137387,2.8911879817283896
2019-05-14,91736.0,92529.0,91562.0,92092.0,4045400,0.003979199145289769,23.625511076754037,18.30588912424847,17.628013014948404,1.050036919602137
2019-05-15,92088.0,92088.0,90295.0,91623.0,4791900,-0.005092733353602941,17.94991821666148,17.096018884288966,17.504379414681004,1.956932211344313
2019-05-16,91622.0,91622.0,89778.0,90024.0,5570000,-0.017451949837922753,19.0551640833802,18.021097211051995,18.044231665359206,2.0483426641784415
2019-05-17,90023.0,91321.0,89409.0,89993.0,5342700,-0.0003443526170798794,20.21514202425849,17.193301589314977,17.906207898861183,2.1246096918649227
2019-05-20,90006.0,92117.0,89822.0,91946.0,4620000,0.021701687909059686,22.671435357112134,18.735015585570697,18.162844581619222,2.4960302786418116
2019-05-21,91946.0,94573.0,91946.0,94485.0,5397000,0.02761403432449483,29.956685999183218,20.5886691461441,19.852738335524062,2.7803355029898924
2019-05-22,94485.0,95212.0,93883.0,94361.0,4232500,-0.001312377626078165,29.243331182729726,20.593898589052735,19.82485908838532,1.4084208518349743
2019-05-23,94360.0,94547.0,93300.0,93910.0,3787800,-0.004779516961456509,23.685129748557582,19.989546100139467,19.629658027958712,1.3278671068043872
2019-05-24,93912.0,94900.0,93545.0,93628.0,3484700,-0.0030028750931743176,24.380894330112476,19.7833920082926,19.623906317944105,1.4472166445934975
2019-05-27,93626.0,95444.0,93626.0,94864.0,2544800,0.01320117913444685,22.012855682278072,19.524162833324386,19.700349899177784,1.9164277281160398
2019-05-28,94863.0,96552.0,94707.0,96393.0,6383100,0.016117810760667872,15.590886559832896,20.348739429901208,19.2878666082175,1.914039401201332
2019-05-29,96389.0,96986.0,95690.0,96567.0,4559100,0.0018051103295881887,15.064216904530678,20.35505261817791,19.286460606230946,1.342073379104663
2019-05-30,96566.0,97939.0,96511.0,97457.0,4398200,0.009216398976876095,12.611320206610827,20.586908738703094,19.093880105595325,1.4652616025529208
2019-05-31,97420.0,97992.0,96792.0,97030.0,5089500,-0.004381419497829775,13.348779695678498,20.401995416215414,18.81584674895703,1.2367309079666082
2019-06-03,97036.0,97757.0,96430.0,97020.0,4547900,-0.00010306090899725451,12.909776101553172,20.3461439099548,18.44256559009265,1.367759224902082
2019-06-04,97020.0,97723.0,96593.0,97380.0,4293300,0.0037105751391466324,7.94413976547266,19.970183263681676,18.4584037221968,1.1604025467241734
2019-06-05,97381.0,97686.0,95686.0,95999.0,3769100,-0.014181556787841498,14.030025757633993,20.514447883408955,18.53784059942209,2.083355034948281
2019-06-06,96002.0,97462.0,96002.0,97205.0,4054900,0.012562630860738055,15.690225473112223,20.497373656672714,18.66471093134216,1.5019803508049998
2019-06-07,97205.0,98326.0,97205.0,97821.0,3718500,0.006337122575999166,15.85486821201704,20.30095792591288,18.19622764100994,1.1459707015875937
2019-06-10,97828.0,97856.0,96782.0,97467.0,3584000,-0.0036188548471187687,16.292318933831588,20.215027167817652,18.202734883477927,1.1019114161716275
2019-06-11,97467.0,98985.0,97467.0,98960.0,4922400,0.015318005068382101,19.32728509890179,17.85830405146328,18.69875726530675,1.5339531123686336
2019-06-12,98960.0,99240.0,97831.0,98321.0,4948800,-0.006457154405820509,15.285062313812942,18.19901437385443,18.82175218410886,1.433061095798456
2019-06-13,98321.0,99364.0,98321.0,98774.0,5594000,0.004607357532978806,13.711447035564156,17.951710663601688,18.642200789926136,1.0559458966934618
2019-06-14,98776.0,98981.0,97601.0,98040.0,9184900,-0.007431105351610734,15.158112760877767,16.76416428128262,18.76815009067741,1.4075887392900857
2019-06-17,98038.0,98439.0,97623.0,97623.0,3926300,-0.004253365973072243,15.2725630401401,16.949081207029096,18.533176229731442,0.8358685965397499
2019-06-18,97633.0,99412.0,97633.0,99404.0,4524500,0.01824365159849628,17.108975023236223,16.52953281898234,19.045825561222994,1.789666411814414
2019-06-19,99403.0,100327.0,98978.0,100303.0,4411300,0.009043901653857045,16.410563800893097,14.249022110495954,18.887809656071973,1.344924877620809
2019-06-21,100305.0,102100.0,100305.0,102013.0,5490800,0.017048343519137088,18.872618993223035,14.968468451582956,19.154172701086114,1.759579661415702
2019-06-24,102018.0,102617.0,101589.0,102062.0,3559800,0.0004803309382137577,15.765426185016498,14.698750603174485,19.003113455617047,1.0072308988653955
2019-06-25,102061.0,102061.0,99890.0,100093.0,4469200,-0.01929219494033041,24.43067228392674,16.63405778675779,18.084839732203083,2.1689828459532636
2019-06-26,100095.0,101126.0,100095.0,100689.0,5013800,0.005954462350014511,21.66857360370727,16.272586433527792,18.103411229798585,1.023945018820328
2019-06-27,100689.0,101025.0,99421.0,100724.0,4154700,0.0003476050015394083,20.917672971521068,15.558902945154212,17.959073788991738,1.5924705134823876
2019-06-28,100726.0,101563.0,100726.0,100967.0,4079900,0.00241253325920332,15.743505174236763,15.558674502789389,16.86110904653861,0.8289837273564631
2019-07-01,100973.0,102432.0,100973.0,101340.0,411600,0.0036942763477174623,16.223040629879502,15.359870994121275,16.81363169399121,1.4397079139530293
2019-07-02,101342.0,101565.0,100073.0,100605.0,4951600,-0.007252812314979318,8.029219193898191,15.539147300662446,16.25255101153674,1.4830276825207493
2019-07-03,100576.0,102177.0,100451.0,102043.0,4801200,0.014293524178718764,12.29821740050964,16.11027707665995,14.906223007002364,1.6914438031026138
2019-07-04,102047.0,104022.0,102047.0,103636.0,3978700,0.015611065923189171,14.94798451412271,16.74213995308709,15.320382665019592,1.9057084410822493
2019-07-05,103628.0,104176.0,102622.0,104089.0,4208400,0.004371067968659492,14.73550912745442,15.529675690717578,15.135966222756492,1.4929531458655574
2019-07-08,104090.0,104679.0,103988.0,104530.0,3500300,0.004236758927456341,14.683646980969542,15.20940616492016,15.01143751280255,0.6610542428011098
2019-07-10,104537.0,106650.0,104537.0,105817.0,6815700,0.012312254855065596,8.695867188009904,15.487682308667361,14.964795758076535,1.996843607359876
2019-07-11,105818.0,105886.0,104814.0,105146.0,4845300,-0.006341136112344881,13.523087108377558,15.679374598097953,14.758510984758061,1.019534742168033
2019-07-12,105158.0,105731.0,103903.0,103906.0,4748000,-0.011793125748958633,15.192817254453123,15.950713882843672,15.363454950916994,1.7592824283486999
2019-07-15,103909.0,104578.0,103495.0,103803.0,3995500,-0.0009912805805246672,14.81705902827052,15.679524789749044,15.259595196300694,1.043322447328112
2019-07-16,103805.0,104440.0,103361.0,103775.0,4475800,-0.0002697417223008758,14.240702811814849,15.693177496704624,15.15283429299545,1.0397494579619369
2019-07-17,103775.0,104453.0,103712.0,103856.0,3818300,0.000780534810888911,8.386890112430184,15.29775294958643,15.142885974278663,0.7134879063318441
2019-07-18,103859.0,104773.0,103859.0,104717.0,4410900,0.008290325065475335,11.400356601381876,15.186552395692202,15.237411396989254,0.8728286715624015
2019-07-19,104716.0,104723.0,103388.0,103452.0,3484400,-0.012080178003571529,11.575272201932437,15.081985218733562,15.048881812380893,1.2904535436724278
2019-07-22,103452.0,104278.0,103452.0,103949.0,3464400,0.004804160383559575,12.243891634945452,14.900984569411133,14.765139520130987,0.7946204388690608
2019-07-23,103949.0,104430.0,103518.0,103704.0,4050300,-0.002356925030543855,12.394354067030662,13.870299146296993,14.772567637904258,0.8794260587826891
2019-07-24,103707.0,104570.0,103707.0,104120.0,4872700,0.004011417110236781,12.748183930133672,13.913286373333856,14.686079841379119,0.8288513253937764
2019-07-25,102991.0,103464.0,102390.0,102655.0,5804700,-0.014070303495966163,13.999233260441748,13.044731065413718,14.881464883936296,1.0462227850567436
2019-07-26,102654.0,103209.0,102196.0,102819.0,5141400,0.0015975841410549307,12.245473213238926,12.933011313625316,14.700261884911928,0.9852264659255585
2019-07-29,102817.0,103483.0,102461.0,103483.0,3559900,0.006457950378821131,12.800283164577635,13.064992368596261,14.743606951385729,0.9876018283196274
2019-07-30,103483.0,103555.0,102596.0,102933.0,4060500,-0.005314882637727947,13.182987234111309,13.256390559478422,14.64344046356773,0.9316740015349791
2019-07-31,102946.0,103129.0,100950.0,101812.0,5072900,-0.01089057930887083,13.524479836264511,13.82674503721961,14.99862012264096,2.1402192275959613
2019-08-01,101819.0,104056.0,101819.0,102126.0,7129100,0.0030841158213177344,11.09767118779547,13.580784124673078,14.142265077319205,2.190431427844036
2019-08-02,102122.0,103180.0,101667.0,102674.0,4923500,0.00536592052954199,11.946186928233224,12.787944785601752,13.998551789850842,1.4735960418411673
2019-08-05,102658.0,102658.0,99630.0,100098.0,5000400,-0.025089117011122597,19.42388210704317,14.33619632641433,15.041256795552938,3.025035465244061
2019-08-06,100098.0,102178.0,100098.0,102164.0,5074800,0.020639773022437913,27.52842328444544,16.180925803143055,16.25176358014147,2.035942210563408
2019-08-07,102163.0,102784.0,100476.0,102782.0,5570600,0.006049097529462477,26.446196660236875,16.26451966449506,15.255394871600728,2.2455293728473857
2019-08-08,102811.0,104282.0,102811.0,104115.0,5538300,0.012969196941098549,27.604862698809413,16.332460438158385,15.588048387234288,1.4128607789463574
2019-08-09,104102.0,104848.0,103547.0,103996.0,4549300,-0.0011429669115881058,27.786178269779832,16.20586722287581,15.600801864180658,1.25100965421747
2019-08-12,103946.0,103946.0,101621.0,101915.0,4509700,-0.02001038501480823,24.644232257514936,17.151457580688888,16.74976838498931,2.281312858754845
2019-08-13,101912.0,103778.0,101414.0,103299.0,5198900,0.013579944071039574,21.94950423246917,17.86581921972255,17.160500207484237,2.288502308831644
2019-08-14,103270.0,103270.0,99955.0,100258.0,6485200,-0.029438813541273423,30.795800313859402,20.54293204750371,19.143517539664362,3.30646930918231
2019-08-15,100262.0,101014.0,98200.0,99057.0,6585300,-0.01197909393764085,26.518618419825223,20.833208637545916,18.946976688192493,2.8407886368454527
2019-08-16,99059.0,100567.0,99059.0,99806.0,5483400,0.007561303088120974,28.9196864082298,20.788580040297482,18.474409914813762,1.510931206540689
2019-08-19,99810.0,100948.0,98908.0,99469.0,4924000,-0.003376550507985465,26.931008280189918,20.483911115702917,18.408150755047995,2.050890227105932
2019-08-20,99472.0,99665.0,98002.0,99222.0,5235200,-0.0024831857161528026,22.01648168061057,20.34348165765418,18.330725937849692,1.6760395879945977
2019-08-21,99227.0,101240.0,99221.0,101202.0,5969700,0.01995525185946656,19.40524194012362,21.733610498860177,18.960383219953897,1.9950198612675638
2019-08-22,101209.0,101469.0,100011.0,100011.0,4495500,-0.011768542123673398,19.31047047631355,21.954814606739276,19.14722063770404,1.4578396376398597
2019-08-23,100007.0,100025.0,97085.0,97667.0,5668800,-0.02343742188359277,25.280627311374783,22.835292208892877,19.965959310911337,3.0102286340319657
2019-08-26,97687.0,98436.0,95961.0,96430.0,4136800,-0.012665485783324937,25.936483454447185,23.064286615283972,20.200773789413322,2.566628642538629
2019-08-27,96434.0,97951.0,95855.0,97276.0,6581700,0.008773203359950132,28.063734534161565,23.19683476376751,20.45110762398227,2.1546938607673014
2019-08-28,97273.0,98346.0,96557.0,98194.0,4350800,0.009437065668818523,22.981003071434188,23.558512427151015,20.708334224045025,1.8219035786300588
2019-08-29,98194.0,100684.0,98194.0,100524.0,5163300,0.02372853738517633,30.03583709612192,24.94896944178658,21.814816635113257,2.477020413035693
2019-08-30,100526.0,101551.0,100526.0,101135.0,6109600,0.006078150491424905,20.64424564142772,25.02442688001864,21.667195904362142,1.0134968111929599
2019-09-02,101133.0,101611.0,100626.0,100626.0,2685400,-0.005032876847777756,16.30170377927127,24.984626302557288,21.639010010898517,0.9788722596545625
2019-09-03,100626.0,101417.0,99406.0,99681.0,0,-0.009391211019020962,20.68819225868911,23.61945139668187,21.773182063091596,2.0174356196266086
2019-09-04,99706.0,101201.0,99706.0,101201.0,4310700,0.015248643171717813,21.85814535272528,23.0911076814699,22.246538953772628,1.4772581298603769
2019-09-05,101204.0,103258.0,101204.0,102243.0,4814300,0.010296340945247673,16.456033547894084,23.28546187363641,22.10897161080913,2.0089394872998643
2019-09-06,102247.0,103182.0,102246.0,102935.0,3976000,0.006768189509306355,16.532843831756345,22.941884680065243,22.192879685979214,0.9093117015592364
2019-09-09,102937.0,104260.0,102793.0,103181.0,5516800,0.0023898576771748115,14.85163420402625,22.960933834667166,22.123332512891476,1.4217733885114507
2019-09-10,103180.0,103503.0,102231.0,103032.0,5478900,-0.0014440643141663267,10.376547534210905,21.82272922302581,22.070957423566238,1.2345679012345678
2019-09-11,103036.0,104156.0,103036.0,103446.0,4877000,0.00401816911250874,7.0420285971656185,21.352977032848138,21.846144460210343,1.0826904858573556
2019-09-12,104389.0,104618.0,103733.0,104371.0,4962500,0.00894186338766123,6.360942847186761,18.614444835314114,21.969116457999966,0.8479366873940078
2019-09-13,104371.0,104699.0,103275.0,103501.0,4039400,-0.008335648791330974,10.262627211865036,18.310443339674606,22.081259717532546,1.3758321175640815
2019-09-16,103496.0,104005.0,102782.0,103680.0,6038700,0.0017294518893538058,10.221531373670215,18.20463701085623,20.721399346002467,1.1795910493827162
2019-09-17,103680.0,104619.0,103079.0,104617.0,4574900,0.00903742283950626,11.305321775978413,18.261022026978697,20.0398831108241,1.47203609356032
2019-09-18,104616.0,104762.0,103684.0,104532.0,3882100,-0.0008124874542377869,11.569370589128111,18.21304560467316,19.984341954550015,1.0312631538667585
2019-09-19,104555.0,106001.0,104286.0,104339.0,4915800,-0.0018463245704664066,9.983530480449687,17.12069978383291,19.64855505059002,1.6436806946587568
2019-09-20,104339.0,105045.0,103914.0,104817.0,6769100,0.004581220828261623,6.988348302612558,16.446462206531695,19.68593016358003,1.07902344085406
2019-09-23,104817.0,104817.0,104020.0,104638.0,6769100,-0.001707738248566515,7.634952184962835,13.648240950306704,18.73374157413518,0.7616735793879853
2019-09-24,104638.0,104893.0,103504.0,103876.0,3972200,-0.00728224927846477,6.68870958401167,12.96386517052484,18.485360976567964,1.3371712426354498
2019-09-25,103857.0,104481.0,103034.0,104481.0,4117500,0.0058242519927607095,8.483168645710142,12.854802376068225,16.254390198529965,1.3849408026339718
2019-09-26,104485.0,105342.0,104337.0,105319.0,4138700,0.00802059704635294,9.9573496587067,12.780681852299736,15.84953019783697,0.9542437736780638
2019-09-27,105319.0,105633.0,104506.0,105078.0,3471200,-0.002288286064242917,9.980704808901509,10.540773771954566,15.8112973916993,1.0725365918650909
2019-09-30,105077.0,105178.0,104638.0,104745.0,3895800,-0.0031690744018728623,10.236227388766478,10.591312254374612,15.80554776391141,0.5155377344980667
2019-10-01,104745.0,105121.0,103837.0,104053.0,4095700,-0.006606520597641885,9.930862950430814,10.730336822352506,15.946563328341476,1.2339865260972773
2019-10-02,104049.0,104049.0,100944.0,101031.0,5066200,-0.029042891603317522,21.705246683043956,14.69698976560576,17.319122814236945,3.073314131306233
2019-10-03,101031.0,101560.0,99826.0,101516.0,4665600,0.0048005067751482056,20.4194373712951,13.811155539922984,17.003536097499634,1.7081051262855116
2019-10-04,101516.0,102580.0,101057.0,102551.0,4649400,0.010195437172465516,23.952467758415917,13.801888111728902,15.617506048739399,1.485114723405915
2019-10-07,102546.0,102546.0,100542.0,100573.0,3938300,-0.019287964037405736,25.92809939224154,15.12287162915015,16.251010029983014,1.9925825022620387
2019-10-08,100565.0,101296.0,99868.0,99981.0,4342700,-0.005886271663368858,25.95730655867762,15.156621128949368,16.2326778121282,1.4282713715605966
2019-10-09,100005.0,101567.0,100005.0,101249.0,3939000,0.01268240965783507,20.89857932165459,15.928274074859388,16.406179083324172,1.5427312862349258
2019-10-10,101244.0,102483.0,101152.0,101817.0,4373100,0.0056099319499451905,21.01109148500527,15.998114134471313,15.013348137592871,1.3072473162634923
2019-10-11,101819.0,104381.0,101819.0,103832.0,4351800,0.019790408281524785,24.55836794210584,17.217443118750346,15.954950780356064,2.467447415055089
2019-10-14,103834.0,104305.0,103438.0,104302.0,2987900,0.004526542876954975,15.255163359661184,17.026185363423664,15.885073806086972,0.8312400529232421
2019-10-15,104299.0,105048.0,104052.0,104490.0,4093400,0.0018024582462465855,11.590370312307257,17.026910348529928,15.561762128624125,0.9532012632787826
2019-10-16,104486.0,105462.0,103521.0,105423.0,4509400,0.008929084122882625,11.111505579147648,17.020046267794626,15.183977585781832,1.8411542073361602
2019-10-17,105389.0,105891.0,104827.0,105016.0,4189000,-0.0038606376217713567,14.098299175419632,17.080518540930832,15.017299192300362,1.0131789441608898
2019-10-18,105012.0,105464.0,104525.0,104729.0,4478100,-0.0027329168888550193,8.355841244381091,17.09714869172956,14.948967987117259,0.8965997956630923
2019-10-21,104729.0,106027.0,104696.0,106022.0,3504900,0.01234615054091992,11.320895740944806,17.551516464998855,15.325213744775148,1.255399822678312
2019-10-22,107101.0,107382.0,107076.0,107381.0,5224900,0.0128180943577747,12.983788935958001,18.025459437682112,15.684761746101886,0.2849666142054926
2019-10-23,107381.0,107959.0,107041.0,107544.0,4656200,0.0015179594155390053,12.815599537946326,17.753582647146086,15.665589965448259,0.8536041062262887
2019-10-24,107553.0,107744.0,106593.0,106986.0,5619200,-0.005188573979022504,13.353293069672084,17.841974344642598,15.605199066399445,1.0758416989138766
2019-10-25,106990.0,108083.0,106990.0,107364.0,5398900,0.00353317256463459,12.120153295784364,17.692583340267618,15.374073427902434,1.0180321150478744
2019-10-28,107366.0,108393.0,107362.0,108187.0,3967200,0.007665511717149132,10.707327414273468,17.79690183681831,15.485422683361163,0.9529795631637812
2019-10-29,108189.0,108195.0,107313.0,107556.0,4313200,-0.005832493737694899,9.185013661260946,17.907567668437068,15.45329266600371,0.8200379337275465
2019-10-30,107557.0,108408.0,106622.0,108408.0,5450600,0.007921454870021272,10.702441951639713,17.803895260261577,15.572614434310776,1.6474798907829682
2019-10-31,108403.0,108403.0,106356.0,107220.0,5376000,-0.01095860084126632,13.446955654536511,14.652202047066304,15.949991518685414,1.9091587390412237
2019-11-01,107221.0,108496.0,107220.0,108196.0,5466300,0.00910277933221404,14.764173190513223,14.798476011753046,16.09245937856603,1.1793411956079707
2019-11-04,108196.0,109352.0,108196.0,108601.0,5182200,0.003743206772893748,13.987781085676525,14.574714188749216,16.087125044217558,1.0644469203782654
2019-11-05,108779.0,109343.0,108253.0,108451.0,5657600,-0.0013812027513558922,12.979661904313891,12.302377408035078,15.90375824837772,1.0050621939862243
2019-11-06,108719.0,109633.0,107446.0,108336.0,5505500,-0.0010603867184257876,11.77107960623972,11.940475470482225,15.865712349038782,2.0187195392113426
2019-11-07,108360.0,109672.0,108360.0,109581.0,6075600,0.011492024811696977,9.259081753175343,11.836268547483208,16.02540626253741,1.197287850996067
2019-11-08,109572.0,109572.0,107127.0,107629.0,5419600,-0.017813307051404936,17.049119334438643,13.973085400929417,16.939236699072936,2.2716925735628872
2019-11-11,107622.0,108263.0,106814.0,108215.0,3928900,0.005444629235614951,17.387016716826043,12.573810866255538,16.94537790086162,1.3390010626992561
2019-11-12,108368.0,108368.0,106232.0,106785.0,5219300,-0.013214434228156935,19.585192805968514,13.585929964566091,17.31220701816546,2.0002809383340354
2019-11-13,106751.0,106786.0,105261.0,105914.0,5339000,-0.008156576298169238,19.782462291719064,13.959109346396067,15.08597955702273,1.439847423381234
2019-11-14,106052.0,106758.0,105820.0,106557.0,5364300,0.006070963234322102,17.241459115813303,13.780305546238521,15.11373497799411,0.8802800379139802
2019-11-18,106566.0,107519.0,106282.0,106347.0,4919800,-0.0019707762042849852,13.365821287396933,13.719583771955609,14.926900491028276,1.163173385238888
2019-11-19,106269.0,106950.0,105367.0,105618.0,3610300,-0.0068549183333803665,11.569651933512556,13.919944997016124,13.835033941779596,1.498797553447329
2019-11-21,105866.0,107497.0,105864.0,107497.0,5819400,0.017790528129674854,17.047520689189312,14.617039969174673,14.401622293487524,1.5191121612696168
2019-11-22,107497.0,108692.0,107157.0,108692.0,4796100,0.011116589300166568,15.695354152527502,14.450212878615517,14.311901452067294,1.4122474515143708
2019-11-25,108692.0,108915.0,108080.0,108424.0,4512400,-0.0024656828469437064,16.55392366259044,14.484786225900425,14.346174934042127,0.7701246956393418
2019-11-26,108424.0,108424.0,106414.0,107059.0,6904900,-0.012589463587397653,20.10890071289576,15.061756034156549,13.947844233013146,1.8774694327426935
2019-11-27,107059.0,107991.0,106312.0,107708.0,4418200,0.006062077919651854,18.817998007530075,15.160063771875276,13.988067888400971,1.5588442826902364
2019-11-28,107708.0,108333.0,107148.0,108290.0,3666100,0.0054034983473836284,14.695030360187392,15.039401627662038,14.042405899027727,1.094283867393111
2019-11-29,108283.0,108708.0,107759.0,108233.0,4186600,-0.000526364391910561,11.969464315069752,14.887764257164221,13.858072234305704,0.876812062864376
2019-12-02,108246.0,109279.0,108245.0,109061.0,4708000,0.00765016215017611,13.187394059096944,14.870645473375696,13.914892601850266,0.948093268904558
2019-12-03,108931.0,109198.0,108190.0,108956.0,5223100,-0.0009627639577850511,6.326746296803806,14.307204633615648,13.879749390286724,0.9251440948639817
2019-12-04,108962.0,110301.0,108962.0,110301.0,4889500,0.012344432615000622,8.944269079220032,14.585488682994042,13.879631203918175,1.2139509161295001
2019-12-05,110297.0,111073.0,110008.0,110622.0,4399100,0.0029102184023717115,9.009990551408356,14.568292127706787,13.459365802827804,0.9627379725551879
2019-12-06,110623.0,111430.0,110623.0,111126.0,4968100,0.004556055757444222,7.962375819393813,14.595355993664649,13.497754052570457,0.7262026888396954
2019-12-09,111125.0,111453.0,110870.0,110977.0,4991500,-0.0013408203300757648,8.804159984943118,14.601153475726653,13.386904428490306,0.5253340782324266
2019-12-10,110973.0,111184.0,110133.0,110672.0,4758800,-0.002748317218883245,9.442648163878056,14.16160864211187,13.417810820421783,0.9496530287696978
2019-12-11,110672.0,111227.0,110530.0,110964.0,5146100,0.0026384270637560547,4.912253408428656,12.50238700129126,13.280726582110669,0.6281316462997009
2019-12-12,110963.0,112445.0,110963.0,112200.0,5682000,0.01113874770195733,8.715193427920175,12.879598716331287,13.44530003340446,1.320855614973262
2019-12-13,112205.0,112829.0,111780.0,112565.0,7712100,0.0032531194295899457,8.60275756563629,11.675010356912363,13.317357728802312,0.9319060098609692
2019-12-16,112565.0,113197.0,111896.0,111896.0,6078300,-0.005943232798827358,10.36667706640595,11.44238340100351,12.991896694445396,1.162686780581969
2019-12-17,111897.0,112695.0,111897.0,112616.0,5352500,0.006434546364481264,9.943445007463499,11.456786307500773,12.877949725501267,0.7086026852312283
2019-12-18,112618.0,114339.0,112300.0,114315.0,7940900,0.015086666193080855,12.782405731082955,12.093802281766246,13.466030569203339,1.783667935091633
2019-12-19,114313.0,115132.0,113712.0,115131.0,5784600,0.007138170843721259,12.063283141165167,11.547055303266488,13.520402422605132,1.233377630698943
2019-12-20,115133.0,115171.0,114526.0,115121.0,6887400,-8.685757962667573e-05,12.621904623066666,10.497190135793241,13.50400362826217,0.5602800531614562
2019-12-23,115119.0,115863.0,114964.0,115863.0,3995200,0.006445392239469827,8.558409155074012,10.178174731454028,13.275036687919945,0.7759163840052475
2019-12-26,115864.0,117220.0,115673.0,117203.0,3788900,0.01156538325436074,9.101410319759001,10.37586784297207,12.169936970558567,1.319932083649736
2019-12-27,117205.0,117803.0,115995.0,116534.0,3905900,-0.0057080450159125995,10.76451344808008,9.221336964312412,12.39237453165217,1.5514785384522973
2019-12-30,116530.0,117086.0,115790.0,115964.0,3667900,-0.0048912763656958624,11.801848789855946,9.690747289589986,11.690048166200981,1.1175882170328724
2020-01-02,115652.0,118573.0,115649.0,118573.0,5162700,0.022498361560484348,18.76727382062901,11.704826484521607,12.543340097892349,2.465991414571614
2020-01-03,118564.0,118792.0,117341.0,117707.0,6834500,-0.007303517664223769,20.963174516505124,12.28213737459619,12.926080817576075,1.2327219281775934
2020-01-06,117707.0,117707.0,116269.0,116878.0,6570000,-0.007042911636521154,20.45947360823565,12.78127406896461,13.188593388333972,1.2303427505604134
2020-01-07,116872.0,117076.0,115965.0,116662.0,4854100,-0.0018480809048752045,20.01795523220138,12.822374441958711,12.934757115382073,0.9523238072380038
2020-01-08,116667.0,117335.0,115693.0,116247.0,5910500,-0.0035572851485488055,19.822188523776667,12.588687567944085,12.32974559997733,1.4125095701394446
2020-01-09,116248.0,116820.0,115411.0,115947.0,5953500,-0.0025807117603035,4.041422867148828,12.711067805566161,12.149322826505893,1.215210397854192
2020-01-10,115948.0,116745.0,114952.0,115503.0,4783400,-0.0038293358172268865,3.161866109168642,12.852303886296493,12.20099464204163,1.5523406318450603
2020-01-13,115503.0,117333.0,115503.0,117325.0,5685100,0.015774482048085403,13.354721778196993,13.655597773274236,11.993359168211763,1.5597698700191776
2020-01-14,117325.0,117705.0,116610.0,117632.0,5361700,0.002616663115277973,13.17362393593716,13.512233939885391,11.96055103459568,0.9308691512513602
2020-01-15,117632.0,117632.0,116188.0,116414.0,5569400,-0.010354325353645222,15.547455070256182,14.277059043596452,12.539815370546414,1.2404006390983902
2020-01-16,116415.0,117106.0,115961.0,116704.0,5422700,0.0024911093167487852,15.366090487820616,13.91399562957168,12.508156254649258,0.9811146147518508
2020-01-17,116710.0,118479.0,116710.0,118478.0,4947200,0.015200850013709966,17.166698877305027,14.654898194297699,12.959266379793338,1.4931042050000845
2020-01-20,118478.0,118862.0,117928.0,118862.0,3843500,0.0032411080538159442,14.353300492663172,14.33144237999137,12.910481857403372,0.7857851962780367
2020-01-21,118861.0,118861.0,117026.0,117026.0,5085600,-0.01544648415809935,19.260612941480566,15.603099902120956,13.64251606589846,1.5680276177943362
2020-01-22,117035.0,118401.0,117035.0,118391.0,5765700,0.011664074650077794,18.843110135371465,15.279687921809176,13.92567089669192,1.15380392090615
2020-01-23,118391.0,119535.0,116906.0,119528.0,6572400,0.00960377055688344,19.291051314859942,15.413266529541996,14.072736510572234,2.1994846395823573
2020-01-24,119528.0,119593.0,118108.0,118376.0,4778700,-0.009637909109162734,18.953337511207593,15.910112377600644,14.467902182672912,1.254477258903832
2020-01-27,118347.0,118347.0,114376.0,114482.0,6097800,-0.03289518145570047,29.403310071381416,19.712909648995332,17.65092838036474,3.4686675634597575
2020-01-28,114482.0,116797.0,114475.0,116479.0,5229400,0.01744379029017673,32.77067534979533,20.26362162938021,18.26739759388563,1.9934923891860337
2020-01-29,116494.0,117171.0,115164.0,115385.0,5097800,-0.009392250963693005,31.106887701661023,20.428925360647856,18.312943964947724,1.7393942020193267
2020-01-30,115375.0,115528.0,112825.0,115528.0,6315600,0.001239329202235906,29.141823458094546,20.369120806421115,18.300691625740075,2.339692542067724
2020-01-31,115518.0,115518.0,113148.0,113761.0,6219900,-0.015294993421508196,29.777237450880378,19.26317568560208,18.799836797247742,2.08331502008597
2020-02-03,113761.0,115299.0,113467.0,114629.0,5512200,0.007630031381580693,20.783811548503074,19.42930343935412,18.835131075528146,1.598199408526638
2020-02-04,114631.0,116556.0,114631.0,115557.0,5829400,0.00809568259340998,16.564311428615103,19.561896480170407,18.475339581108123,1.665844561558365
2020-02-05,115563.0,117701.0,115562.0,116028.0,7173800,0.004075910589579124,15.251925527185827,19.61681248034895,18.399827305210717,1.8435205295273556
2020-02-06,116033.0,117382.0,114723.0,115190.0,7382400,-0.00722239459440821,16.362976459355263,19.73688906761725,18.529434786067817,2.308360100703186
2020-02-07,115190.0,115190.0,113769.0,113770.0,6594100,-0.012327458980814332,14.731830970184264,20.159295254069423,18.766866023530742,1.2490111628724618
2020-02-10,113771.0,114176.0,112134.0,112570.0,7486300,-0.010547596027072115,14.489931927354544,20.41812555500303,18.62119711100513,1.8139824109443012
2020-02-11,112574.0,115576.0,112574.0,115371.0,6767900,0.024882295460602277,24.47537046169114,21.57977856155171,20.044835989396127,2.6020403740974767
2020-02-12,115371.0,117581.0,115371.0,116674.0,8159200,0.01129399935859099,25.77681827144538,21.954481458288885,20.267339415608404,1.8941666523818501
2020-02-13,116660.0,116660.0,114801.0,115662.0,5635700,-0.008673740507739502,26.09476620189966,21.86502285760959,19.288151153853583,1.6072694575573654
2020-02-14,115663.0,115663.0,114132.0,114381.0,5335900,-0.01107537479898324,25.706394885883853,22.156346752201856,19.429859012807587,1.3385090181061539
2020-02-17,114381.0,115696.0,114381.0,115309.0,0,0.008113235589827017,23.678558587753184,21.638827376099552,19.508665932034976,1.140414017986454
2020-02-18,115309.0,115309.0,113532.0,114977.0,5548400,-0.0028792201822928076,15.824653588361597,21.584300398869203,19.517708462621403,1.5455264966036686
2020-02-19,114982.0,116545.0,114774.0,116518.0,6334100,0.013402680536107159,16.86356509849109,21.547909085210776,19.89549565972764,1.5199368337939203
2020-02-20,116518.0,116552.0,114379.0,114586.0,6793000,-0.016581129095933678,20.002395323906942,21.82148292539604,20.46824658195362,1.8963922294172062
2020-02-21,114585.0,114585.0,112661.0,113681.0,5896200,-0.007897998010228169,19.1850464965295,21.543449458890247,20.562736039798992,1.6924552035960276
2020-02-26,113647.0,113647.0,105053.0,105718.0,9369800,-0.07004688558334282,50.32816373770164,31.839793914115237,28.276182463581723,8.12917383983806
2020-02-27,105711.0,106656.0,102984.0,102984.0,11237700,-0.025861253523524863,48.948951433710505,31.154016012756745,28.95404518807918,3.5656024236774644
2020-02-28,102984.0,104172.0,99951.0,104172.0,11228400,0.011535772547191847,48.12376985920858,30.68527158887118,29.247172108139313,4.0519525400299505
2020-03-02,104260.0,107220.0,103779.0,106625.0,8858400,0.023547594363168667,58.22260296228316,32.192097095152214,30.243521364357306,3.227198124267292
2020-03-03,106630.0,108804.0,104405.0,105537.0,9385600,-0.010203985932004667,58.09960521214349,32.221550051516616,29.820938983955557,4.168206411021727
2020-03-04,105540.0,107809.0,105042.0,107224.0,8410500,0.01598491524299539,32.445687066012866,32.67064121767048,30.302565455502894,2.5805789748563757
2020-03-05,107217.0,107217.0,100536.0,102233.0,8598600,-0.04654741475789004,44.95180461429932,35.77465363552234,32.64084542409282,6.535071845685836
2020-03-06,102231.0,102231.0,96886.0,97997.0,11864200,-0.04143476176968297,50.8825595284007,37.52898022416605,33.98637283284996,5.454248599446922
2020-03-09,97982.0,97982.0,85880.0,86067.0,14645500,-0.12173842056389483,82.27646388416419,54.216819814998274,47.399259948130265,14.061138415420544
2020-03-10,86071.0,92230.0,86071.0,92214.0,13531700,0.07142110216459274,115.20798835513608,61.699136961289206,53.007817129431125,6.679029214652872
2020-03-11,92202.0,92202.0,80796.0,85171.0,11786900,-0.0763766890060078,113.42484176035903,65.87854005002698,56.20317540193794,13.391882213429454
2020-03-12,85103.0,85103.0,68488.0,72583.0,12008700,-0.147796785290768,135.98800948950043,80.75336099389435,68.46724421644184,22.891035090861497
2020-03-13,72621.0,83758.0,72621.0,82678.0,15766300,0.13908215422344083,199.65822829017793,96.74620931773792,81.70798882413757,13.470330680471227
2020-03-16,82565.0,82565.0,70855.0,71168.0,12847800,-0.1392147850697888,205.18699424785459,105.45667299508052,89.80694540191256,16.45402428057554
2020-03-17,71178.0,77255.0,70783.0,74617.0,14945900,0.048462792266187105,198.53666118714855,108.12897338222913,91.63556666853172,8.673626653443584
2020-03-18,74576.0,74576.0,63547.0,66895.0,16751500,-0.10348848117721166,202.96544586396016,112.01092746956853,95.1285272717138,16.487031915688767
2020-03-19,66883.0,70071.0,61691.0,68332.0,16144700,0.02148142611555426,181.028100185847,112.56992316120262,95.50153879441659,12.263653924954633
2020-03-20,68344.0,72247.0,66120.0,67069.0,15152400,-0.01848328747878003,127.80610985299761,112.36293475424705,95.32224256340707,9.135368053795345
2020-03-23,67067.0,67604.0,62161.0,63570.0,11962200,-0.052170153125885244,95.28634223425149,111.98947122564739,95.83879746665323,8.562214881233286
2020-03-24,63604.0,71535.0,63604.0,69729.0,11679900,0.09688532326569144,120.37249535110696,119.81803342697712,101.44425813342042,11.374033759268023
2020-03-25,69727.0,76714.0,69360.0,74956.0,12951100,0.07496163719542803,98.88491052054549,124.28085755808458,104.68465277795357,9.811089172314425
2020-03-26,74956.0,78846.0,74923.0,77710.0,12758000,0.036741555045626706,99.18104454362947,124.00679801733567,105.09658791899825,5.048256337665681
2020-03-27,77708.0,77708.0,73057.0,73429.0,10301400,-0.055089435079140436,112.41521065091695,124.8414106365749,105.6370909323528,6.334009723678656
2020-03-30,73431.0,75430.0,73184.0,74640.0,9032200,0.016492121641313418,93.52291187046742,124.97574774927445,105.98061059235819,3.0091103965702035
2020-03-31,74629.0,75511.0,72385.0,73020.0,11141500,-0.02170418006430863,80.2356634866711,124.30161410825433,106.0147688533888,4.2810188989318
2020-04-01,73011.0,73011.0,69569.0,70967.0,10093500,-0.0281155847712955,58.24161692393379,124.37133591658561,105.91823267391558,4.850141615116885
2020-04-02,70969.0,73861.0,70957.0,72253.0,10540200,0.01812109853875743,49.62188550428343,124.44218590066818,106.28157550118766,4.019210275005882
2020-04-03,72241.0,72241.0,67802.0,69538.0,10411300,-0.03757629440992072,41.37048813974594,124.20003980484198,106.20163461107298,6.383560067876556
2020-04-06,69556.0,75260.0,69556.0,74073.0,9685400,0.06521614081509397,67.59148407499771,126.83031261113184,108.70260617446286,7.7005116574190335
2020-04-07,74078.0,79855.0,74078.0,76358.0,11286500,0.030847947295235878,67.65436512871328,120.78323599382034,109.41133042487252,7.565677466670159
2020-04-08,76335.0,79058.0,76115.0,78625.0,10206300,0.029689096099950296,59.220015697975015,118.39037675397812,108.53605145382154,3.7430842607313197
2020-04-09,78640.0,80428.0,77457.0,77682.0,10748700,-0.011993640699523023,63.899730934165376,115.55673156416972,108.40665462492618,3.8245668237172064
2020-04-13,77682.0,78836.0,76405.0,78836.0,7651300,0.014855436265801547,44.49361554257582,102.68197842003319,108.46036386673022,3.0836166218478867
2020-04-14,78848.0,81668.0,78848.0,79918.0,8593600,0.013724694302095442,27.45336583232175,90.68488839173344,108.25761812541144,3.5286168322530593
2020-04-15,79911.0,80035.0,77546.0,78831.0,9758400,-0.013601441477514409,29.760154717244685,75.57081970187775,108.27010890550197,3.1573873222463247
2020-04-16,78837.0,80167.0,77452.0,77812.0,9028400,-0.012926386827517122,23.615475176764804,74.20063699806818,108.05200622951648,3.489179046933635
2020-04-17,77817.0,79846.0,77754.0,78990.0,8317800,0.015139053102349198,24.22129861247098,63.323116593215985,107.63499368625764,2.6484365109507535
2020-04-20,78989.0,80106.0,76943.0,78973.0,8874700,-0.00021521711609062688,22.007755135506464,63.216848503291935,107.12712077736643,4.0051663226672405
2020-04-22,78973.0,81184.0,78973.0,80687.0,9848900,0.02170362022463368,25.49792104951301,62.653351076723055,101.45041192101603,2.7402183747072018
2020-04-23,80690.0,81934.0,78622.0,79673.0,10823500,-0.012567080198792824,25.10625332875981,59.139482134254386,99.19833495012956,4.156991703588417
2020-04-24,79667.0,79667.0,72041.0,75331.0,16529200,-0.05449775959233372,47.90666901720904,54.66733788509423,97.98595383367686,10.123322403791269
2020-04-27,75334.0,78563.0,75327.0,78239.0,10656900,0.038602965578579784,56.56925952401003,49.99245405487993,88.33599908396921,4.136044683597694
2020-04-28,78243.0,81427.0,78243.0,81312.0,12939000,0.03927708687483222,63.5989926554989,50.21837475683496,79.35445014050309,3.9157811885084612
2020-04-29,81313.0,83598.0,81313.0,83171.0,11719700,0.022862554112554223,63.77855824093537,46.01183960321876,67.55024706150644,2.747351841387022
2020-04-30,83169.0,83169.0,80168.0,80506.0,11804600,-0.03204241863149415,68.7934005166425,47.70437193299239,67.19054228414154,3.7276724716170224
2020-05-04,80501.0,80502.0,77640.0,78876.0,8594200,-0.02024693811641365,53.37876443760384,47.60786413131405,59.58372376197103,3.6284801460520306
2020-05-05,78887.0,81066.0,78886.0,79471.0,9154700,0.007543485977990816,46.946938488313975,46.146916302695736,59.40935374460765,2.7431390066816825
2020-05-06,79473.0,79996.0,78056.0,79064.0,9775900,-0.005121365026235947,34.56702309476985,46.06766518418123,59.06163296177795,2.4537083881412527
2020-05-07,79072.0,80061.0,78061.0,78119.0,13808900,-0.01195234240615195,23.789448911298127,43.909456109668675,56.713683960859726,2.560196623100654
2020-05-08,78152.0,80557.0,78152.0,80263.0,10734400,0.02744530779963905,29.571858052946997,39.17691852456526,50.425874441384686,2.996399337179024
2020-05-11,80263.0,80723.0,78994.0,79065.0,9781900,-0.014925931001831483,27.498116242171903,38.444206570458604,46.16755173450516,2.1868083222664896
2020-05-12,79065.0,80344.0,77872.0,77872.0,10245400,-0.01508885094542467,28.569899514642707,37.48932710148754,45.231218816875675,3.174440106841997
2020-05-13,77877.0,78911.0,77152.0,77772.0,11575900,-0.0012841586192726684,28.59883618471738,37.24730574746807,42.06642895959933,2.2617394435015172
2020-05-14,77770.0,79011.0,75697.0,79011.0,13818900,0.015931183459342746,30.014786177339992,37.30203078327051,42.05024345958695,4.194352685069168
2020-05-15,79011.0,79538.0,77426.0,77557.0,11718200,-0.018402500917593767,22.679923381945077,37.51234669061105,41.897508156641535,2.723158451203631
2020-05-18,77576.0,81420.0,77571.0,81194.0,11533100,0.04689454207872923,42.47367121862433,40.70237575286465,42.78918938228665,4.740498066359583
2020-05-19,81197.0,82175.0,80647.0,80742.0,10740100,-0.005566913811365426,40.0171358908722,40.447732074859765,42.70131432513132,1.892447548983181
2020-05-20,80747.0,82290.0,80740.0,81319.0,9522800,0.007146218820440309,39.29033016179576,40.216457128019634,40.83887879376897,1.9060736113331447
2020-05-21,81320.0,83309.0,81317.0,83027.0,11395200,0.021003701471980607,39.996455519025496,40.7578656471418,37.061229368469355,2.399219530995941
2020-05-22,83027.0,83027.0,81669.0,82173.0,9281200,-0.010285810639912296,36.60940011202741,40.3833307967239,36.39044184606594,1.6526109549365362
2020-05-25,82198.0,85876.0,82193.0,85663.0,8764400,0.04247137137502577,33.98137199908903,42.46986870148271,37.388993193403614,4.299405811143667
2020-05-26,85668.0,87333.0,85396.0,85469.0,12030800,-0.002264688371875878,33.0377135299486,36.92898616368304,37.152620154801156,2.2663187822485344
2020-05-27,85468.0,87946.0,85468.0,87946.0,11212000,0.028981268062104437,34.76865828811715,36.00694745005043,37.75009114623257,2.8176380961044276
2020-05-28,87946.0,88091.0,86767.0,86949.0,10117000,-0.011336501944374966,39.13216142668422,34.31136771059584,37.88327681941179,1.5227317162934593
2020-05-29,86951.0,87410.0,85384.0,87403.0,16550900,0.005221451655568199,35.57627179558093,33.58823499905931,37.55401515640077,2.3179982380467488
2020-06-01,87395.0,89019.0,86837.0,88620.0,9849400,0.013924007185108112,24.54521809716927,31.31616027800661,37.32559603440739,2.462198149401941
2020-06-02,88622.0,91046.0,88622.0,91046.0,11827300,0.027375310313698886,26.510144624779,30.86537835058496,37.791063075301764,2.662390439997364
2020-06-03,91048.0,93710.0,91048.0,93002.0,15137900,0.021483645629681636,24.053441553252323,31.269499562910465,38.05225721534468,2.862304036472334
2020-06-04,92993.0,94132.0,92221.0,93829.0,11488000,0.008892281886411002,14.38699175649324,30.920514159083773,37.7653828892168,2.0366837544895504
2020-06-05,93839.0,97356.0,93839.0,94637.0,13320300,0.008611410118406937,13.014973625264389,30.025608046210966,37.390902134023925,3.7163054619229268
2020-06-08,94640.0,97693.0,94635.0,97645.0,11096500,0.0317846085569069,16.797529597888726,30.390630281960068,33.40543869595744,3.131752777920016
2020-06-09,97644.0,97644.0,95386.0,96747.0,11278800,-0.009196579445952202,24.481112903000987,29.869551785921438,32.57420075747329,2.333922498888854
2020-06-10,96747.0,97646.0,94665.0,94686.0,11739600,-0.021302986139105085,32.057873770444395,30.59143489952459,32.13617290861291,3.14830069915299
2020-06-12,94677.0,94703.0,90811.0,92795.0,12785600,-0.019971273472319084,35.508575436908735,32.07265795389725,32.4961741523352,4.194191497386713
2020-06-15,92780.0,93112.0,90148.0,92376.0,13317500,-0.004515329489735431,34.233709495709725,32.26830098727223,30.78808851025063,3.2086256170433876
2020-06-16,92387.0,95216.0,92387.0,93531.0,12034200,0.012503247596778344,21.780578911712723,30.868260310820578,29.926315174706897,3.024665618885717
2020-06-17,93531.0,96611.0,93531.0,95547.0,11134700,0.02155435096385161,30.39512823369477,28.085366751119267,30.26808753772705,3.223544433629523
2020-06-18,95547.0,97110.0,94698.0,96125.0,10008500,0.006049378839733333,25.448239515196324,27.66718673284747,30.073250806854006,2.509232769830949
2020-06-19,96138.0,97540.0,95874.0,96572.0,13134400,0.004650195058517603,15.383691448567763,27.69587069745647,29.55871587819004,1.7251377210785734
2020-06-22,96572.0,96870.0,94869.0,95336.0,8264700,-0.012798740835853084,20.05912325661662,28.22236219727154,29.47167550369747,2.0988923386758414
2020-06-23,95344.0,97486.0,95344.0,95975.0,9752700,0.006702609717210706,19.35609757974985,27.53518409966256,28.80146744612419,2.2318312060432404
2020-06-24,95974.0,95974.0,93259.0,94377.0,9962700,-0.0166501693149258,18.01521406094471,25.642532885122566,28.90717966802897,2.876760227597826
2020-06-25,94382.0,96260.0,94152.0,95983.0,8697900,0.017016857920891804,22.40676656095218,25.847262650137264,28.96074077119418,2.196222247689695
2020-06-26,95979.0,95979.0,93514.0,93834.0,8439100,-0.02238938145296565,26.54753479617905,26.132821827448993,30.065036471974754,2.626979559647889
2020-06-29,93837.0,95735.0,93825.0,95735.0,8906800,0.020259181107061375,30.930516722583484,26.207303163782385,29.428565492097192,1.9950906147177105
2020-06-30,95728.0,96257.0,94806.0,95056.0,10144500,-0.007092494907818492,30.875184523403163,26.523104918942707,27.175489074658692,1.5264686079784549
2020-07-01,95062.0,96852.0,95062.0,96203.0,10163300,0.012066571284295557,28.81898913516751,26.444438985663073,27.036837882213554,1.8606488363148759
2020-07-02,96206.0,97864.0,96052.0,96235.0,10062900,0.0003326299595647342,26.39321395498638,25.06198792914369,27.083736932534624,1.8828908401309297
2020-07-03,96237.0,96765.0,95803.0,96765.0,5351600,0.0055073517950849915,16.718660080542026,24.152766794003846,26.695912454782533,0.994161111972304
2020-07-06,96776.0,99257.0,96768.0,98937.0,9489400,0.022446132382576423,17.905994481161017,25.078672401396684,26.725923565196208,2.5157423410857414
2020-07-07,98937.0,98938.0,97272.0,97761.0,8951400,-0.011886351920919358,20.377135369474075,25.466551417610873,24.92345224509386,1.7041560540501834
2020-07-08,97765.0,99973.0,97765.0,99770.0,9142700,0.02055011712236987,22.795323253899998,24.050647566926294,25.257727084783994,2.2130901072466673
2020-07-09,99770.0,100191.0,98861.0,99160.0,0,-0.006114062343389848,24.451964333120475,23.907077486559245,24.432112227131373,1.3412666397741024
2020-07-10,99160.0,100101.0,98739.0,100032.0,9147200,0.008793868495361012,24.512967145086154,22.560022216001734,24.018402775915053,1.3615642994241843
2020-07-13,100027.0,100858.0,98697.0,98697.0,10382300,-0.013345729366602721,23.21715729726649,21.82531839707488,24.585793051653127,2.1895295703010222
2020-07-14,98699.0,100632.0,98289.0,100440.0,10019400,0.017660111249582,23.482355600673607,22.207812298068532,24.737907212385764,2.3327359617682197
2020-07-15,100444.0,102114.0,100444.0,101791.0,9285600,0.013450816407805766,21.030378884203625,22.2554374398124,23.925034053996708,1.6406165574559637
2020-07-16,101791.0,101792.0,100160.0,100553.0,8127100,-0.012162175437907097,23.20488491521118,21.992892469315166,23.755005099895115,1.6230246735552394
2020-07-17,100554.0,103017.0,100554.0,102888.0,10429400,0.02322158463695767,27.402515850122704,23.115371182685006,24.432253413670786,2.393865173781199
2020-07-20,102888.0,104439.0,102744.0,104426.0,8931800,0.01494829328979086,21.75022490154276,23.461390531257695,24.62270173309304,1.62315898339494
2020-07-21,104426.0,105449.0,103732.0,104310.0,11105800,-0.0011108344665121672,22.431154437287454,22.756098029586227,23.128201337091486,1.6460550282810853
2020-07-22,104312.0,104980.0,103277.0,104290.0,10833700,-0.0001917361710286336,22.30656428893839,22.793139370128976,22.88501400175987,1.6329465912359766
2020-07-23,104291.0,104949.0,102119.0,102293.0,10366600,-0.01914852814267909,25.937207814234863,23.0936479541378,22.697169473539493,2.7665627169014497
2020-07-24,102292.0,102694.0,100859.0,102382.0,9795200,0.000870049759025493,19.24440896545506,22.614314518732385,21.67050503512325,1.792307241507296
2020-07-27,102381.0,104585.0,102381.0,104477.0,9622400,0.020462581313121397,22.270407662399656,21.347250128150712,22.085666607797716,2.1095552131091053
2020-07-28,104477.0,104663.0,103592.0,104109.0,9087100,-0.0035223063449371095,22.4234884834532,20.818599052096697,22.050810421054234,1.0287295046537763
2020-07-29,104112.0,105704.0,104112.0,105605.0,9238300,0.014369554985639965,24.73404057873441,20.694160840421496,21.63894794216783,1.5075043795274845
2020-07-30,105605.0,105607.0,103920.0,105009.0,9591700,-0.005643672174612924,18.26227330688768,20.852236238370295,21.780937065598586,1.6065289641840224
2020-07-31,105010.0,105462.0,102642.0,102912.0,12929300,-0.019969716881410138,25.86325574584268,22.458359573680003,22.769338851891366,2.740205223880597
2020-08-03,102913.0,103863.0,102304.0,102830.0,10901000,-0.0007967972636815368,19.470154444270715,22.486253960210824,22.34308709193423,1.5160945249440825
2020-08-04,102826.0,103012.0,100005.0,101216.0,12029800,-0.0156958086161626,21.4490393184225,22.20906180426908,22.92307898341516,2.9708741700916854
2020-08-05,101220.0,103763.0,101220.0,102802.0,10922100,0.015669459374012096,22.215632149400925,22.2180340454936,22.564541559260594,2.4736872823485925
2020-08-06,102733.0,104523.0,102733.0,104126.0,9686600,0.012879126865236179,25.654173606738066,21.582191058665387,22.37146420330398,1.7190711253673434
2020-08-07,104116.0,104126.0,101957.0,102776.0,10337100,-0.012965061560033075,22.816322186267907,22.037413234217766,21.602385624047294,2.1104148828520275
2020-08-10,102776.0,103722.0,101282.0,103444.0,8259500,0.006499571884486688,23.275786248746588,21.95984750227938,21.01429195911264,2.3587641622520397
2020-08-11,103449.0,104409.0,102174.0,102174.0,9360900,-0.012277174123197065,21.783950722342464,21.870603638437053,21.275679683166988,2.1874449468553645
2020-08-12,102176.0,103116.0,100698.0,102118.0,10114200,-0.0005480846399279482,18.082604244711874,21.096460262846776,21.095989787454148,2.3678489590473766
2020-08-13,102118.0,103237.0,100187.0,100461.0,10721300,-0.01622632640670596,15.316387203356838,21.370208213869983,21.7506537575922,3.0360040214610646
2020-08-14,100469.0,101717.0,100445.0,101353.0,8576300,0.008879067498830384,17.71298214859504,21.1704515402769,21.826130559954763,1.2550195850147505
2020-08-17,101348.0,101689.0,98513.0,99595.0,10816200,-0.017345317849496333,17.968781805471437,20.32243632923976,21.57484203599381,3.188915106180029
2020-08-18,99597.0,102247.0,99597.0,102065.0,9418700,0.024800441789246452,28.155612579296974,21.573382330989624,22.377831330042625,2.59638465683633
2020-08-19,102072.0,102334.0,100800.0,100854.0,10025800,-0.011864987997844523,29.391271111148036,21.89949598608227,21.952136994345224,1.5210105697344676
2020-08-20,100853.0,101749.0,99131.0,101468.0,9405000,0.006088008408194012,26.920172863738134,22.05471579860333,21.919802713383437,2.580123782867505
2020-08-21,101460.0,101566.0,100412.0,101521.0,9100200,0.0005223321638347933,26.24181667229045,21.069865602048278,21.79033334128146,1.136710631297958
2020-08-24,101525.0,102515.0,101525.0,102298.0,7723000,0.007653588912638787,21.05681310215525,21.246690879246287,21.47148752230382,0.9677608555396977
2020-08-25,102293.0,102708.0,101623.0,102118.0,8170900,-0.0017595651918903554,12.288816072834576,19.90851386008895,20.914878415836675,1.062496327777669
2020-08-26,102119.0,102521.0,99359.0,100627.0,9861200,-0.014600755988170566,14.004547925709346,20.447120684198865,21.001371153159447,3.1422977928389004
2020-08-27,100625.0,101548.0,99857.0,100624.0,7360600,-2.9813072038309407e-05,12.838606462818191,19.62745686381601,20.69801470871065,1.680513595166163
2020-08-28,100631.0,102347.0,100631.0,102143.0,7665700,0.015095802194307506,17.653060727285563,20.46916225918647,20.032714411361834,1.6799976503529366
2020-08-31,102142.0,102142.0,99369.0,99369.0,12226100,-0.0271580039748196,25.347224595773703,21.427067797431953,20.967563342171918,2.790608741156699
2020-09-01,99382.0,102238.0,99382.0,102168.0,9384700,0.028167738429490052,35.243639927554796,23.780439510068778,22.671058867499116,2.795395818651633
2020-09-02,102168.0,102824.0,100872.0,101911.0,7557900,-0.002515464724767047,32.99849952562338,23.12768622860279,22.67748852838485,1.9153967677679544
2020-09-03,101911.0,103226.0,99751.0,100721.0,12611000,-0.01167685529530671,34.605028496339166,22.79446566931665,22.24777431495629,3.450124601622303
2020-09-04,100733.0,101582.0,98961.0,101242.0,11327400,0.005172704798403593,32.606374576034554,22.360745706491663,22.30435294328095,2.588846526145276
2020-09-08,101239.0,101239.0,99373.0,100050.0,8479000,-0.011773769779340637,26.212176501975964,22.28573556727128,21.64666461595568,1.8650674662668665
2020-09-09,100050.0,101578.0,100050.0,101292.0,7955600,0.012413793103448256,16.802133413140822,22.63415945540162,21.997748449145043,1.5085100501520357
2020-09-10,101291.0,101536.0,98687.0,98835.0,8894600,-0.024256604667693416,23.31393090145365,23.745730267044244,22.522263312924462,2.8825820812465217
2020-09-11,98839.0,99435.0,97758.0,98363.0,9107900,-0.004775636161278851,22.768178661419743,23.770097643779316,22.511827161537823,1.7049093663267691
2020-09-14,98367.0,100520.0,98367.0,100275.0,8182100,0.019438203389485986,28.238361993632182,24.22559301443386,22.687180352355913,2.1470954874096235
2020-09-15,100277.0,100949.0,99647.0,100298.0,9216700,0.00022936923460492586,26.81486748011533,24.011514067995567,22.689009458546145,1.2981315679275758
2020-09-16,100299.0,100663.0,99663.0,99676.0,7139400,-0.00620151947197356,24.835914069870903,23.32034153002934,22.308566231501178,1.0032505317227818
2020-09-17,99674.0,100251.0,98562.0,100098.0,0,0.0042337172438702275,16.337630169092108,21.605411577587393,21.833212699443944,1.687346400527483
2020-09-18,100098.0,100102.0,98045.0,98290.0,11370300,-0.01806229894703193,21.88869462727355,22.1048348477508,21.990176132185656,2.092786651744837
2020-09-21,98283.0,98283.0,95820.0,96991.0,9738000,-0.013215993488655986,14.621018777108594,22.320690256498242,22.001336805611356,2.5394108731737997
2020-09-22,96995.0,97684.0,96390.0,97294.0,7281300,0.003124001195987214,15.58581650907292,22.376627539507858,21.911768893572315,1.3299895163113862
2020-09-23,97294.0,97389.0,95728.0,95735.0,8830700,-0.016023598577507348,17.138610080212818,22.601192566594,22.0913858747983,1.734997649762365
2020-09-24,95735.0,97955.0,95653.0,97012.0,9331000,0.013338904266986917,21.811452251983766,23.30454869709914,22.536880996534688,2.372902321362306
2020-09-25,97011.0,97012.0,95632.0,96999.0,7351100,-0.0001340040407372678,19.21052761531806,22.880280753400193,22.10856362549579,1.4226950793307147
2020-09-28,97005.0,98314.0,94371.0,94666.0,10508900,-0.024051794348395328,23.945907936847917,24.144518558884908,22.867347234623654,4.165170177254769
2020-09-29,94665.0,95505.0,93408.0,93580.0,8737200,-0.011471911774026622,23.151292287735853,23.40724735039734,22.590380310603642,2.2408634323573415
2020-09-30,93586.0,95340.0,93584.0,94603.0,9454300,0.010931823039110888,24.86793686522282,22.366542117458625,21.49283925011992,1.8561779224760315
2020-10-01,94604.0,95486.0,93599.0,95479.0,9243500,0.00925974863376422,23.37812935590193,19.9564715029575,21.559700004603936,1.9763508205992941
2020-10-02,95475.0,95996.0,93897.0,94016.0,8584900,-0.015322741126320927,24.620632280855997,20.394028674499225,21.776586858745116,2.2325987066031314
2020-10-05,94019.0,96414.0,93984.0,96089.0,8616000,0.02204943839346485,25.226218843330024,22.024339690560303,22.89673710963351,2.5289054938650626
2020-10-06,96091.0,97405.0,95211.0,95615.0,11299600,-0.004932926765810808,23.193554297386473,21.878860542365114,22.738517682644435,2.2946190451289024
2020-10-07,95616.0,96380.0,94881.0,95526.0,9829900,-0.0009308162945144138,22.609521559471503,21.628796267609882,22.741023565553625,1.5692062893871828
2020-10-08,95530.0,97938.0,95530.0,97920.0,11163600,0.025061239871867258,27.94789604176051,23.093226215420994,23.73354073403055,2.4591503267973858
2020-10-09,97924.0,98642.0,97161.0,97483.0,10810500,-0.004462826797385633,23.662421823231938,21.606766285074023,23.755796653177754,1.5192392519721387
2020-10-13,97483.0,98998.0,97336.0,98503.0,7867500,0.010463362842752177,20.324276658967722,21.876009395198174,23.52070482561162,1.687258256093723
2020-10-14,98502.0,99571.0,98501.0,99334.0,8891000,0.008436291280468522,18.307640364324225,20.9673795025077,22.326414906641727,1.0771739786981296
2020-10-15,99328.0,99486.0,97778.0,99054.0,8335200,-0.0028187730283689705,18.908446391326237,20.983058604497558,20.685340931311956,1.724311991439013
2020-10-16,99054.0,99172.0,98309.0,98309.0,7840200,-0.007521150079754513,12.840849345215984,21.033071320616493,20.76898447875904,0.8778443479233844
2020-10-19,98310.0,99917.0,98310.0,98658.0,9929400,0.0035500310246263656,11.99653914267857,21.014706617965693,20.56403082138891,1.6288592916945406
2020-10-20,98664.0,100722.0,98664.0,100540.0,8796000,0.019075999918911846,16.38801954905217,21.065634097730808,21.285809927571073,2.0469464889596183
2020-10-21,100541.0,101586.0,100149.0,100552.0,8661100,0.00011935548040575839,16.07651185197858,20.415263745361905,20.998362523938876,1.429111305593126
2020-10-22,100553.0,102020.0,100457.0,101918.0,9556900,0.013585010740711168,16.86804490053643,20.81856848617329,21.059964404819986,1.5335858238976432
2020-10-23,101918.0,102218.0,101188.0,101260.0,7561100,-0.0064561706469906666,16.34865295025553,20.00576000281142,19.85445362821007,1.017183488050563
2020-10-26,101260.0,101784.0,99762.0,101017.0,8070400,-0.0023997629863716785,17.41546098061766,19.696735945084107,19.807489627192172,2.001643287763446
2020-10-27,101017.0,101660.0,99414.0,99606.0,8672300,-0.013967945989288966,16.08108360757392,20.454122096535794,19.463187492960436,2.2548842439210492
2020-10-28,99598.0,99598.0,95369.0,95369.0,11051600,-0.04253759813665847,32.7298301620841,24.03489377251326,23.013673119653276,4.434354979081253
2020-10-29,95368.0,96688.0,93387.0,96582.0,12704400,0.012719017710157487,32.334150091515774,23.98223360840551,23.334319122127635,3.4178211260897475
2020-10-30,96579.0,96579.0,93559.0,93952.0,10643200,-0.02723074693006977,34.0061488275348,25.696442586405983,24.481226056707246,3.2144073569482288
2020-11-03,93968.0,96250.0,93968.0,95587.0,10191800,0.017402503405994585,40.749711527525854,26.223670814220444,24.615959187631407,2.3873539288815424
2020-11-04,95992.0,98296.0,95987.0,97811.0,10704600,0.023266762216619385,46.97930666761146,26.750232760963122,25.28047156035475,2.360675179683267
2020-11-05,97873.0,100922.0,97872.0,100774.0,10455300,0.03029311631616083,35.74245119916582,27.664675249980945,26.719860627881665,3.0265743148034217
2020-11-06,100751.0,100928.0,99837.0,100799.0,8382800,0.00024807986186914377,36.516495051692075,27.549263265218737,26.214015390199773,1.0823520074603914
2020-11-09,100954.0,105147.0,100954.0,103913.0,17410500,0.03089316362265504,19.94259782101126,29.18361470579518,27.351482078109367,4.035106290839452
2020-11-10,103516.0,105758.0,103453.0,105351.0,16665200,0.013838499514016611,20.436801119957675,28.42066610997587,27.536507830391578,2.1879241772740645
2020-11-11,105067.0,105462.0,104143.0,104532.0,10841000,-0.00777401258649657,27.64219167279565,28.562445996310874,26.537942317143788,1.261814563961275
2020-11-12,104810.0,105019.0,102034.0,102175.0,10860300,-0.022548119236214803,32.45392606092317,29.808254415317055,27.263222792354963,2.921458282358698
2020-11-13,102509.0,104707.0,102509.0,104512.0,9772100,0.02287252263273798,35.1388835105541,30.614894869047017,27.77700260064761,2.103107777097367
2020-11-16,104729.0,106518.0,104729.0,106430.0,11724300,0.018351959583588595,30.719139568441012,31.01844621093075,28.06506518750476,1.6809170346706754
2020-11-17,106430.0,107810.0,105847.0,107229.0,10311000,0.007507281781452546,29.882217136374585,30.77492931328395,27.489011955596084,1.8306614815022055
2020-11-18,107246.0,107467.0,106217.0,106483.0,10337300,-0.0069570731798300756,29.689916931989345,31.02247756360978,27.1670055081754,1.173896302696205
2020-11-19,106117.0,106973.0,105545.0,106517.0,8555700,0.00031929979433331646,19.610447253352774,30.537187707490745,27.066594107162366,1.340631072974267
2020-11-23,106050.0,107495.0,106050.0,107379.0,9686000,0.008092604936301262,15.016627017371576,30.569589408976523,27.05743494657686,1.34570074223079
2020-11-24,107378.0,109956.0,107361.0,109786.0,11934800,0.022415928626640325,17.31540473832319,31.09217007783367,26.889249758081217,2.363689359299
2020-11-25,109786.0,110596.0,109315.0,110133.0,8564700,0.003160694441914247,17.39539357347066,30.87285583989209,26.77228363058277,1.163139113617172
2020-11-26,110133.0,110245.0,109418.0,110227.0,6166800,0.0008535134791569643,14.54903127127526,30.805872133204176,26.722166406585966,0.7502698975750043
2020-11-27,110229.0,111603.0,110161.0,110575.0,8790300,0.0031571212134957616,13.854898816707811,30.086032152898962,26.687953115695795,1.3040922450825232
2020-11-30,110598.0,110934.0,108829.0,108888.0,19300000,-0.015256613158489696,21.221588645318988,25.818071504470403,27.191349881469918,1.9331790463595622
2020-12-01,108897.0,111840.0,108897.0,111335.0,11324800,0.022472632429652473,21.254510477126885,26.33205122385689,27.54120365771608,2.643373602191584
2020-12-02,111402.0,112315.0,110579.0,111814.0,9814300,0.00430233080343112,21.279532507815237,23.265886068275478,27.540281272418376,1.552578389110487
2020-12-03,111874.0,113377.0,111874.0,112919.0,11474200,0.009882483409948684,21.639839053118546,23.04503438807839,27.239710485603432,1.331042605761652
2020-12-04,112294.0,113864.0,112294.0,113682.0,8892900,0.006757055942755441,21.606853241610484,22.372781045103455,27.225026433563826,1.3810453721785332
2020-12-07,113751.0,114531.0,112629.0,113625.0,9633900,-0.0005013986383068936,13.720090307901947,20.87466666881425,27.110835403129546,1.6739273927392737
2020-12-08,113590.0,114381.0,112820.0,113571.0,8810900,-0.00047524752475247567,7.213150021603132,20.900454252220406,26.96979795008006,1.3744705954865237
2020-12-09,113799.0,114020.0,112567.0,112722.0,8431100,-0.007475499907546812,10.832969380915388,19.252627946260358,27.113737405056693,1.289011905395575
2020-12-10,113002.0,115262.0,112732.0,114992.0,11803600,0.02013803871471409,16.64043531253181,19.776757697979242,26.972789343248543,2.2001530541255043
2020-12-11,115128.0,115527.0,113949.0,115323.0,8372300,0.002878461110338071,16.416160494771788,19.299062449633173,22.935862968239874,1.3683306885877058
2020-12-14,115137.0,115740.0,114431.0,114975.0,8190900,-0.0030176114044899727,16.837636698830185,16.847180045099275,23.015646041584294,1.1385083713850837
2020-12-15,114613.0,116390.0,114613.0,116146.0,8195100,0.010184822787562497,17.37902054764465,15.754534704838433,20.777166166569643,1.5299708986964682
2020-12-16,116149.0,118178.0,115496.0,117947.0,9808100,0.01550634546174634,14.840610987169672,15.48107220133893,20.7032038956855,2.2739026851043267
2020-12-17,117864.0,119027.0,117856.0,118157.0,7701400,0.0017804607154061625,11.647120148384632,15.488972793938805,20.176246479306332,0.9910542752439552
2020-12-18,118395.0,119370.0,117639.0,117679.0,8636000,-0.004045464932251108,13.505404129331083,15.244320679165794,19.066180981435405,1.470950636902081
2020-12-21,118021.0,118021.0,114730.0,116016.0,10347100,-0.01413166325342674,18.549067790330763,16.547606493208985,19.83416275651935,2.8366776996276375
2020-12-22,115825.0,116903.0,115648.0,116348.0,6947900,0.002861674251827262,17.154358114000978,16.488787437657177,18.224926335141937,1.0786605700140957
2020-12-23,116636.0,118311.0,116636.0,117857.0,6483300,0.01296971155499027,15.786526083018106,15.442163805731896,18.185198074750016,1.4212138438955684
2020-12-28,117806.0,119213.0,117805.0,119051.0,7171700,0.010130921370813839,17.443658304105785,15.614731214877914,17.932817756107074,1.1826864117059075
2020-12-29,119130.0,119861.0,118750.0,119475.0,6769700,0.0035614988534324876,16.72563667637651,15.579345253433782,16.01685826074564,0.9299016530654949
2020-12-30,119410.0,120150.0,118919.0,119306.0,8235700,-0.0014145218664992631,9.246030081563005,15.686547091120683,15.225533377912246,1.0318005800211223
2021-01-04,119024.0,120354.0,118062.0,118558.0,8741400,-0.006269592476489061,12.620206110494017,14.590817242585457,14.944057720094698,1.9332309924256483
2021-01-05,118835.0,119790.0,116756.0,119223.0,9257100,0.005609068978896348,10.074294601539199,12.997689328819465,14.911532399694666,2.544810984457697
2021-01-06,119377.0,120924.0,118917.0,119851.0,11638200,0.005267440007381108,8.097457918233005,13.011389762773215,14.577856037126963,1.6745792692593304
2021-01-07,119103.0,121983.0,119101.0,121956.0,11774800,0.017563474647687594,14.261252266936491,13.748978923263543,15.049585382136879,2.3631473646233068
2021-01-08,122387.0,125324.0,122386.0,125077.0,11085800,0.025591196825084372,19.533814275588018,15.686637327677921,16.21536070953482,2.3489530449243268
2021-01-11,125075.0,125075.0,122506.0,122807.0,9537600,-0.01814882032667875,26.25856061848417,17.497222596030547,16.716075174634724,2.0919002988428996
2021-01-12,123255.0,124584.0,123227.0,123998.0,8949000,0.009698144242592077,26.26525323652573,17.541433344365423,16.801633766252127,1.094372489878869
2021-01-13,123996.0,124032.0,121016.0,122040.0,10291500,-0.015790577267375316,31.396003640188663,18.45446186919531,17.740015046352635,2.4713208784005243
2021-01-14,121947.0,123896.0,121947.0,123481.0,8974400,0.011807604064241195,30.04101897845668,17.740039873375775,17.903611012414324,1.5783804795879528
2021-01-15,123472.0,123472.0,120374.0,120502.0,9387600,-0.024125169054348472,26.644947296679234,20.153114230358664,18.879552465364807,2.5709116861130936
2021-01-18,120351.0,122586.0,120351.0,121242.0,7223100,0.006140976913246332,25.99308818119358,20.105687711922233,18.023766376402488,1.8434205968228832
2021-01-19,121250.0,122120.0,119257.0,120673.0,7886000,-0.004693093152537853,23.657390732101426,20.059661566320557,18.151397175486757,2.372527408782412
2021-01-20,120645.0,121449.0,118740.0,119708.0,7947300,-0.007996817846577131,22.08126575654323,19.699788594700358,18.268046635181598,2.2630066495138172
2021-01-21,119628.0,120243.0,117785.0,118443.0,8573900,-0.010567380626190448,17.33898771712761,20.08140622416443,18.56465371827394,2.075259829622688
2021-01-22,118318.0,118318.0,116109.0,117172.0,9373100,-0.01073090009540456,11.09553414795113,20.39029646314153,18.891218729452536,1.885262690745229
2021-01-26,117381.0,119167.0,116109.0,116464.0,10681400,-0.00604239920800187,4.2608281660696425,19.87631973886889,18.999985956673516,2.625704080230801
2021-01-27,116463.0,117840.0,114887.0,115882.0,12380400,-0.004997252369831062,4.114802228491348,19.932977373944418,18.918366007448657,2.5482818729397145
2021-01-28,115882.0,119314.0,115734.0,119314.0,12065900,0.02961633385685447,27.079308135386114,22.033401429967313,19.924652916047958,3.000486112275173
2021-01-29,118880.0,118880.0,115299.0,116007.0,10965200,-0.027716780930988838,33.137547471697985,23.815826049646343,21.61627650696917,3.086882688113648
2021-02-01,115093.0,117862.0,115093.0,117365.0,8716500,0.011706190143698114,34.07059402963763,24.18210040462476,21.840749935034072,2.3593064371831467
2021-02-02,117520.0,119805.0,117519.0,118234.0,11625900,0.007404251693434949,33.776685026542665,24.343427742630556,21.75136280739446,1.9334539980039582
2021-02-03,118235.0,120210.0,118234.0,119725.0,8704300,0.012610585787506068,33.39465244672773,24.638595960186866,21.595532818156034,1.6504489455001043
2021-02-04,119728.0,120560.0,118918.0,119261.0,8100700,-0.003875548131133888,26.73006477075241,24.613781468322276,21.630588828087348,1.3768122018094768
2021-02-05,119261.0,121117.0,119261.0,119925.0,8208400,0.005567620596842238,10.458395342581749,24.62189485405501,21.638353258135773,1.5476339378778403
2021-02-08,120239.0,120844.0,119140.0,119516.0,8619100,-0.0034104648738795262,11.351865449784732,23.81084599281996,21.217930822620236,1.425750527126075
2021-02-09,119696.0,119975.0,118246.0,119429.0,7913500,-0.0007279360085679087,11.127562437978765,21.7871183581738,21.21720874475032,1.4477220775523534
2021-02-10,119472.0,119738.0,117970.0,118430.0,8644600,-0.008364802518651238,8.124478084338238,21.13329989915139,21.068135062431814,1.4928649835345773
2021-02-11,118440.0,120283.0,118440.0,119235.0,7567400,0.006797264206704456,10.01882864012566,20.960345808889993,20.95407562270892,1.5456870885226652
2021-02-12,119300.0,119763.0,118163.0,119116.0,7655900,-0.0009980291021931542,8.70718229835756,20.331462504023417,20.930955451882216,1.343228449578562
2021-02-17,119421.0,120573.0,118880.0,120391.0,8326100,0.01070385170757926,11.807274546361416,20.24675395010504,21.1541012360515,1.4062512978544908
2021-02-18,120361.0,120845.0,118515.0,119140.0,10720600,-0.01039114219501458,14.607609395709902,18.787632582541182,21.3000342371147,1.9556823904649991
2021-02-19,119199.0,119250.0,117867.0,118748.0,10402800,-0.003290246768507643,13.257363804552224,18.65277434946444,21.261605814394372,1.1646511941253748
2021-02-22,118388.0,118388.0,111650.0,112668.0,21768700,-0.05120086233031296,37.6246826885973,25.527639754195373,25.840955509085216,5.980402598785814
2021-02-23,112676.0,115380.0,112667.0,115227.0,15174900,0.022712748961550844,44.708331626310525,26.96721344333593,26.218809008193812,2.3544828902948094
2021-02-24,115229.0,116208.0,114668.0,115668.0,11399300,0.003827227993439042,43.30585314446117,26.829871776025893,24.975417797557807,1.3313967562333575
2021-02-25,115668.0,116506.0,111764.0,112256.0,12466500,-0.02949821904070271,46.097135505917954,28.428391431002154,25.797139374822255,4.2242730900798175
2021-02-26,112260.0,113466.0,109827.0,110035.0,14618500,-0.019785133979475455,45.73464256033113,29.072970526649584,25.964562387679845,3.307129549688735
2021-03-01,110036.0,112445.0,110036.0,110335.0,11239900,0.002726405234698026,32.912439122168195,29.113755357566678,25.77815866120024,2.1833507046721348
2021-03-02,110328.0,112428.0,107319.0,111540.0,14823200,0.010921285176961115,27.502288004842175,27.199215619912742,25.73448418229811,4.580419580419581
2021-03-03,111529.0,112398.0,107466.0,111184.0,15144300,-0.0031916801147570117,26.28871371567693,25.68257124174255,24.962953453382703,4.435890056123183
2021-03-04,111191.0,114433.0,111163.0,112690.0,14221600,0.01354511440495032,21.123556210295032,25.812832637962607,25.277419547381896,2.901765906469074
2021-03-05,112690.0,115504.0,112504.0,115202.0,13254800,0.022291241458869404,15.648020133549128,26.97124394508777,26.247726633198965,2.604121456224718
2021-03-08,115202.0,115202.0,110268.0,110612.0,0,-0.03984305828023815,38.84009187864274,29.604508003516177,28.470687920200692,4.460637182222544
2021-03-09,110611.0,112525.0,109343.0,111331.0,12135300,0.006500198893429232,38.23236705416734,29.8095749560334,28.478778843329632,2.858143733551302
2021-03-10,111331.0,112928.0,109999.0,112776.0,12511800,0.01297931393771723,39.13213071120813,30.189276724665742,28.66867045669977,2.5971837979711996
2021-03-11,112782.0,115127.0,112776.0,114984.0,12092100,0.019578633751862196,40.36234003868973,31.160413758076682,29.241905041630385,2.0446322966673622
2021-03-12,114984.0,114984.0,113253.0,114160.0,8110700,-0.007166214429833673,37.399696354960966,31.216103062083562,29.279170989177366,1.516292922214436
2021-03-15,114093.0,114903.0,113635.0,114851.0,8224700,0.006052908199018825,15.756363126361556,31.242867974217432,27.951113278280708,1.1040391463722563
2021-03-16,114845.0,114974.0,113370.0,114019.0,78000,-0.007244168531401529,19.03490547431045,31.164416270544436,26.866940309332826,1.4067830800129804
2021-03-17,114018.0,116736.0,113428.0,116549.0,94300,0.022189284242100094,22.350185177888594,32.26842802793256,27.44420447001644,2.838291190829608
2021-03-18,116549.0,116751.0,114302.0,114835.0,9920100,-0.014706260885979261,23.12665483984802,32.323838438326796,27.667082324049687,2.13262507075369
2021-03-19,114837.0,116446.0,114610.0,116222.0,12341800,0.012078199155309832,23.49408276359232,32.52952173630916,27.645041299486163,1.579735334101977
2021-03-22,116222.0,116225.0,113620.0,114979.0,8160600,-0.010695049130113099,25.360205916727658,32.69656709687525,27.780416994794688,2.2656311152471322
2021-03-23,114977.0,115599.0,113062.0,113262.0,8301500,-0.014933161707790132,27.317798785642385,27.76892904728238,27.989516109778823,2.239939255884586
2021-03-24,113272.0,114823.0,112064.0,112064.0,9834000,-0.010577245678162095,17.921505544931602,26.774852776733425,28.103271666928155,2.461986007995431
2021-03-25,112065.0,114024.0,110927.0,113750.0,10306500,0.01504497430039975,22.519964459235876,27.316130935866124,28.533353520731612,2.7226373626373626
2021-03-26,113750.0,115416.0,113305.0,114781.0,8659500,0.009063736263736244,21.423203214253803,25.38338736345733,28.614105276223086,1.8391545639086608
2021-03-29,114776.0,115553.0,114096.0,115419.0,7463300,0.005558411235308869,20.557645389538674,24.238016033384227,28.5874486119356,1.2623571509023646
2021-03-30,115414.0,117090.0,114999.0,116850.0,8141600,0.012398305305019175,16.006776627331703,24.485277507235306,28.84695380683607,1.789473684210526
2021-03-31,116850.0,117249.0,115932.0,116634.0,10659200,-0.001848523748395392,10.4414463444484,24.35411351880957,28.652884675021973,1.1291733113843305
2021-04-01,116644.0,117088.0,114991.0,115253.0,8009200,-0.011840458185434777,15.36700517073706,24.777831638238425,28.697660144603667,1.8194754149566605
2021-04-05,115262.0,117668.0,115262.0,117518.0,7245100,0.019652416856827948,19.44238669068658,25.227904194060223,29.29879832480194,2.0473459384945283
2021-04-06,117519.0,118213.0,117176.0,117499.0,6800800,-0.00016167736006400535,19.72094774293826,24.14156565365433,24.9934804768577,0.8825607026442778
2021-04-07,117499.0,118303.0,116748.0,117624.0,0,0.0010638388411816635,18.12688060867616,19.02780723974162,24.172509951415826,1.3220091137863021
2021-04-08,117624.0,118850.0,117486.0,118313.0,8778200,0.005857648099027335,18.089567417284186,19.01420874632172,24.201755948048525,1.1528741558408628
2021-04-09,118313.0,118643.0,117336.0,117670.0,7739400,-0.005434736673062157,15.126931110571595,18.86205805491955,22.5250028417067,1.1107334069856378
2021-04-12,117661.0,118812.0,117661.0,118812.0,7000500,0.009705107504036636,9.217555659894279,17.99906907724158,21.690340729349085,0.9687573645759686
2021-04-13,118809.0,119529.0,118041.0,119297.0,8977600,0.004082079251254145,9.021065671429424,17.7267933296166,21.69430232345562,1.247307141001031
2021-04-14,119298.0,120871.0,119298.0,120295.0,10076600,0.008365675582789223,9.483351227363828,17.808745954806255,21.622643911989712,1.3076187705224656
2021-04-15,120290.0,121409.0,120084.0,120701.0,7948100,0.003375036368926443,9.425542073979145,17.47082762802197,21.55312792358314,1.0977539539854682
2021-04-16,120701.0,121333.0,120199.0,121114.0,7945600,0.0034216783622340596,4.78348217404384,15.989669497402259,21.314216688442645,0.9363079412784648
2021-04-19,121116.0,121974.0,120682.0,120934.0,10028100,-0.001486203081394355,5.549511247774956,14.879083804531604,20.49331032993705,1.0683513321315758
2021-04-20,120925.0,121354.0,119841.0,120062.0,7811500,-0.007210544594572266,9.35529637043294,14.816222232922835,16.547403968367565,1.2601822391764255
2021-04-22,120064.0,120995.0,119203.0,119371.0,8598600,-0.005755359730805765,7.8855994460988565,14.39289353606164,16.689163790517377,1.501202134521785
2021-04-23,119372.0,120815.0,119372.0,120530.0,7615500,0.009709225858876902,11.025435780020388,13.264770049515654,16.534896307620812,1.1972123122873972
2021-04-26,120534.0,121393.0,119860.0,120595.0,7095300,0.0005392848253547022,10.60004641935714,12.359238681936553,15.702993386623593,1.2711969816327378
2021-04-27,120595.0,121012.0,119003.0,119388.0,8362300,-0.0100087068286413,12.48597151877242,12.464512024305566,15.862261635866947,1.6827486849599627
2021-04-28,119392.0,121276.0,119392.0,121053.0,9081500,0.01394612523871741,16.035173923025443,12.90359291109707,16.218291695145503,1.5563430893905974
2021-04-29,121053.0,121498.0,119703.0,120066.0,8500200,-0.00815345344601126,16.80804495622099,13.369053958017691,16.264453510704175,1.495011077240851
2021-04-30,120064.0,120125.0,118894.0,118894.0,11093200,-0.00976129795279268,16.278240892988492,13.38345059933953,15.3923622662373,1.0353760492539574
2021-05-03,118951.0,119904.0,118528.0,119209.0,8888300,0.0026494188100325555,16.607372950627113,13.359439372127802,14.687693330245475,1.1542752644515095
2021-05-04,119209.0,119293.0,117631.0,117712.0,8765500,-0.01255777667793534,17.434141459333734,13.448823285467777,14.84965749888591,1.4119206198178607
2021-05-05,117725.0,119734.0,117725.0,119564.0,9059100,0.015733315210004095,18.526025062209154,12.819203951654432,15.09685334602448,1.680271653675019
2021-05-06,119577.0,119966.0,119071.0,119921.0,8779600,0.002985848583185513,18.034725193497074,12.834164857184795,14.2893007629661,0.7463246637369602
2021-05-07,119922.0,122038.0,119922.0,122038.0,8865100,0.017653288414873014,19.324215981181585,14.071057870197967,14.480692779095328,1.7338861666038448
2021-05-10,122038.0,122772.0,121795.0,121909.0,8219100,-0.0010570478047821075,19.81651562639486,14.0231875500815,14.051486549516442,0.8014174507214398
2021-05-11,121904.0,122964.0,120145.0,122964.0,7988600,0.008653996013419762,12.73523559870988,13.999156653455774,14.034965442832128,2.292540906281513
2021-05-12,122964.0,122964.0,119458.0,119710.0,9405200,-0.026463029829868923,26.279696203200725,16.850917363249017,16.28427334794305,2.9287444657923314
2021-05-13,119711.0,121426.0,119711.0,120706.0,9356200,0.008320106925068904,26.882120240002337,17.030203103743442,16.08372450404954,1.4208075820588868
2021-05-14,120719.0,122195.0,120719.0,121881.0,10136300,0.009734395970374399,24.337125341765518,17.115087566704258,16.246693787756303,1.211017303763507
2021-05-17,121880.0,123074.0,121680.0,122938.0,7408100,0.008672393564214342,25.08060458540798,17.317393020626596,15.864279795683894,1.133904895150401
2021-05-18,122937.0,123544.0,122550.0,122980.0,7840100,0.0003416356212073701,24.329054357485592,17.29444565870943,14.981179210218285,0.8082615059359245
2021-05-19,122976.0,123013.0,121595.0,122636.0,8825300,-0.002797202797202747,9.025974485252048,17.322079796922694,15.026881840399414,1.1562673277014905
2021-05-20,122636.0,122734.0,122136.0,122701.0,7906400,0.0005300238103003174,8.833723737737328,17.081271579536693,15.02893448665045,0.48736359116877614
2021-05-21,122701.0,122799.0,121760.0,122592.0,9493600,-0.0008883383183511118,6.981044123544389,16.917894505651923,14.984244138487943,0.8475267554163404
2021-05-24,122592.0,124167.0,122526.0,124032.0,8186300,0.011746280344557603,9.085596802475985,17.059252357576646,15.146889809124334,1.323045665634675
2021-05-25,124032.0,124696.0,122701.0,122988.0,8914500,-0.008417182662538658,11.711483499183933,17.39632170935024,15.235507596649303,1.6221094740950337
2021-05-26,122988.0,124256.0,122988.0,123989.0,8258400,0.008139005431424096,12.586294169550087,17.083247574295807,15.347232255398769,1.022671366008275
2021-05-27,123989.0,124537.0,123470.0,124367.0,0,0.003048657542201294,12.499704677739294,16.519412679455108,15.21225649083799,0.8579446316144959
2021-05-28,124367.0,125698.0,124284.0,125561.0,8838500,0.009600617527157462,12.803458795911451,16.37826693029438,15.397098330494636,1.1261458573920247
2021-05-31,125561.0,126216.0,125540.0,126216.0,5946500,0.005216587953265739,11.334053848663586,15.813945078241426,15.426719246379914,0.5355897825949166
2021-06-01,126218.0,128363.0,126218.0,128267.0,12496100,0.016249920770742277,8.011864732263604,16.47506756244561,15.98257942012106,1.6722929514216438
2021-06-02,128268.0,129601.0,128167.0,129601.0,12781100,0.010400180872710774,8.116532980402004,15.54074524789317,15.914257096671896,1.1064729438816059
2021-06-04,129600.0,130137.0,129148.0,130126.0,9814800,0.004050894669022531,7.680569505539977,15.007622277966211,15.719443987088235,0.7600325838033906
2021-06-07,130125.0,131190.0,129498.0,130776.0,9655400,0.004995158538647182,8.172956450820944,15.005272304722828,15.601644426098767,1.293815378968618
2021-06-08,130776.0,130776.0,129230.0,129787.0,10346600,-0.007562549703309496,14.03070454419701,14.69112809535189,15.876590749655788,1.1911824759028253
2021-06-09,129800.0,130882.0,129281.0,129907.0,9833700,0.0009245918312312806,10.492850330258436,14.63851209042092,15.43823080438014,1.2324201159290877
2021-06-10,129911.0,130527.0,129526.0,130076.0,8537900,0.0013009306657840725,7.871476425171038,14.506186977257398,15.080355125283404,0.7695501091669485
2021-06-11,130076.0,130294.0,128678.0,129441.0,7748200,-0.00488176143177832,8.057989552517569,10.373153224813056,14.909431209228616,1.248445237598597
2021-06-14,129441.0,131084.0,129441.0,130208.0,8155700,0.005925479562117086,8.511603022737416,10.272870403233329,14.470389312515449,1.2618272302777096
2021-06-15,130208.0,130436.0,129304.0,130091.0,7211500,-0.0008985623003194831,6.208007586293973,10.136814283804206,14.515920512306216,0.8701601186861505
2021-06-16,130091.0,130283.0,128345.0,129259.0,12879400,-0.006395523133806313,7.835242403058554,10.43786097125173,14.045868148686338,1.4993153281396265
2021-06-17,129259.0,129919.0,127576.0,128057.0,9664700,-0.00929915905275458,9.350133585002839,11.186132614013625,13.97254635503711,1.8296539822110467
2021-06-18,128050.0,128796.0,127595.0,128405.0,12432000,0.0027175398455374644,9.97822383300426,11.053473280401027,13.971664433600708,0.9353218332619446
2021-06-21,128405.0,129412.0,128048.0,129265.0,7333600,0.0066975585062887255,10.352614977253662,11.141183579596428,13.26997590098781,1.0551966889722664
2021-06-22,129242.0,129259.0,127803.0,128767.0,9328000,-0.003852550961203738,10.467835910875472,11.301214240863874,13.349582710337108,1.1307244868638704
2021-06-23,128769.0,129901.0,128182.0,128428.0,7988900,-0.002632662095102045,9.797806209459402,10.887699828210733,13.250884790159168,1.3384931634845985
2021-06-24,128433.0,129541.0,128428.0,129514.0,7237000,0.008456099915906234,8.680063660345462,10.47680660323665,10.41191792468195,0.8593665549670306
2021-06-25,129513.0,129748.0,126697.0,127256.0,9363800,-0.017434408635359833,16.39626416398372,12.321157426316224,11.778671240620815,2.3975293895769156
2021-06-28,127255.0,128067.0,126629.0,127429.0,8155600,0.001359464386748055,15.04524322009816,12.304280609703483,11.535385641610201,1.1284715410149966
2021-06-29,127429.0,127507.0,126184.0,127327.0,7777900,-0.000800445738411204,15.069391708877975,11.930040491117415,11.349537681783705,1.039056916443488
2021-06-30,127323.0,127323.0,126199.0,126802.0,9098600,-0.004123241731918581,15.132727739370985,11.922460089977827,11.452007941917012,0.8864213498209808
2021-07-01,126802.0,127204.0,124994.0,125666.0,9292000,-0.008958849229507404,11.885211021656133,10.804887829263683,11.766603435146399,1.7586300192573967
2021-07-02,125667.0,127672.0,125667.0,127622.0,7434800,0.015565069310712554,14.639265797291698,11.607041408660091,12.515199245826244,1.5710457444641206
2021-07-05,127622.0,127633.0,126531.0,126920.0,5255600,-0.005500619015530228,15.216265440421747,11.585293440054839,12.657197814028438,0.8682634730538923
2021-07-06,126919.0,126919.0,124866.0,125095.0,7651300,-0.01437913646391431,18.03032949906761,12.214835888669672,13.022990195270664,1.6411527239298132
2021-07-07,125096.0,127249.0,125094.0,127019.0,8151400,0.015380310963667654,22.382704286227135,13.442277174157722,13.455328903928773,1.6965965721663687
2021-07-08,127013.0,127013.0,124310.0,125428.0,8881400,-0.0125256851337201,23.44257106560301,13.996718278632642,13.844621462962195,2.1550212073859107
2021-07-12,125428.0,127782.0,125428.0,127594.0,7421600,0.017268871384379825,24.18799400808223,15.437246572701255,14.66807218338377,1.8449143376647805
2021-07-13,127594.0,128420.0,126441.0,128168.0,7152000,0.004498644136871732,23.78097454700263,15.4722048540606,14.478263892532384,1.5440671618500716
2021-07-14,128169.0,129620.0,128085.0,128407.0,0,0.0018647400287123972,19.033937908611964,15.325438262879413,14.420388883564728,1.1954176952969855
2021-07-15,128407.0,128976.0,126922.0,127468.0,7418600,-0.007312685445497569,18.262902366073003,15.500269188701226,13.804108301316017,1.6113848181504378
2021-07-16,127468.0,128010.0,125808.0,125960.0,7355800,-0.011830420183889245,17.948247679197575,15.852334502727459,13.828278222813525,1.7481740234995238
2021-07-19,125958.0,125958.0,123317.0,124395.0,9210200,-0.012424579231502086,12.410273556634904,16.089160568141853,14.135408815161387,2.1230756863217977
2021-07-20,124395.0,125631.0,123631.0,125401.0,7627500,0.00808714176614811,14.270178419074545,16.364604263804747,14.285750836180878,1.5948836133683146
2021-07-21,125404.0,126112.0,125247.0,125929.0,7148900,0.004210492739292304,14.990014641468601,16.237933564420214,14.248940046361241,0.6868949963868529
2021-07-22,125930.0,126428.0,125416.0,126147.0,6480400,0.0017311342105472693,15.050272318161692,16.237970146501173,14.260154446335047,0.8022386580735175
2021-07-23,126140.0,126204.0,124422.0,125053.0,6051800,-0.008672421857039758,13.878079682525218,16.45122250823953,14.416097037258377,1.4249958017800453
2021-07-26,125058.0,126214.0,125006.0,126004.0,6325500,0.007604775575156042,10.812518458201232,16.39068804130506,14.597505237575081,0.9586997238182914
2021-07-27,126004.0,126026.0,123670.0,124612.0,7313800,-0.011047268340687588,12.998421525834795,15.732489553213263,14.740501018412813,1.8906686354444195
2021-07-28,124615.0,126712.0,124542.0,126286.0,9038200,0.013433698199210253,16.586512104239226,16.49365429918315,15.357076313172783,1.7183219042490854
2021-07-29,126285.0,126476.0,124917.0,125675.0,7488400,-0.004838224347908704,16.95827356785,16.565846872595266,15.315613347004945,1.2405012930177044
2021-07-30,125672.0,125673.0,121748.0,121801.0,9399200,-0.030825542072806855,27.520021587336203,19.593342623268086,17.462677234029055,3.222469437853548
2021-08-02,121803.0,124536.0,121797.0,122516.0,8565400,0.005870230950484778,27.03749059609319,19.58800852132329,17.554225482120618,2.23562636716837
2021-08-03,122516.0,123765.0,120807.0,123577.0,9391300,0.008660093375559175,28.08135295768442,18.982938742058874,17.642897385283316,2.3936493036730138
2021-08-04,123577.0,123587.0,121072.0,121801.0,9164200,-0.014371606366880618,25.56609900377133,19.463269233345994,18.02717124785603,2.0648434741915094
2021-08-05,121801.0,123541.0,121128.0,121633.0,10913000,-0.0013792990205334643,25.87502912300942,18.925462287724617,18.025737505576505,1.9838366232847995
2021-08-06,121633.0,123287.0,121568.0,122810.0,7499200,0.009676650251165375,15.819624168182008,18.38881867459547,18.08913576971686,1.399723149580653
2021-08-09,122809.0,123597.0,122258.0,123019.0,7171500,0.001701815813044627,15.397038917250407,17.97355717554856,17.483484584065653,1.0884497516643772
2021-08-10,123021.0,123513.0,122061.0,122202.0,8297600,-0.006641250538534704,14.305239643346246,16.805044922149456,17.54058636634991,1.1881965925271272
2021-08-11,122203.0,122756.0,120827.0,122056.0,8685200,-0.0011947431302270495,9.492702152761389,16.64257208830606,17.53991264456987,1.5804221013305368
2021-08-12,122056.0,122095.0,120534.0,120701.0,11066000,-0.01110146162417247,12.646966057054259,16.841480257559187,17.75115186363115,1.2932784318274082
2021-08-13,120701.0,121275.0,120045.0,121194.0,10642200,0.004084473202376149,9.84233997314081,16.926811034089333,17.682513591908712,1.0149017278083075
2021-08-16,121191.0,121191.0,118684.0,119180.0,9741700,-0.01661798438866613,12.88507631704865,17.34099301206721,17.498599068698812,2.1035408625608323
2021-08-17,119179.0,119179.0,116248.0,117904.0,11218200,-0.01070649437825133,13.271476910456181,17.227866174495226,17.64782976388451,2.4859207490840007
2021-08-18,117904.0,118739.0,116489.0,116643.0,11745800,-0.010695141810286302,12.281951592648673,17.001732524374013,17.46172649133704,1.9289627324400094
2021-08-19,116641.0,117453.0,114801.0,117165.0,10525900,0.004475193539260847,15.232601300642434,17.016876216985843,16.776444525742875,2.263474587120727
2021-08-20,117163.0,118308.0,116040.0,118053.0,8929300,0.007579055178594363,16.796283579137217,17.355147015131067,16.758263048843418,1.9211709994663415
2021-08-23,118053.0,118445.0,117062.0,117472.0,7853000,-0.004921518301102101,13.516319002727805,17.25160798438703,15.748995058561349,1.1773018251157723
2021-08-24,117474.0,120463.0,117474.0,120211.0,9181000,0.02331619449741207,20.723368554255206,19.206717261394253,17.358819012632125,2.4864613055377625
2021-08-25,120210.0,120818.0,119226.0,120818.0,7520100,0.00504945470880358,16.243386157226784,19.078150183181886,17.445967373690678,1.3176844509924017
2021-08-26,120817.0,120833.0,118719.0,118724.0,8426900,-0.017331854524987977,23.9924164041107,19.040391936937755,17.94706150094707,1.7806003840840943
2021-08-27,118725.0,120678.0,118721.0,120678.0,7323600,0.01645834035241389,25.87528787849436,20.15896810998705,18.506286548370223,1.621670892789075
2021-08-30,120677.0,120684.0,119354.0,119740.0,6391900,-0.007772750625631875,26.599357960905134,17.37371901336785,18.312726830542157,1.1107399365291464
2021-08-31,119738.0,120157.0,117911.0,118781.0,11535600,-0.008009019542341789,20.915652577192326,17.37206553465585,18.196776661538642,1.8908748032092675
2021-09-01,118793.0,119942.0,118067.0,119396.0,9523000,0.0051775957434270214,20.944279456566058,17.158119894897293,18.22640390117933,1.5704043686555664
2021-09-02,119394.0,119397.0,116534.0,116677.0,9862800,-0.022772957217997214,23.593852692491495,18.164475147158395,19.182908120350366,2.4537826649639607
2021-09-03,116679.0,117396.0,115583.0,116933.0,12517500,0.0021940913804776585,17.395316602703232,18.22150760032168,19.138890192952775,1.5504605201269104
2021-09-06,116926.0,117981.0,116156.0,117869.0,5111300,0.008004583821504596,19.937833926837538,18.097457377845515,19.15696679198899,1.54832907719587
2021-09-08,117866.0,117866.0,113172.0,113413.0,12254400,-0.03780468146840987,32.09305414129356,21.88685563349308,21.6448013850893,4.138855334044598
2021-09-09,113413.0,116354.0,112435.0,115361.0,13890600,0.017176161462971518,36.29698700094317,23.019359920246572,21.917821446236164,3.3971619524796077
2021-09-10,115370.0,116896.0,114286.0,114286.0,11155700,-0.009318573868118296,33.69303688255013,23.126918852794056,21.9902644174898,2.2837442906392735
2021-09-13,114300.0,117046.0,114300.0,116404.0,9253400,0.0185324536688658,37.36625972214145,24.08165381384197,21.21573448529551,2.359025463042507
2021-09-14,116405.0,117270.0,115809.0,116181.0,9034100,-0.0019157417270884158,36.568543776553724,23.992275517518443,21.102868986315375,1.2575205928680249
2021-09-15,116191.0,116312.0,114741.0,115063.0,9456800,-0.009622915967326895,22.131507067689412,23.57025817518157,20.989213539849924,1.3653389882064608
2021-09-16,115062.0,115062.0,113395.0,113794.0,10685500,-0.011028740776791834,19.644151347859495,23.586261007237503,20.843890119008737,1.4649278520835898
2021-09-17,113794.0,113794.0,111157.0,111439.0,14827600,-0.020695291491642842,23.375633445745077,24.316177250001132,21.520219194119296,2.3663169985373163
2021-09-20,111435.0,111435.0,107520.0,108844.0,11500200,-0.023286282181283036,13.809375506001468,25.25966349713305,21.972178475870702,3.596890963213406
2021-09-21,108859.0,110923.0,108859.0,110250.0,11247700,0.012917570100327014,22.683629924576458,25.616686811661072,22.456783567020715,1.872108843537415
2021-09-22,110252.0,113321.0,110251.0,112282.0,12158600,0.018430839002267607,30.604896800774874,26.666280347115812,23.316016562169974,2.7341871359612404
2021-09-23,112282.0,114330.0,112281.0,114064.0,11476300,0.01587075399440696,32.98394520372132,25.88853380254692,23.92914535752112,1.7963599382802637
2021-09-24,114062.0,114062.0,112505.0,113283.0,9121200,-0.006847033244494316,28.498918210208497,25.78681344461391,23.82229442688947,1.3744339397791372
2021-09-27,113283.0,114432.0,112360.0,113583.0,10739700,0.002648234951404982,16.690611329055823,25.305697779984964,23.794024098872534,1.8242166521398449
2021-09-28,113584.0,113584.0,109981.0,110124.0,13190800,-0.03045350096405275,31.478620677623365,26.200073220058478,24.84477093095389,3.2717663724528716
2021-09-29,110125.0,112028.0,110125.0,111107.0,11372600,0.008926301260397285,28.545936830789152,26.550843931824037,24.93349695601756,1.712763372244773
2021-09-30,111117.0,112371.0,110743.0,110979.0,13160600,-0.00115204262557711,24.046486544966623,26.507819148270105,24.79256829596981,1.4669441966498167
2021-10-01,110980.0,113020.0,110980.0,112900.0,10779100,0.01730958109191838,28.767211081243303,27.30607409500367,25.33620588211642,1.8069087688219663
2021-10-04,112900.0,112900.0,109979.0,110393.0,11814200,-0.022205491585473913,32.2319893140649,27.253695182948817,25.912479021029235,2.646001105142536
2021-10-05,110397.0,111691.0,110087.0,110458.0,10379000,0.0005888054496208106,23.43377908274721,27.22457890504121,25.909633387100644,1.4521356533705119
2021-10-06,110454.0,110614.0,108180.0,110560.0,13279200,0.0009234279092504849,22.3249643992744,26.987567915323783,24.803543114583945,2.201519536903039
2021-10-07,110563.0,111522.0,110563.0,110585.0,10646000,0.00022612156295220842,22.336876185074743,23.820582241156107,24.712377432831364,0.8672062214586065
2021-10-08,110586.0,114172.0,110586.0,112833.0,12871400,0.02032825428403484,23.91167354495192,24.147980501171226,25.19736083469677,3.1781482367747027
2021-10-11,112834.0,113982.0,112052.0,112180.0,10283700,-0.005787313995019194,15.774548407535763,24.024341035667724,24.63263328283194,1.720449277946158
2021-10-13,112180.0,114159.0,111807.0,113456.0,11732700,0.011374576573364159,16.4688399390276,23.419846918921078,24.887697850394673,2.073050345508391
2021-10-14,113457.0,113881.0,112708.0,113185.0,8956200,-0.002388591171908039,17.189734971878593,23.422452411411214,24.816620227910956,1.0363564076511904
2021-10-15,113189.0,114776.0,113049.0,114648.0,11174900,0.012925741043424477,17.446305950678287,23.6942501607868,25.09748263333992,1.5063498709092178
2021-10-18,114647.0,114927.0,112841.0,114428.0,11201300,-0.0019189170330053962,13.724271035272576,23.37109235808121,24.255654790997873,1.822980389415178
2021-10-19,114422.0,114422.0,109947.0,110673.0,14129200,-0.03281539483343243,29.161278489944504,25.063312005633776,25.974759960710358,4.0434432969197545
2021-10-20,110677.0,112023.0,110176.0,110786.0,11735800,0.0010210259051439685,26.8805667953962,23.61590856583072,25.82642318181872,1.667178163305833
2021-10-21,110767.0,110767.0,105714.0,107735.0,16507700,-0.027539580813460196,31.147790439033795,25.141597723553925,24.73586883956492,4.6902120944911125
2021-10-22,107714.0,107749.0,102854.0,106296.0,21165700,-0.013356847821042406,23.878959909468776,24.451621219499344,24.301827444289106,4.605065101226763
2021-10-25,106298.0,109372.0,106296.0,108715.0,11512100,0.022757206291864174,35.796436728215255,25.207899508863356,25.29045295038721,2.829416363887228
2021-10-26,108713.0,108713.0,106321.0,106420.0,10762200,-0.02111024237685688,31.839435700939113,26.013164361895676,25.16579818860865,2.2476978011651947
2021-10-27,106433.0,108224.0,106045.0,106363.0,10831300,-0.0005356136064649242,31.590699990526634,25.951792458132868,25.173487800610143,2.0486447354813233
2021-10-28,106369.0,107210.0,105282.0,105705.0,11502900,-0.006186361798745765,26.47463192869523,24.005034493162647,25.112375420685133,1.8239439950806489
2021-10-29,105707.0,105954.0,103430.0,103501.0,12595800,-0.020850480109739333,28.644657875811184,24.532869186010164,25.552847068816558,2.43862378141274
2021-11-01,103514.0,106136.0,103514.0,105551.0,10734800,0.019806571917179605,26.851824715224716,25.800960291611684,25.81457148079278,2.4841072088374343
2021-11-03,105547.0,106754.0,104205.0,105617.0,14696900,0.000625290144101065,23.219610408812187,24.835852418268225,24.992574181134668,2.4134372307488374
2021-11-04,105617.0,105627.0,102835.0,103412.0,12084000,-0.020877320885842265,26.92252919105996,24.710746780787133,25.288614952905665,2.699880091285344
2021-11-05,103412.0,105555.0,103412.0,104824.0,12595000,0.013654121378563477,30.099380159956997,25.355242467739746,24.98924868004839,2.04437914981302
2021-11-08,104824.0,105679.0,104182.0,104781.0,9358000,-0.0004102114019690628,24.877904556564545,25.33763282278209,24.406710762328572,1.4286941334783978
2021-11-09,104783.0,106674.0,104783.0,105535.0,11021200,0.007195961099817794,20.6159627390013,25.543935219158246,24.53890110271978,1.7918226180887855
2021-11-10,105535.0,107407.0,105140.0,105968.0,12277400,0.004102904249774886,20.825188395964744,24.338898795014405,24.567699624586975,2.1393250792692133
2021-11-11,105988.0,108669.0,105988.0,107725.0,12661400,0.016580477125169857,10.995512758738265,25.218799708278034,23.630457613847547,2.488744488280344
2021-11-12,107576.0,107915.0,105842.0,106312.0,13248100,-0.013116732420515254,17.290585355514462,25.032238542843682,23.719581299147556,1.949920987282715
2021-11-16,106336.0,106971.0,104113.0,104508.0,11579400,-0.016968921664534564,22.485657780040132,25.49461377870323,24.146607018751343,2.7347188731963104
2021-11-17,104405.0,105535.0,102551.0,102945.0,12832200,-0.014955792857963002,23.23259696361204,25.033466376005205,23.724571304224675,2.898635193549954
2021-11-18,102948.0,103757.0,102014.0,102524.0,10905700,-0.004089562387682766,21.93036150102325,25.01113985700299,23.018295265892398,1.700089735086419
2021-11-19,102426.0,103975.0,102143.0,103035.0,11101500,0.004984198821739394,14.537255436693375,23.086737993116493,23.102321258303704,1.7780365895084194
2021-11-22,103036.0,104613.0,102122.0,102122.0,10410000,-0.008861066627844916,14.052405804951693,23.107555767997244,23.16085044455731,2.439239341180157
2021-11-23,102124.0,103692.0,101736.0,103663.0,13032400,0.015089794559448588,18.76944093704011,22.28619313385084,23.70922402748167,1.8868834589004755
2021-11-24,103652.0,105041.0,102464.0,104514.0,10466600,0.00820929357630007,15.229635456178578,22.121211912175397,22.963968746653673,2.465698375337275
2021-11-25,104514.0,106400.0,104514.0,105811.0,7890400,0.012409820693878304,14.845063304850036,20.999970102789263,23.33663957138035,1.7824233775316365
2021-11-26,105810.0,105810.0,101495.0,102224.0,10969100,-0.03390006710077398,32.4058193187355,22.908159697441015,24.754632437646357,4.221122241352324
2021-11-29,102227.0,104149.0,102226.0,102814.0,10283300,0.005771638754108688,31.9481291550541,23.056223287960275,24.8947726845103,1.8703678487365534
2021-11-30,102814.0,103066.0,100075.0,101915.0,18195100,-0.008743945377088669,29.989224830085913,23.138409649147608,24.47286001902323,2.934798606682039
2021-12-01,101916.0,104087.0,100727.0,100775.0,13762900,-0.011185792081636614,28.440938995394877,22.356128089694334,24.558161816101347,3.334160258000496
2021-12-02,100785.0,104466.0,100785.0,104466.0,14846500,0.03662614735797565,41.23891427194091,24.953480690691574,25.724119920975625,3.52363448394693
2021-12-03,104467.0,106814.0,104090.0,105070.0,14581500,0.005781785461298483,30.22607415877757,25.04327859909004,25.80628311121756,2.5925573427238984
2021-12-06,105070.0,107498.0,105070.0,106859.0,11127500,0.01702674407537841,31.291955017793022,24.52315347535377,25.143058348243287,2.2721530240784586
2021-12-07,106868.0,108655.0,106868.0,107558.0,11773100,0.006541330164048009,27.863392086479394,24.20716044167644,24.89505515619374,1.661429182394615
2021-12-08,107558.0,108521.0,107309.0,108096.0,13166800,0.005001952434965373,21.3724193440437,24.230516360369396,24.033370596139925,1.1212255772646536
2021-12-09,106573.0,106754.0,105890.0,106291.0,11082900,-0.016698120189461263,19.565680880116492,24.938034099528952,23.72997669669322,0.8128628011778984
2021-12-10,106296.0,108275.0,106296.0,107758.0,10466000,0.013801732978333092,20.927973089559185,25.339761894440166,24.05983670775538,1.8365225783700514
2021-12-13,107758.0,109493.0,107383.0,107383.0,12512300,-0.003480020044915433,18.51090822471065,24.722928103585858,24.006763393489607,1.9649292718586742
2021-12-14,107387.0,109148.0,106445.0,106760.0,11604300,-0.0058016632055353234,18.269570351942164,24.362499402572627,23.219674957850245,2.531847133757962
2021-12-15,106763.0,107603.0,105697.0,107370.0,12663100,0.005713750468340217,18.43382317752883,23.59007096064204,22.585637778494213,1.7751699729905934
2021-12-16,107433.0,109034.0,107433.0,108212.0,13754600,0.007842041538604905,12.922254491607124,22.91153992666568,22.681111643668938,1.4795031974272723
2021-12-17,108324.0,108324.0,106518.0,107201.0,14934300,-0.00934277159649577,11.82793346123206,23.172063540021217,21.953062979484635,1.6846857771849144
2021-12-20,107171.0,107171.0,104358.0,105020.0,10570000,-0.02034495946866166,18.32099832398221,24.420062182827273,22.494312560650233,2.6785374214435347
2021-12-21,105020.0,105906.0,105020.0,105500.0,9041600,0.00457055798895456,19.27145331123768,24.17720548781753,22.52964636267512,0.8398104265402844
2021-12-22,105499.0,105711.0,104386.0,105244.0,8052900,-0.002426540284360179,17.95731206069918,23.708255436681203,22.447112500527282,1.2589791342024248
2021-12-23,105251.0,105453.0,104637.0,104891.0,7283600,-0.0033541104481015216,14.813089463223724,23.592707233314528,22.432845374593178,0.7779504437940338
2021-12-27,104892.0,105694.0,104798.0,105531.0,7594900,0.006101572108188513,16.676030798650746,23.2831110862478,21.950315751217296,0.8490396186902427
2021-12-28,105555.0,105652.0,104503.0,104864.0,7509000,-0.006320417697169511,8.504227523682141,19.948355161369726,21.70032664618807,1.0957049130302106
2021-12-29,104863.0,105190.0,103851.0,104107.0,6590000,-0.007218873970094575,8.380556076226565,20.08767616504429,21.231043561860215,1.2861767220263767
2021-12-30,104106.0,105269.0,104106.0,104822.0,11138100,0.006867933952568128,10.784978284641232,19.892770582777032,20.837418024877348,1.1094999141401614
2022-01-03,104823.0,106125.0,103413.0,103922.0,11128500,-0.008585983858350299,12.126373743760436,19.70478034994464,20.9673063692087,2.609649544850946
2022-01-04,103922.0,104276.0,103096.0,103514.0,11491600,-0.003926021439156324,9.874174156855414,15.068073718696837,20.962072113541925,1.139942423247097
2022-01-05,103514.0,103514.0,100850.0,101006.0,0,-0.024228606758506133,17.753246481646936,16.98308525764038,21.989766807316208,2.6374670811634955
2022-01-06,101006.0,102235.0,101000.0,101561.0,11749200,0.00549472308575738,19.995921501085395,15.798991765866674,21.579257224372615,1.2160179596498657
2022-01-07,101561.0,102719.0,101104.0,102719.0,11733200,0.011402014552830408,21.846924804409085,16.228370971043972,21.711860231150386,1.5722505086692822
2022-01-10,102719.0,102719.0,101038.0,101945.0,10264700,-0.0075351200848917665,21.719371661472884,16.113930829250226,21.450329722980957,1.6489283437147482
2022-01-11,101946.0,103780.0,101918.0,103779.0,12421500,0.017990092697042437,26.63056948921043,16.79309058493657,19.77280381754281,1.794197284614421
2022-01-12,103779.0,105869.0,103771.0,105686.0,13026500,0.018375586583027292,17.0250754439859,17.368842331089247,20.38834099139458,1.9851257498628012
2022-01-13,105686.0,106251.0,104974.0,105530.0,11712300,-0.001476070624302217,18.61205768804645,17.344711423573013,20.194458911784288,1.2100824410120345
2022-01-14,105530.0,107062.0,105028.0,106928.0,11457100,0.01324741779588745,18.88421932584492,17.89516103877733,20.129502749860404,1.9022145742929824
2022-01-17,106927.0,106928.0,106097.0,106692.0,6924200,-0.0022070926230735033,16.30401556371523,17.794132364068652,17.278622866771023,0.77887751658981
2022-01-18,106369.0,107013.0,105786.0,106522.0,11221900,-0.0015933715742511012,15.552113742281604,17.552595342788223,17.224508241006774,1.151874730102702
2022-01-19,106670.0,108602.0,106669.0,108013.0,12595600,0.013997108578509554,13.387478742412585,17.960418840674073,16.99295600768128,1.7895994000722135
2022-01-20,108015.0,109873.0,108015.0,109102.0,13630500,0.010082119744845519,12.69145264502888,16.566593186117007,17.134306696239758,1.702993528991219
2022-01-21,109097.0,109786.0,108368.0,108942.0,13408400,-0.001466517570713699,12.20244899198087,16.574563062243843,17.09016355641218,1.3016100310256833
2022-01-24,108941.0,108948.0,106624.0,107752.0,12700800,-0.010923243560793772,15.898078188231949,17.08690023893713,16.66730527685438,2.1568045140693446
2022-01-25,107935.0,110115.0,107185.0,109845.0,13713900,0.019424233424901516,19.48631374783743,18.11666678393291,17.130207645830897,2.667394965633392
2022-01-26,110207.0,112695.0,110204.0,111573.0,15513800,0.015731257681278255,19.955432865992005,18.672407242158904,17.621111392202113,2.2326190028053383
2022-01-27,111303.0,113057.0,111303.0,112315.0,14812000,0.006650354476441356,19.72223529096376,18.419993040029077,17.55223369455764,1.5616792058051019
2022-01-28,112611.0,112969.0,111407.0,111478.0,13520100,-0.007452254819035775,21.504797516604192,18.437016060675738,17.708054978480796,1.4011733256786092
2022-01-31,111910.0,112495.0,111195.0,112388.0,12190800,0.008163045623351683,16.452130967558194,18.473777705786667,17.718581734282306,1.1567071217567713
2022-02-01,112143.0,113302.0,112135.0,113147.0,11133300,0.006753390041641438,13.312956670904716,17.97852731341925,17.48926479561845,1.031401627970693
2022-02-02,113228.0,113666.0,111645.0,112161.0,11751200,-0.00871432737942679,13.331608859298038,18.321751326903257,16.50316066861095,1.8018740917074565
2022-02-03,111897.0,112502.0,111225.0,111696.0,11039700,-0.004145826089282378,12.67685968692503,15.549097289572655,16.589667110744706,1.1432817647901448
2022-02-04,111696.0,112415.0,110321.0,112245.0,0,0.004915126772668588,11.767747335509835,15.547353671958616,16.55752746762117,1.865561940398236
2022-02-07,112247.0,112517.0,111490.0,111996.0,10672800,-0.0022183616196712608,10.210703685050923,15.536728964234497,16.52765721490599,0.9169970356084146
2022-02-08,111995.0,112251.0,110943.0,112234.0,10157500,0.002125075895567763,8.467232044381038,14.969652430804596,16.48704488472332,1.1654222428141205
2022-02-09,112233.0,113163.0,111710.0,112461.0,13794500,0.002022560008553498,5.801134063547059,14.175072387936188,16.292644578012005,1.2920034500849185
2022-02-10,112462.0,113812.0,112163.0,113359.0,13267900,0.007984990352210897,6.016846693039471,13.263071639879673,16.10872095477886,1.4546705599026104
2022-02-11,113368.0,114899.0,113128.0,113572.0,18602800,0.0018789862295891524,5.778535198106175,13.15892820231,16.066553394802654,1.559363223329694
2022-02-14,113643.0,114167.0,113358.0,113807.0,10757600,0.0020691719790089103,4.234396919282394,12.680509756759935,15.707460498369521,0.7108525837602256
2022-02-15,113905.0,114819.0,113882.0,114660.0,11649600,0.007495145289832861,5.008165617818797,12.623441939331373,15.61325676556258,0.8171986743415315
2022-02-16,114830.0,115734.0,114816.0,115181.0,12052100,0.004543868829583131,4.591491335973412,12.49187604044727,13.223123332431458,0.7970064507166981
2022-02-17,115181.0,115214.0,113389.0,113528.0,10807500,-0.014351325305388962,13.518085998310767,13.391642911368413,14.290923313306381,1.6075329434148404
2022-02-18,113534.0,114213.0,112701.0,112768.0,11300700,-0.006694383764357714,14.248528995068845,13.441220464168314,14.411837777950238,1.340805902383655
2022-02-21,112880.0,113405.0,111608.0,111725.0,7864900,-0.009249077752553903,14.774597522956759,13.927185692888418,14.530394169358294,1.6084135153278138
2022-02-22,111727.0,113315.0,111727.0,112892.0,12707000,0.010445289773998612,16.251401393973946,13.537755296044832,14.013840259403462,1.4066541473266485
2022-02-23,112892.0,113721.0,111748.0,112008.0,12120600,-0.007830492860433025,14.923411149688025,12.429594991611532,13.540750571719517,1.7614813227626598
2022-02-24,112001.0,112001.0,109125.0,111592.0,16794700,-0.00371402042711233,12.711611551135807,11.290615990641479,13.60567283883196,2.5772456806939568
2022-02-25,111591.0,113142.0,110673.0,113142.0,17555700,0.013889884579539657,17.02685119131952,12.07647083811536,13.65342931744813,2.1822135016174364
2022-03-02,113143.0,115429.0,113143.0,115174.0,0,0.017959732018171914,17.935000747215117,13.16041245549874,14.356629740460376,1.9848229635160715
2022-03-03,115173.0,115948.0,115010.0,115166.0,12123000,-6.946012120789824e-05,17.90198326448485,12.949397265974206,14.324777662998947,0.8144764947988121
2022-03-04,115166.0,115166.0,113389.0,114474.0,10715700,-0.006008717850754519,17.172343645714978,13.013667251689087,14.118902891796715,1.5523175568251306
2022-03-07,114469.0,114529.0,111140.0,111593.0,14057700,-0.025167286894840712,27.32202625859229,15.505016290183782,15.939245188109865,3.036928839622557
2022-03-08,111594.0,112390.0,110969.0,111203.0,15698500,-0.003494842866488046,24.437852334217897,15.485749832268722,15.975125655179397,1.277843223654038
2022-03-09,111210.0,114051.0,111207.0,113900.0,14705400,0.02425294281629098,28.03911814581628,17.590890479938622,16.966979317649532,2.4969271290605795
2022-03-10,113900.0,113939.0,111889.0,113663.0,12984000,-0.002080772607550463,27.983772399364128,17.588023813234354,16.163362065066327,1.8035772414945936
2022-03-11,113664.0,114627.0,111332.0,111713.0,12475800,-0.017155978638607072,29.91663178430771,18.636736296695112,16.400992803669673,2.9495224369589934
2022-03-14,111716.0,112299.0,109717.0,109928.0,10480900,-0.015978444764709554,26.47506180128176,19.39923345667416,16.91801259148234,2.348810130267084
2022-03-15,109925.0,109925.0,107781.0,108959.0,13653800,-0.008814860636052635,26.818618257135974,19.2900114712458,16.970073314396934,1.9677126258500905
2022-03-16,108958.0,111183.0,108958.0,111112.0,13205200,0.019759726135518907,23.86866571100531,20.666574232557718,17.808858530539023,2.002483980128159
2022-03-17,111113.0,113088.0,111070.0,113076.0,14407500,0.017675858593131144,28.904555337876058,21.639206664127546,18.455439350746826,1.7846404188333511
2022-03-18,113076.0,115311.0,112475.0,115311.0,19552500,0.019765467473203957,27.684027943477002,22.587029439283167,19.115012624144732,2.4594357866985805
2022-03-21,115307.0,116360.0,115208.0,116155.0,10378700,0.007319336403291965,19.51030850096001,22.672019267407066,19.135953746596826,0.9917782273686023
2022-03-22,116157.0,117541.0,116157.0,117272.0,11382700,0.009616460763634871,9.403250180216963,22.209608080883886,19.25962482992506,1.180162357596016
2022-03-23,117270.0,118270.0,117036.0,117457.0,11083700,0.0015775291629716026,11.918115387065729,22.002404039984874,19.226778520525837,1.050597239840963
2022-03-24,117460.0,119256.0,117151.0,119053.0,13474400,0.013587951335382265,10.819495481349648,21.949039698241705,19.53547410150433,1.76812008097234
2022-03-25,119062.0,119729.0,118548.0,119081.0,13814500,0.00023518936944055824,8.841969664323472,21.804224052750072,19.542489220740872,0.9917619099604471
2022-03-28,119082.0,119444.0,118061.0,118738.0,9167700,-0.0028803923379884244,10.939087404145981,21.571051600130037,19.506133712887433,1.1647492799272348
2022-03-29,118740.0,120900.0,118740.0,120014.0,12931900,0.010746349104751696,11.30020322115468,21.596512792634556,19.68487243671611,1.7997900244971419
2022-03-30,120013.0,120531.0,119775.0,120260.0,10893300,0.0020497608612328744,11.22394096549691,21.269864587951933,19.68486002950073,0.6286379511059371
2022-03-31,120261.0,120880.0,119999.0,119999.0,11202100,-0.002170297688341871,8.695176724598408,20.618458654794026,19.646030330369594,0.7341727847732065
2022-04-01,120001.0,121579.0,120001.0,121570.0,13780900,0.013091775764798141,11.69901791723581,20.950476713002434,19.91203314906415,1.2980176030270625
2022-04-04,121569.0,121570.0,120754.0,121280.0,8812500,-0.0023854569383894297,11.515004202012566,20.79855427149477,19.358924641067034,0.6728232189973615
2022-04-05,121279.0,121628.0,118794.0,118885.0,11788300,-0.019747691292876013,18.76921254634939,19.946421619721814,20.234389519449923,2.383816293056315
2022-04-06,118885.0,118885.0,116791.0,118228.0,13410800,-0.005526348992724084,18.55136408975751,20.04315243868836,20.085309043418707,1.771154041343844
2022-04-07,118226.0,119247.0,117509.0,118862.0,11520100,0.005362519876848104,19.594029141204125,18.530069466441738,19.95240890866941,1.462199862024869
2022-04-08,118861.0,118868.0,117487.0,118322.0,11225800,-0.0045430835759115995,14.451921774342253,18.619443193738437,19.837005742445214,1.1671540372880782
2022-04-11,118320.0,118320.0,116953.0,116953.0,9558400,-0.011570122208887645,14.72611154180796,17.985856414197148,20.158450295870132,1.1688456046446007
2022-04-12,116963.0,118615.0,116054.0,116147.0,11406800,-0.006891657332432688,9.848010710052758,17.07826714085367,19.9601924502817,2.204964398563889
2022-04-13,116150.0,117329.0,116150.0,116782.0,12070500,0.005467209656728089,12.06364689929556,16.57640907232102,19.354317657750546,1.0095733931599047
2022-04-14,116781.0,116781.0,115624.0,116182.0,10365400,-0.005137778082238698,9.896275122525791,15.692768597755267,19.423671649589163,0.9958513366958737
2022-04-18,116182.0,116191.0,115177.0,115687.0,8404900,-0.004260556712743835,9.898163688413932,14.775345194158984,19.380382699343112,0.8765029778626812
2022-04-19,115687.0,115687.0,114277.0,115057.0,0,-0.005445728560685259,7.8837950352897455,13.273315052294892,17.904155704781296,1.225479544921213
2022-04-20,115057.0,115057.0,113945.0,114344.0,10747700,-0.006196928478927832,7.694996063989468,13.150252127788303,17.981124502763493,0.9725040229482963
2022-04-22,114343.0,114343.0,110591.0,111078.0,10877300,-0.028562932904218852,16.57990051029666,15.762139884097815,18.55035317816659,3.377806586362736
2022-04-25,111077.0,111155.0,109222.0,110685.0,11098300,-0.003538054340193386,16.906323443280417,15.693498357808943,18.564105589515393,1.7463974341600037
2022-04-26,110684.0,110685.0,107978.0,108213.0,11747500,-0.022333649546008916,18.133924230101098,15.905660941557306,19.015235997044254,2.501547873176051
2022-04-27,108214.0,110107.0,108214.0,109349.0,11515700,0.010497814495485702,24.759631099748376,16.668605372239654,18.74831405147804,1.7311543772691107
2022-04-28,109349.0,110702.0,108905.0,109919.0,11129900,0.00521266769700679,27.087032982696357,16.970064847838355,18.622641190766387,1.6348402005112856
2022-04-29,109922.0,111819.0,107876.0,107876.0,13662200,-0.018586413631856202,22.851231507568535,16.884517728690966,18.466930639198882,3.6551225481107936
2022-05-02,107876.0,107884.0,105218.0,106639.0,11935100,-0.01146686936853425,23.060138950544744,16.821508797934133,17.837854994736425,2.5000234435806785
2022-05-03,106640.0,107127.0,106033.0,106528.0,9935500,-0.001040894982135998,18.917853594809607,16.85549424482777,16.62062477457308,1.0269600480624812
2022-05-04,106529.0,108382.0,104933.0,108344.0,14558600,0.01704716130970252,22.170325922486185,17.453262157492063,17.347536407711484,3.183378867311526
2022-05-05,108337.0,108337.0,103923.0,105304.0,13826200,-0.02805877575131066,27.510897482556647,19.082230625705826,18.504236676850688,4.191673630631315
2022-05-06,105303.0,106268.0,103984.0,105135.0,14137700,-0.001604877307604613,26.166504928332667,18.538516834509995,18.45103245831173,2.1724449517287296
2022-05-09,105109.0,105109.0,102768.0,103250.0,13196700,-0.017929328958006363,27.535252694359674,19.009840765102208,18.155319058036625,2.267312348668281
2022-05-10,103251.0,104286.0,102386.0,103110.0,13507400,-0.0013559322033898091,27.498103433317738,18.626382134750248,18.12377545771523,1.8426922703908448
2022-05-11,103110.0,105374.0,103008.0,104397.0,13425100,0.012481815536805385,25.137369404249622,19.7710788549495,18.79416389672276,2.2663486498654177
2022-05-12,104395.0,105708.0,103579.0,105688.0,13995600,0.012366255735318132,19.945451699239076,20.62202055902175,18.91170443269492,2.014419801680418
2022-05-13,105691.0,107773.0,105691.0,106924.0,12369300,0.011694799788055432,21.13788797573489,21.36818705600695,19.387484423248598,1.947177434439415
2022-05-16,108685.0,108685.0,108199.0,108233.0,10596900,0.012242340353896264,9.633043462831116,21.863376577299157,19.93740071868006,0.44903125664076576
2022-05-17,108246.0,109774.0,108245.0,108789.0,16503400,0.005137065405190544,5.034390186223024,22.05660816137475,19.49550838040077,1.4054729798049437
2022-05-18,107903.0,108096.0,106038.0,106247.0,14752800,-0.023366332993225436,24.42054101351485,23.15612380325083,20.31110361250085,1.936995868118629
2022-05-19,106249.0,107420.0,105760.0,107005.0,11426400,0.007134319086656626,23.50462438796442,23.46132236012777,20.02934350425543,1.5513293771319099
2022-05-20,108520.0,108795.0,107351.0,108488.0,12866400,0.013859165459557898,24.077309900834866,24.171984814724706,20.631639837513394,1.331022785930241
2022-05-23,108500.0,110680.0,108500.0,110346.0,10682700,0.01712631811813292,25.467752919013098,23.09606232790208,21.30575693501063,1.975604009207402
2022-05-24,110340.0,110635.0,108399.0,110581.0,11724400,0.0021296648723108103,25.47102620504777,23.076706267648298,21.33484395467593,2.0220471871297963
2022-05-25,110085.0,111006.0,109699.0,110580.0,10737700,-9.043144844067541e-06,11.691307004610316,21.595797434303172,21.15433270409337,1.1819497196599746
2022-05-26,110577.0,112102.0,110388.0,111890.0,13077400,0.011846626876469424,11.935363994380479,21.674511645655922,21.455825025068116,1.531861649834659
2022-05-27,111890.0,112441.0,111558.0,111942.0,9979300,0.0004647421574761612,12.276330486765708,21.625659257994144,21.37047411171474,0.7888013435529114
2022-05-30,111944.0,112690.0,110655.0,111032.0,7284500,-0.008129209769344836,11.315338453147474,20.719279664354374,21.434382485358128,1.832804957129476
2022-05-31,111036.0,111903.0,110685.0,111351.0,15809400,0.0028730456084731237,11.36351447933775,20.18085464722759,21.451983100271534,1.0938384028881645
2022-06-01,111351.0,111931.0,110822.0,111360.0,9790200,8.082549775045855e-05,11.356625119845043,20.1623200174999,21.416339538149284,0.9958692528735632
2022-06-02,111363.0,112709.0,111218.0,112393.0,10051100,0.009276221264367779,9.927606007980167,19.61313346171982,21.559085404079173,1.3265950726468732
2022-06-03,112392.0,112392.0,110935.0,111102.0,8757500,-0.01148648047476264,13.315274672961866,17.11267749833268,20.148358569618253,1.3114075354179042
2022-06-06,111102.0,111935.0,110015.0,110186.0,8212400,-0.00824467606343715,13.351818428748647,17.46964142715523,20.267736283382973,1.7425081226290093
2022-06-07,110185.0,110435.0,109394.0,110070.0,9466200,-0.0010527653240883783,12.822101268830489,15.91713599295008,19.143834345180213,0.9457617879531208
2022-06-08,110067.0,110142.0,108045.0,108368.0,10379900,-0.015462887253565927,15.486574513366971,17.119325353896073,19.457988949016435,1.93507308430533
2022-06-09,108367.0,108510.0,107068.0,107094.0,11955500,-0.011756238003838737,8.602816744265551,17.382550800398807,19.666150498615046,1.3464806618484695
2022-06-10,107091.0,107092.0,104648.0,105481.0,12840500,-0.015061534726501957,9.431072128859613,17.769346429084337,19.41393635191153,2.3170049582389245
2022-06-13,105476.0,105478.0,101700.0,102598.0,13837900,-0.02733193655729471,14.925081945854316,19.57485658493516,20.68328063762545,3.682332988947153
2022-06-14,102598.0,103328.0,101325.0,102063.0,11563200,-0.005214526598959046,12.763099750626283,18.909403088641707,20.71576085619158,1.9625133495977973
2022-06-15,102068.0,103952.0,102046.0,102807.0,16023500,0.007289615237647373,20.237200171948764,19.03642023623107,20.148291057127373,1.8539593607439182
2022-06-17,102800.0,102801.0,98402.0,99825.0,18927300,-0.029005806997577932,24.262337174811805,19.89181521864173,20.257651444646456,4.406711745554721
2022-06-20,99824.0,100481.0,98409.0,99853.0,10900800,0.0002804908590032795,26.156416078453116,19.596145735125557,20.265791212361183,2.075050323976245
2022-06-21,99854.0,101069.0,99167.0,99685.0,11072300,-0.001682473235656401,21.939402960810998,18.60431901374518,19.66909604494977,1.9080102322315293
2022-06-22,99678.0,100374.0,98050.0,99522.0,11675100,-0.001635150724783041,22.13217574207183,16.990770200459522,19.669583301697752,2.335162074717148
2022-06-23,99523.0,100232.0,97775.0,98080.0,12397700,-0.014489258656377513,19.82422660347197,17.10561247626517,19.603821397811743,2.5050978792822183
2022-06-24,98081.0,99313.0,98031.0,98672.0,10345200,0.006035889070146849,11.920353678046567,17.480430324664116,19.28382633073456,1.299254094373277
2022-06-27,98673.0,101106.0,98672.0,100764.0,9895900,0.021201556672612254,20.752449551133154,18.884212837551807,20.060908134462462,2.4155452344091146
2022-06-28,100766.0,102237.0,99956.0,100591.0,10493900,-0.001716883013774706,20.756191362505174,18.82103397057333,19.608740956059954,2.26759849290692
2022-06-29,100592.0,101313.0,99218.0,99622.0,10448100,-0.009633068564782188,22.326541064913023,18.8595971540685,19.585043844279486,2.102949147778603
2022-06-30,99619.0,99619.0,97758.0,98542.0,14588800,-0.010840978900242937,20.911538977877832,18.728558837874356,18.764458918221145,1.8885348379371232
2022-07-01,98542.0,99340.0,97231.0,98954.0,11609800,0.004180958373079413,20.67071379686673,18.941649712616503,18.652724415982078,2.131293328213109
2022-07-04,98952.0,99353.0,98264.0,98609.0,6279300,-0.0034864684600925955,9.73687901261033,18.184582039964013,17.993621891093806,1.104361670841404
2022-07-05,98608.0,98608.0,96499.0,98295.0,13358800,-0.003184293522903614,9.545541782469327,18.104743403196107,16.940279938471072,2.1455821761025486
2022-07-06,98294.0,99141.0,97423.0,98719.0,13348200,0.004313545958594123,10.028838656018157,18.407093275702323,17.018263397516147,1.7402931553196448
2022-07-07,98722.0,101420.0,98722.0,100730.0,12696300,0.02037095189375915,15.367086710127726,20.397168798514514,18.37530155587207,2.6784473344584536
2022-07-08,100732.0,101577.0,99958.0,100289.0,9730400,-0.0043780403057679385,16.608755453467605,19.978623073576564,17.826595023046536,1.614334573083788
2022-07-11,100282.0,100282.0,97854.0,98212.0,8893400,-0.020710147673224433,23.66879025970577,20.667710564247905,18.454353731369114,2.472202989451391
2022-07-12,98212.0,98737.0,97253.0,98271.0,12566300,0.000600741253614645,23.572614421792405,20.323963469360905,18.469841439053607,1.5101097984145881
2022-07-13,98258.0,98928.0,97403.0,97881.0,12208100,-0.003968617394755292,23.358869593352082,18.35759392289173,18.354831026589697,1.558014323515289
2022-07-14,97879.0,97879.0,95431.0,96121.0,12579000,-0.01798101776647154,14.980707400621219,19.139967235892335,18.729418135346794,2.5467899834583494
2022-07-15,96119.0,96971.0,95267.0,96551.0,11347600,0.004473528157218576,17.85117033142277,18.977409459431836,18.465049480277447,1.7648703793849883
2022-07-18,96553.0,98291.0,96553.0,96916.0,10738200,0.0037803854957483285,14.62342658507764,16.54038590744536,18.528049322504692,1.7933055429444054
2022-07-19,96920.0,98346.0,96917.0,98245.0,10295900,0.013712906021709603,18.80667668199339,17.342842224052255,19.22004508682774,1.454526947936282
2022-07-20,98244.0,98366.0,97277.0,98287.0,12941700,0.00042750267189162194,18.477815789433624,17.34342893689959,19.24283793365754,1.1079796921261205
2022-07-21,98286.0,99057.0,97088.0,99033.0,10060000,0.007590016991056769,7.9502031432796345,17.568056219708915,19.17766990998922,1.9882261468399423
2022-07-22,99034.0,99724.0,98321.0,98925.0,10033500,-0.0010905455757171945,9.459849458023118,16.78845023364869,18.99929054573053,1.4182461460702553
2022-07-25,98926.0,100508.0,98925.0,100270.0,8621800,0.013596158706090433,11.153422292960439,17.301175069650554,19.17690542250086,1.5787374089957114
2022-07-26,100270.0,100753.0,99365.0,99772.0,9136600,-0.004966590206442634,11.775572345967399,15.719786686950371,17.601613409886948,1.3911718718678587
2022-07-27,99773.0,101471.0,99772.0,101438.0,10263100,0.016698071603255427,14.733236437198247,16.78709515556256,18.264968634081644,1.6749147262367161
2022-07-28,101437.0,102686.0,101045.0,102597.0,11130000,0.011425698456199784,15.1789903273264,16.777971974565677,18.44958175477259,1.5994619725722974
2022-07-29,102597.0,103989.0,102514.0,103165.0,12934200,0.0055362242560699215,13.560005286477935,16.215362199364357,16.32486835726772,1.4297484612029274
2022-08-01,103165.0,103317.0,101764.0,102225.0,11626700,-0.009111617312072884,17.226241667229786,16.6620406382729,16.593018951736344,1.5191978478845685
2022-08-02,102225.0,103660.0,101694.0,103362.0,10124500,0.011122523844460774,15.720400841876735,16.867132899402165,16.837391179715635,1.9020529788510283
2022-08-03,103362.0,103878.0,102822.0,103775.0,12379600,0.003995665718542707,13.243171141280074,16.756105056144616,16.8322741884225,1.017586123825584
2022-08-04,103777.0,106162.0,103777.0,105892.0,15499000,0.02039990363767763,17.123805958765246,17.849488363748662,16.997828187236944,2.2522947909190494
2022-08-05,105893.0,107176.0,105518.0,106472.0,12947500,0.005477278736826241,17.125705367825216,16.779435365422742,16.98882234499179,1.5572169208806073
2022-08-08,106473.0,108489.0,106473.0,108402.0,12674600,0.018126831467428106,11.647161254507186,17.384000679658293,16.717393407390162,1.8597442851607904
2022-08-09,108403.0,109331.0,107842.0,108651.0,12147900,0.0022970055903026587,13.517330846774703,14.959999923824292,16.669988561225903,1.3704429779753522
2022-08-10,108658.0,110362.0,108657.0,110236.0,13376200,0.01458799274742062,12.583240756120654,15.239817197141697,16.600142608577197,1.546681664791901
2022-08-11,110236.0,111310.0,109604.0,109718.0,14944800,-0.004699009398018816,14.690628837238965,15.299161506135844,16.232585548277903,1.5548952769828106
2022-08-12,109718.0,112764.0,109718.0,112764.0,18704900,0.02776208097121713,20.46738752768605,14.647175256955988,17.675750782302348,2.701216700365365
2022-08-15,112767.0,113214.0,111067.0,113032.0,15552900,0.002376645028555169,20.364459126398003,14.722711962120213,17.528812957927315,1.8994620992285371
2022-08-16,113034.0,113626.0,112690.0,113512.0,12986400,0.004246585037865458,20.036852925095573,14.708456604537659,17.37295700430145,0.8245824230037353
2022-08-17,113508.0,114146.0,112483.0,113708.0,14652800,0.0017266896891958705,19.79739540555322,14.666358540501461,17.396281467142455,1.4625180286347488
2022-08-18,113708.0,114375.0,113304.0,113813.0,10644200,0.0009234178773700474,18.16790053517629,14.639231215666701,16.784154192432403,0.9410172827357156
2022-08-19,113807.0,113807.0,111146.0,111496.0,12678600,-0.020357955593824917,16.215883385160893,17.442041017451377,18.077434699743783,2.3866327043122624
2022-08-22,111487.0,111487.0,109858.0,110501.0,11010900,-0.008924086962761035,16.18368021165992,18.02854626567281,16.990201545114804,1.474194803666935
2022-08-23,110504.0,112965.0,110503.0,112857.0,11892000,0.021321074017429664,24.423885929857377,18.66151820079507,17.678117165129414,2.1815217487617073
2022-08-24,112856.0,113888.0,112632.0,112898.0,13758600,0.0003632915991031993,24.34485843070842,18.36620935989935,17.53791127111429,1.1125086361140144
2022-08-25,112898.0,114156.0,112768.0,113532.0,11838500,0.005615688497581983,24.8419078008402,17.94672536267762,16.14967020568223,1.2225628016770602
2022-08-26,113533.0,114091.0,111978.0,112299.0,11159700,-0.010860374167635523,20.58407658010061,18.656406533853037,16.84051980725294,1.881583985609845
2022-08-29,112296.0,113222.0,111689.0,112323.0,9795800,0.00021371517110568838,18.593894867903327,18.70579395073974,16.89650016303629,1.3648139739857374
2022-08-30,112323.0,112869.0,110103.0,110431.0,11937900,-0.01684427944410316,14.653602899705154,19.567148147010855,17.82055838542231,2.504731461274461
2022-08-31,110431.0,111364.0,109523.0,109523.0,14791100,-0.00822232887504415,14.191777859898671,19.795650114105907,18.1432158704604,1.680925467709979
2022-09-01,109524.0,110405.0,108217.0,110405.0,14478000,0.008053103001196105,15.49626358814979,19.87537411667436,18.152387656269646,1.9817943027942577
2022-09-02,110409.0,112264.0,110409.0,110864.0,16691800,0.004157420406684542,15.905290958522187,18.856901293157,18.09584998541489,1.67322124404676
2022-09-05,110868.0,112671.0,110865.0,112203.0,9515500,0.012077861163227066,19.10269077268226,19.135614487479817,18.03015341338248,1.6095826314804416
2022-09-06,112203.0,112203.0,109348.0,109764.0,14296100,-0.021737386700890315,21.905946824358285,20.014399793369662,19.34720001872285,2.6010349477059873
2022-09-08,109771.0,110768.0,108619.0,109916.0,13759500,0.001384789184067703,20.990170905510745,20.007551582973395,18.92733239128776,1.9551293715200697
2022-09-09,109922.0,112540.0,109922.0,112300.0,12155200,0.02168929000327524,25.673807546863237,20.76866099152991,19.559439715274806,2.331255565449688
2022-09-12,112307.0,114160.0,112305.0,113407.0,11707100,0.009857524487978608,26.079460234492984,20.880306583442664,19.64630908509644,1.6357014999074133
2022-09-13,113398.0,113400.0,110522.0,110794.0,12612500,-0.023040905764194486,31.196964804961496,20.285701183892762,20.788505486450486,2.59761358918353
2022-09-14,110794.0,111504.0,110118.0,110547.0,11630900,-0.0022293626008628165,26.248534942175606,20.25866836664938,20.682223435995827,1.2537653667670765
2022-09-15,110547.0,111100.0,109524.0,109954.0,11622500,-0.0053642342171202895,26.705740210516165,20.219759210737063,20.79411274671856,1.4333266638776214
2022-09-16,109951.0,109952.0,108489.0,109280.0,18843300,-0.006129836113283771,18.691832849866437,20.24796677242294,20.167760445301415,1.3387628111273793
2022-09-19,109283.0,111976.0,108508.0,111824.0,12594800,0.023279648609077608,26.41779922303783,22.031055871919097,21.138015271734403,3.1013020460723997
2022-09-20,111824.0,112544.0,111393.0,112517.0,12570300,0.006197238517670733,19.475140658837855,20.946536484451116,20.609650920551115,1.0229565310130913
2022-09-21,112517.0,113294.0,111380.0,111936.0,14726800,-0.0051636641574162034,20.087604336188576,20.77276152247549,20.69231087869905,1.7099056603773584
2022-09-22,111942.0,114392.0,111819.0,114070.0,15684400,0.01906446540880502,21.45349534872659,20.503414139249422,20.98493632923865,2.2556325063557465
2022-09-23,112258.0,112457.0,110732.0,111716.0,13542300,-0.020636451301832226,28.539868894520033,21.783050318568993,21.86574854798496,1.5440939525224677
2022-09-26,111713.0,111713.0,109022.0,109114.0,13127000,-0.023291202692541813,28.433722780829296,23.04062056050643,21.374716899653713,2.4662279817438644
2022-09-27,109122.0,110161.0,108120.0,108376.0,14517500,-0.006763568378026608,26.72273550785062,22.880512029122762,21.413055043277375,1.8832582859673728
2022-09-28,108377.0,108970.0,107914.0,108451.0,13540500,0.0006920351369306132,27.341857758360927,22.885869726056114,21.357567843232584,0.9737116301371127
2022-09-29,108449.0,108449.0,106244.0,107664.0,14588500,-0.007256733455662023,16.102654002499985,22.313447512911445,21.40078833160667,2.0480383415069103
2022-09-30,107664.0,110502.0,107315.0,110037.0,16536300,0.02204079358002664,26.14062128530106,23.528242237780233,22.47654507940021,2.896298517771295
2022-10-03,110048.0,116134.0,110048.0,116134.0,20982900,0.05540863527722495,42.24299984541566,30.246918469927614,27.07140551329068,5.2404980453613925
2022-10-04,116704.0,118280.0,115837.0,116230.0,16078700,0.0008266313052163188,40.325874367518324,30.247075997557708,26.89210643548183,2.1018669878688807
2022-10-05,116231.0,117514.0,115906.0,117198.0,13555200,0.008328314548739613,39.041351462334994,30.123926920043566,26.331328945665966,1.3720370654789331
2022-10-06,117200.0,118382.0,117144.0,117561.0,14520500,0.0030973224799057952,35.728859789709674,28.833472412438997,26.33398509753676,1.0530703209397676
2022-10-07,117560.0,117960.0,115924.0,116375.0,13616500,-0.010088379649713763,40.38347123958098,29.207412576943746,26.512474707851357,1.7495166487647689
2022-10-10,116377.0,116841.0,115261.0,115941.0,11429900,-0.0037293233082706934,11.07895904885821,28.462859752639485,26.31607939297374,1.3627620945135888
2022-10-11,115928.0,115928.0,114297.0,114827.0,13137900,-0.009608335273975532,12.752963193082659,28.55605812221551,26.50124524339686,1.4203976416696422
2022-10-13,114819.0,115367.0,112690.0,114300.0,14583700,-0.0045895129194353235,8.492371156804076,27.307636692266524,26.023199483114613,2.342082239720035
2022-10-14,114301.0,114712.0,111631.0,112072.0,13096100,-0.019492563429571286,9.96505812085112,28.252938543587714,26.579734173062363,2.7491255621386252
2022-10-17,112107.0,114406.0,112090.0,113624.0,11633000,0.013848240416874935,19.245219006201022,28.507429264573137,26.767638054090583,2.0383017672322747
2022-10-18,113627.0,115795.0,113627.0,115743.0,14744200,0.018649229036119097,25.505975548650234,28.93721640524055,27.23714783431852,1.873115436786674
2022-10-19,115744.0,116459.0,115264.0,116274.0,12729900,0.0045877504471112385,24.177014498031074,27.987031597010027,27.072235710769444,1.0277448096737019
2022-10-20,116276.0,117367.0,116276.0,117171.0,16915800,0.00771453635378494,23.438406582491485,28.020579066144506,26.22421344495718,0.931117768048408
2022-10-21,117170.0,120752.0,116736.0,119929.0,18579800,0.02353824751858391,12.300479374201531,28.838006921798602,26.93277969842301,3.348647950037105
2022-10-24,119922.0,119924.0,115793.0,116013.0,13278800,-0.03265265281958496,35.07896492047372,30.80621426622879,28.237849461134168,3.5608078405006336
2022-10-25,116016.0,116203.0,114626.0,114626.0,14727200,-0.011955556704852044,33.939230676768766,30.17902374756616,28.36656657001808,1.375778619161447
2022-10-26,114626.0,114626.0,112577.0,112764.0,16088200,-0.01624413309371342,34.7007748350902,29.544759027379452,27.9414430569085,1.8170692774289665
2022-10-27,112766.0,116236.0,112765.0,114641.0,15530800,0.0166453832783513,37.38675514780979,29.808393810118055,28.300578274260037,3.027712598459539
2022-10-28,114636.0,114712.0,113336.0,114539.0,14392400,-0.0008897340393052566,29.09976332146913,29.827823395334345,28.237768038917565,1.2013375356865348
2022-10-31,114533.0,116763.0,112113.0,116037.0,21637900,0.013078514741703628,23.217446574897995,29.798287117074572,28.334541286509037,4.007342485586494
2022-11-01,116037.0,118261.0,115547.0,116929.0,17969700,0.007687203219662653,20.844015703516924,29.09399446208188,27.67711161454503,2.3210666301772873
2022-11-03,116927.0,117373.0,114485.0,116896.0,15634600,-0.00028222254530529955,12.434553306166771,21.99782666937208,27.64799034362967,2.4705721324938406
2022-11-04,116907.0,120039.0,116904.0,118155.0,16209500,0.010770257322748389,10.121652501189903,22.28969007287111,27.70397062164072,2.6532944014218613
2022-11-07,118148.0,118240.0,115266.0,115342.0,15221900,-0.023807710211163347,23.83737330721666,23.67303641741519,28.184841438144804,2.578418962736904
2022-11-08,115340.0,117072.0,114688.0,116160.0,14239800,0.007091952627837239,22.335269346869907,23.79292441343932,27.513866040232703,2.0523415977961434
2022-11-09,116153.0,116183.0,113110.0,113580.0,20531600,-0.022210743801652888,25.899647730122332,24.761675360264373,27.431113561945924,2.7055819686564537
2022-11-10,113579.0,113579.0,108516.0,109775.0,26029300,-0.03350061630568757,31.633676830922276,27.196919838140367,29.168918476145027,4.6121612388977455
2022-11-11,109775.0,113010.0,109408.0,112253.0,25038700,0.022573445684354265,37.60946997071879,28.38954674836765,29.85687700966238,3.2088229267814667
2022-11-14,112256.0,114322.0,111930.0,113161.0,15080400,0.00808887067606201,37.02882580152696,28.522793953023424,29.80506984146813,2.1138024584441637
2022-11-16,113166.0,113473.0,109512.0,110243.0,18351000,-0.025786269120986915,38.3845188268373,29.132590318668782,30.20762070015102,3.5929718893716607
2022-11-17,110241.0,110242.0,107245.0,109703.0,23119600,-0.004898270184955034,36.90140367088991,28.67964093341744,25.293230692161746,2.7319216429815043
2022-11-18,109706.0,111585.0,108512.0,108880.0,18769100,-0.007502073781026963,28.715676168411587,27.779628168979396,25.333979380367772,2.8223732549595884
2022-11-21,108868.0,110235.0,107957.0,109748.0,16651600,0.007972079353416595,22.114629881318763,27.9168133492974,25.321503843411637,2.0756642490068153
2022-11-22,109750.0,110224.0,107867.0,109037.0,15056500,-0.006478477967707841,19.139402788910918,27.688179481612135,25.304009282533734,2.1616515494740316
2022-11-23,109036.0,109285.0,107902.0,108683.0,13198400,-0.0032466043636564246,9.92238910309788,25.91808442101971,25.200437505140894,1.2725081199451616
2022-11-24,108846.0,112612.0,108846.0,111831.0,10296900,0.02896497152268518,24.252433135553076,26.286594084872515,26.756340146870194,3.3675814398512043
2022-11-25,111831.0,112025.0,108552.0,108977.0,12309100,-0.025520651697650942,31.806174951636596,27.35712423187086,27.58257177896577,3.1869109995687164
2022-11-28,108977.0,109476.0,108378.0,108782.0,11492600,-0.0017893683988364772,31.07676461291527,26.880336701204556,27.568089884943543,1.0093581658730306
2022-11-29,108784.0,112187.0,108784.0,110910.0,14721700,0.01956205989961579,33.88103655237096,27.14708356571093,27.676870998775655,3.068253538905419
2022-11-30,110910.0,112486.0,110202.0,112486.0,19703200,0.014209719592462422,33.92704656039302,27.683858707690995,27.69300805454459,2.030474903543552
2022-12-01,112479.0,112479.0,110548.0,110926.0,15193700,-0.013868392511068084,29.914671783694853,27.565611105747728,27.37279855542147,1.740800173088365
2022-12-02,110926.0,113761.0,109963.0,111924.0,15982000,0.008996988983646759,21.209984154134265,27.627264405249925,27.484417073282557,3.393374075265359
2022-12-05,111922.0,112150.0,109270.0,109401.0,12308400,-0.022542082127157692,29.248843493809613,28.521004730167444,28.032342241475554,2.6325170702278773
2022-12-06,109403.0,110663.0,109217.0,109533.0,13437500,0.0012065703238544057,24.541508993521433,28.129086075766008,26.982774363252805,1.3201500917531703
2022-12-07,110188.0,110247.0,108612.0,109361.0,13825300,-0.0015703030137036444,19.93863592046991,27.13878980535112,25.463339884217202,1.4950485090663035
2022-12-08,109068.0,109286.0,106906.0,107245.0,14921000,-0.019348762355867244,21.681551836483404,27.51745469733872,25.806365466792375,2.219217679145881
2022-12-09,107250.0,108566.0,107089.0,107689.0,10676300,0.004140053149330969,19.652332776550736,26.78236848775608,25.509245731457025,1.371542125936725
2022-12-12,107518.0,107561.0,103877.0,105264.0,15481900,-0.022518548783998393,19.641081412539588,25.410417270607038,25.625764402178397,3.4997720018239855
2022-12-13,105345.0,106689.0,103409.0,103892.0,17702200,-0.013033895728834177,18.155879805013953,24.051333381316777,25.791821642370806,3.157124706425904
2022-12-14,103536.0,104516.0,101632.0,103803.0,24923500,-0.0008566588380241047,18.381834815365078,23.70206472049709,25.343693978910636,2.778339739699238
2022-12-15,103739.0,105483.0,103014.0,103738.0,15568200,-0.0006261861410556957,17.368158533205662,22.351538416818954,25.13612162047321,2.3800343172222327
2022-12-16,103737.0,104018.0,102248.0,102825.0,18255000,-0.00880101794906396,14.535319381671272,22.438474065787524,25.151998240726797,1.7213712618526622
2022-12-19,102859.0,105107.0,102770.0,104530.0,16773400,0.016581570629710773,18.00094239744924,23.359437656507115,25.505352981382313,2.235721802353391
2022-12-20,104740.0,107792.0,104607.0,106979.0,19125600,0.02342868076150384,21.382081480944823,24.7494895258525,25.97953459405136,2.9772198281905795
2022-12-21,106866.0,107991.0,106066.0,107313.0,17634900,0.003122108077286301,20.762279273965827,24.71004986911954,25.87909860921099,1.7938180835499893
2022-12-22,107436.0,108383.0,106510.0,107317.0,11494600,3.7274141995835564e-05,20.618811618443004,24.692636827809867,25.20169483457287,1.7452966445204394
2022-12-23,107552.0,109994.0,107552.0,109698.0,12847100,0.022186606036322276,17.23606062443734,23.768290320379634,24.258881537586728,2.226111688453755
2022-12-26,109699.0,109755.0,108309.0,108738.0,5219500,-0.0087512990209484,22.549467746120452,22.231770869207455,23.420376283542247,1.329801909176185
2022-12-27,108739.0,109353.0,107418.0,108347.0,11158100,-0.0035957990766797288,18.74461479001715,22.25876646681822,23.27268218677487,1.7859285443990143
2022-12-28,108578.0,110536.0,108578.0,110237.0,11193900,0.01744395322436243,21.544474666746392,22.03401151877112,22.692845683133175,1.7761731542041237
2022-12-29,110237.0,111178.0,109560.0,110031.0,13389100,-0.0018687010713281937,21.886710164586336,21.4042662098257,22.65184808670631,1.4704946787723459
2023-01-02,109734.0,109734.0,105981.0,106376.0,8130500,-0.033217911315901905,28.846770681952588,23.790656596993465,24.55744901477229,3.5280514401744756
2023-01-03,106377.0,106684.0,103852.0,104166.0,14466700,-0.02077536286380388,30.768777109712076,24.304692638619127,25.087116181965406,2.7187373999193594
2023-01-04,104167.0,105627.0,103915.0,105334.0,14451200,0.011212871762379173,33.86644358507061,23.744303962613863,25.312225683440914,1.6253061689482977
2023-01-05,105336.0,107743.0,105333.0,107518.0,15512000,0.020734045987050642,35.31659297883494,24.976615876106774,26.072362889494578,2.2414851466731154
2023-01-06,107642.0,109433.0,107642.0,108836.0,12626600,0.01225841254487614,37.4128709360333,25.37666318701572,24.868659684808275,1.645595207468117
2023-01-09,108964.0,109938.0,108134.0,109227.0,12047300,0.003592561284869067,25.154666991404063,24.410883804047085,23.75910091139143,1.651606287822608
2023-01-10,109129.0,111193.0,108478.0,110912.0,13697900,0.01542658866397506,9.955385608079848,24.902813650053915,24.15541986821987,2.447886612810156
2023-01-11,110816.0,111841.0,110752.0,111763.0,14461400,0.007672749567224413,10.574199102239264,23.37990860363817,23.59036803718493,0.974383293218686
2023-01-12,112516.0,113129.0,110982.0,111877.0,19839100,0.0010200155686586054,9.443027829030038,22.6644232092508,23.224494945352376,1.9190718378218938
2023-01-13,111843.0,111847.0,110428.0,110916.0,15939000,-0.008589790573576339,14.007645974802754,23.012933345982027,23.001430785129948,1.2793465325110895
2023-01-16,110908.0,110908.0,108753.0,109213.0,12512400,-0.015353961556493156,19.561967802393788,23.875776815118773,23.26409081716194,1.9732083176911175
2023-01-17,109214.0,111577.0,109214.0,111439.0,14363200,0.020382188933551815,22.16197190271564,24.263136052927344,23.089883161890207,2.1204425739642314
2023-01-18,111442.0,113306.0,111441.0,112452.0,14128600,0.009090174893888081,22.45074507969967,23.907900891510405,23.21708194441087,1.6584853982143493
2023-01-19,112219.0,113172.0,111307.0,113006.0,15594300,0.004926546437591162,22.589853295616972,22.807523404488123,23.231402729046856,1.6503548484151285
2023-01-20,112922.0,113025.0,111735.0,112301.0,15436600,-0.006238606799638946,21.94187255400285,23.015877577112335,22.52381935963755,1.148698586833599
2023-01-23,112041.0,113061.0,111542.0,111709.0,13701000,-0.005271547003143362,17.466759188553823,23.153719112436878,22.597884903685426,1.3597830076359112
2023-01-24,111746.0,113040.0,111669.0,113028.0,11551500,0.011807464036022175,13.09164487366917,22.276855402527413,21.619997608583823,1.2129737764093853
2023-01-25,113028.0,114386.0,111927.0,114195.0,11413000,0.010324875252149868,13.485086690121504,22.148447296270824,21.221195152996955,2.1533342090284164
2023-01-26,114271.0,114835.0,113591.0,114109.0,10920800,-0.000753097771356015,13.605297331914826,22.072799218223544,21.21947763329178,1.0901856996380652
2023-01-27,114178.0,114191.0,112044.0,112502.0,10614500,-0.014083025878765087,17.242072097234203,22.09652719014596,21.783833119670646,1.908410517146362
2023-01-30,112319.0,112920.0,111824.0,111888.0,11272700,-0.005457680752342209,17.28114024949468,22.191272218736454,21.650278663179826,0.9795509795509796
2023-01-31,112273.0,113581.0,112145.0,113532.0,12900200,0.014693264693264707,18.55885891035643,18.87046247087292,21.553360175350246,1.2648416305535002
2023-02-01,113430.0,113598.0,110729.0,112303.0,17821500,-0.010825141810238526,17.88614293625885,17.547861172372755,20.99002041897664,2.5546957783852613
2023-02-02,112072.0,112943.0,109747.0,109935.0,15241800,-0.02108581248942598,21.52692678015011,19.2749671513475,21.996474234811867,2.9071724200664026
2023-02-03,110141.0,110570.0,108185.0,108490.0,13235300,-0.013144130622640637,21.351572021227515,18.71461495026928,22.36988501353103,2.1983592957876303
2023-02-06,108518.0,108710.0,107416.0,108456.0,11514600,-0.000313392939441437,21.915444527100654,18.21907775124365,21.400305579081984,1.1931105701851443
2023-02-07,108727.0,109037.0,107234.0,107920.0,12956300,-0.004942096333997226,12.62135963307813,18.24077178034694,21.29768302981678,1.670681986656783
2023-02-08,107832.0,110175.0,107830.0,109882.0,13837000,0.018180133432172063,23.567580734636394,18.565937464473603,21.918873242299338,2.1341074971332885
2023-02-09,109952.0,110046.0,107781.0,107783.0,12956000,-0.019102309750459567,22.701653951148113,19.400881384973438,22.031824388037368,2.1014445691806682
2023-02-10,108002.0,108647.0,107620.0,108150.0,14458000,0.003404989655140467,21.445197369342296,19.459803321765406,22.059615402328824,0.9496070272769302
2023-02-13,108074.0,109193.0,107420.0,108846.0,9973600,0.00643550624133149,22.020515007439936,19.470077474658186,19.8267718494282,1.6289068959814783
2023-02-14,108839.0,109564.0,107557.0,107659.0,11894600,-0.01090531576723075,23.365224660351924,19.109447577378916,19.084146289613656,1.8642194335819577
2023-02-15,107849.0,110210.0,107267.0,109442.0,15499500,0.016561550822504323,22.569156511680387,18.620104482746495,19.389258339371356,2.6890955940132675
2023-02-16,109599.0,110437.0,108378.0,109905.0,12995900,0.004230551342263578,15.59998565932655,18.36944244003684,18.52618655219897,1.8734361494017562
2023-02-17,109941.0,109941.0,108968.0,109303.0,10058400,-0.0054774578044675115,17.00508518540513,18.298026233694316,18.284354980422393,0.8901859967247011
2023-02-22,109174.0,109174.0,106720.0,107152.0,9356400,-0.019679240277028054,22.192389449303644,19.299515271323312,19.134175876724683,2.2902045692100943
2023-02-23,107152.0,108663.0,106731.0,107720.0,11459000,0.005300880991488732,21.553431255378538,19.43192760475549,18.61667933075578,1.7935388043074638
2023-02-24,107582.0,107611.0,105360.0,105873.0,10221100,-0.017146305235796522,18.486690086525805,19.49219263686226,19.008377983807552,2.126132252793441
2023-02-27,105807.0,106402.0,105227.0,105711.0,9570700,-0.0015301351619393389,16.739224530948487,18.89157308638444,18.990636340593706,1.1115210337618602
2023-02-28,105706.0,106794.0,104932.0,104932.0,15672400,-0.007369147960004208,16.634071216922813,18.904884754905183,18.956081114368274,1.774482522014257
2023-03-01,104933.0,105497.0,103105.0,104385.0,19853000,-0.00521289978271644,13.070120341478395,18.550257345316172,18.548444021124045,2.2915169804090625
2023-03-02,104375.0,104912.0,103321.0,103326.0,14738800,-0.010145135795372906,9.320361721128329,18.6833540414603,17.50856096914221,1.5397866945396126
2023-03-03,103326.0,104440.0,103323.0,103866.0,13101500,0.005226177341617788,9.445659704827968,17.773566454759077,17.321926910677767,1.0754241041341728
2023-03-06,103865.0,105171.0,103170.0,104700.0,14277800,0.00802957656981107,12.755240658444066,18.08124638206446,17.461659875586236,1.9111747851002865
2023-03-07,104700.0,105179.0,103480.0,104228.0,12578200,-0.004508118433619868,12.127874354276386,16.89632175705498,17.436501912269243,1.6300802087730744
2023-03-08,104228.0,106721.0,104228.0,106540.0,15904100,0.02218213915646472,19.774453924403414,18.44765160604263,18.808570020822536,2.3399662098742255
2023-03-09,106540.0,106724.0,105053.0,105071.0,19174300,-0.013788248545147375,21.52601519764116,18.9856611644358,18.696330172580314,1.5903531897478846
2023-03-10,105071.0,105071.0,103201.0,103618.0,17952200,-0.013828744372852642,24.56015548378045,19.436387527831812,18.582157197211334,1.804705746105889
2023-03-13,103608.0,103907.0,102255.0,103121.0,12993800,-0.004796463934837569,23.455576085245784,18.0296181347638,18.573437902591593,1.602001532180642
2023-03-14,103121.0,104153.0,102482.0,102932.0,13133800,-0.0018327983630880285,23.42033217252479,17.04689972374548,18.292840465721852,1.6234018575370146
2023-03-15,102930.0,103048.0,100692.0,102675.0,15246500,-0.0024967939999223088,9.52268156790226,16.927380291518006,18.276915691168288,2.294618943267592
2023-03-16,102683.0,103911.0,102455.0,103435.0,14385800,0.007401996591185789,12.04385055063828,16.994243050894116,17.78620781777105,1.4076473147387247
2023-03-17,103434.0,103434.0,101664.0,101982.0,17560000,-0.014047469425242931,12.166852929192666,17.226346218724927,17.932698075546085,1.7356004000706007
2023-03-20,101982.0,102328.0,100679.0,100923.0,0,-0.010384185444490157,13.241230249298555,15.946906237078634,17.257960262472622,1.633918928291866
2023-03-21,100923.0,101670.0,100923.0,100998.0,9672100,0.0007431408103206749,13.659825818907208,15.77031349445198,17.00138386685853,0.7396186063090359
2023-03-22,100998.0,101888.0,100129.0,100221.0,11504600,-0.0076932216479533855,13.854648924006794,15.815623607424529,17.0598736347095,1.755121182187366
2023-03-23,100221.0,101126.0,96997.0,97926.0,0,-0.022899392342922154,13.747603798820931,16.249331630082423,18.042171896050256,4.216449155484754
2023-03-24,97926.0,99258.0,97688.0,98829.0,0,0.009221248697996343,19.191566173857574,16.592146379021834,17.29212310555069,1.5886025356929647
2023-03-27,98833.0,99997.0,98833.0,99670.0,9990600,0.008509647977820167,21.18211499965574,16.418318545756815,16.971914857468647,1.1678539179291663
2023-03-28,99672.0,101559.0,99488.0,101185.0,13500100,0.015200160529748263,24.732725015518582,17.566655872302515,17.66180337626667,2.046746059198498
2023-03-29,101185.0,102213.0,100248.0,101793.0,12456100,0.006008795770124031,23.778917772687393,17.664695143482493,17.644189050317312,1.9303881406383543
2023-03-30,101796.0,104085.0,101796.0,103713.0,14901600,0.018861807786390017,8.405901873924737,18.930838048591287,18.454322575075565,2.2070521535390935
2023-03-31,103714.0,104041.0,101476.0,101882.0,15111200,-0.01765448882975129,22.669592593719916,19.593057419793606,18.25957089591965,2.5176184213109285
2023-04-03,101883.0,101916.0,100651.0,101506.0,12794800,-0.0036905439626234715,23.520117693316195,19.502389817517827,18.15670385584002,1.2462317498472997
2023-04-04,101505.0,103056.0,101505.0,101869.0,11695800,0.0035761432821705963,21.296059699988852,19.301940572328842,18.220789232701463,1.5225436590130461
2023-04-05,101869.0,101960.0,99898.0,100978.0,13256500,-0.008746527402840876,21.861967981467554,19.447816068590125,17.57784826373466,2.042028956802472
2023-04-06,100978.0,101628.0,100443.0,100822.0,9818500,-0.0015448909663491328,12.78617814690413,17.45156040323497,17.44505545224108,1.1753387157564819
2023-04-10,100822.0,102196.0,100819.0,101847.0,8148700,0.010166431929539144,11.46492913022711,17.48344029186565,17.19842478681337,1.3520280420630946
2023-04-11,101849.0,106455.0,101848.0,106214.0,18725700,0.04287804255402716,31.79146316080505,22.67817787887324,21.428046620052815,4.337469636771047
2023-04-12,106218.0,108277.0,106217.0,106890.0,17345500,0.00636450938670996,31.537689779394817,22.63118836910072,21.373578290152516,1.9272148938160725
2023-04-13,106890.0,107037.0,106220.0,106458.0,12182900,-0.004041538029750158,29.928153373681575,22.68880535448655,21.348084464475374,0.7674388021567191
2023-04-14,106458.0,106701.0,104934.0,106279.0,11501000,-0.0016814142666591314,29.963664890044946,22.671546239769096,21.112630783216808,1.6626050301564748
2023-04-17,106279.0,106830.0,105623.0,106016.0,10253400,-0.0024746186923099156,31.42371103878422,22.618875023663357,21.097423362834906,1.138507395110172
2023-04-18,106023.0,106475.0,105122.0,106163.0,11207900,0.001386583157259258,6.5295502525766755,21.92311390107661,20.986290241682322,1.2744553187080243
2023-04-19,106149.0,106149.0,103604.0,103913.0,12713600,-0.02119382459048824,14.188201211086001,22.986807297180967,21.87391993242612,2.449164204671215
2023-04-20,103913.0,104615.0,103087.0,104367.0,12378000,0.004369039484953818,15.921138271126736,23.00626606738444,20.89067730401882,1.4640643115160923
2023-04-24,104367.0,104822.0,103247.0,103947.0,10935400,-0.004024260542125346,15.800132694416291,22.852858007562546,20.54398558146168,1.5151952437299778
2023-04-25,103947.0,103947.0,102633.0,103220.0,10873200,-0.0069939488393123694,15.781188576446233,21.294617410508533,20.245576769844966,1.2730091067622553
2023-04-26,103220.0,103668.0,102233.0,102312.0,10115500,-0.008796744816895963,14.684248422105018,21.50190885519912,20.35994119073558,1.4025725232621784
2023-04-27,102310.0,103177.0,101975.0,102923.0,11302800,0.005971929001485687,10.628035584198685,21.419005217219762,20.430541519396765,1.1678633541579628
2023-04-28,102923.0,104432.0,102449.0,104432.0,13080900,0.014661445935310935,15.734606138376197,21.376728181821697,20.843787599534696,1.8988432664317452
2023-05-02,104431.0,104447.0,101569.0,101927.0,12018000,-0.023986900566876024,23.53219967144193,23.05507564728277,21.91766081448966,2.823589431652065
2023-05-03,101927.0,102331.0,101433.0,101797.0,11688200,-0.0012754226063751428,23.39744284079063,22.029634408225807,21.535746175633516,0.8821478039627887
2023-05-04,101798.0,103321.0,101063.0,102174.0,14837300,0.0037034490210909876,23.02028417383592,21.19698689093508,21.32995228910764,2.209955565995263
2023-05-05,102175.0,105306.0,102175.0,105148.0,16699500,0.029107209270460288,31.291775686062685,23.368180468989575,22.885749222784447,2.9777076121276678
2023-05-08,105161.0,106716.0,105161.0,106042.0,13259200,0.008502301517860467,30.31478057508143,23.47788274959118,22.80515216659544,1.4664001056185285
2023-05-09,106028.0,107731.0,105549.0,107114.0,13526600,0.010109202014296326,18.34377989994703,23.29662090092645,21.653123256098826,2.0370819874152772
2023-05-10,107114.0,107744.0,106538.0,107448.0,13576900,0.0031181731613048047,16.84164161291484,23.24008463260829,21.574892072793926,1.1224033951306678
2023-05-11,107446.0,108667.0,106419.0,108256.0,12772100,0.007519916610825739,16.010517346019554,23.157152318055942,21.55434632904132,2.0765592669228496
2023-05-12,108256.0,108817.0,107497.0,108464.0,11925000,0.0019213715637007578,5.61939106616365,18.057483863033234,21.23422538653329,1.216993656881546
2023-05-15,108469.0,109271.0,108356.0,109029.0,11603200,0.005209101637409619,5.256629862488213,18.019115779759623,21.22369084439157,0.8392262609030625
2023-05-16,109029.0,110151.0,108085.0,108194.0,16897300,-0.007658512872721901,9.232795659614018,18.189516309407207,20.82179250573025,1.9095328761299146
2023-05-17,108194.0,109774.0,108188.0,109460.0,13993000,0.011701203393903459,11.585679913182787,18.543732244968716,20.2050913145119,1.4489311163895486
2023-05-18,109459.0,110206.0,108864.0,110108.0,13613100,0.005919970765576377,11.309079884380544,18.546725769204116,20.14227792709916,1.2188033567043268
2023-05-19,110113.0,111211.0,109787.0,110745.0,16135800,0.005785229047843954,11.319468821116088,18.59480819340108,20.159916703681922,1.2858368323626348
2023-05-22,110745.0,111643.0,110178.0,110213.0,11769400,-0.004803828615287387,12.87715629322975,16.789202492499733,19.994274830770312,1.3292442815275873
2023-05-23,110213.0,111325.0,109713.0,109929.0,12334800,-0.0025768285048043404,10.760322858170083,16.882694197833587,20.016870170416794,1.4664010406717063
2023-05-24,109920.0,109920.0,108546.0,108800.0,12980200,-0.010270265353091501,11.130276515708658,17.321144276502825,20.252734376905536,1.2628676470588236
2023-05-25,108800.0,111115.0,108800.0,110054.0,14745300,0.0115257352941176,13.781676418112129,17.266245187012906,16.478484837656733,2.1035128209787923
2023-05-26,110058.0,111706.0,109900.0,110906.0,11019700,0.007741654097079609,14.362884915064846,16.77219637635579,16.520504642538427,1.6284060375453084
2023-05-29,110906.0,111168.0,110195.0,110333.0,5913000,-0.005166537428092255,14.446519653382236,17.040605399235325,16.555190405208542,0.8818757760597463
2023-05-30,110333.0,111291.0,108552.0,108967.0,11588000,-0.012380702056501658,17.090146928708247,17.354952313148974,17.003875786211402,2.513605036387163
2023-05-31,108967.0,109137.0,108193.0,108335.0,15861100,-0.005799921077023318,15.935129027488864,14.879661101113639,17.08812903406427,0.8713712096736973
2023-06-01,108339.0,110745.0,108335.0,110565.0,14669000,0.02058429870309686,20.884223810144196,15.98356099051396,18.027607117303727,2.179713290824402
2023-06-02,110568.0,113070.0,110567.0,112558.0,14545800,0.018025595803373484,24.018020557160632,16.70492420310695,17.32282843788128,2.2237424261269743
2023-06-05,112558.0,113071.0,111736.0,112696.0,9078800,0.0012260345777288517,23.04906699500536,14.16528586268799,17.320855093258523,1.184602825299922
2023-06-06,112697.0,114783.0,112696.0,114610.0,15025400,0.0169837438773337,18.641942294300453,14.842894955798286,17.686881287446873,1.8209580315853766
2023-06-07,114610.0,115978.0,114610.0,115488.0,14017100,0.007660762586161773,12.938652579313883,14.734524213148054,17.45269354309407,1.1845386533665836
2023-06-09,115489.0,117603.0,115489.0,117019.0,13527100,0.013256788584095291,11.112472167113982,15.10394321287255,17.237658063662202,1.8065442364060535
2023-06-12,117022.0,117735.0,116704.0,117336.0,12016200,0.0027089617925293297,10.698048093299047,15.059148710626808,17.2401095174065,0.8786732119724552
2023-06-13,117337.0,117924.0,116363.0,116743.0,12392200,-0.0050538624122179465,13.814147914172473,15.364529062406646,17.17068001534017,1.3371251381239133
2023-06-14,116753.0,119085.0,116745.0,119069.0,16938600,0.019924106798694607,15.223803939587599,16.37658850176063,15.649719185498585,1.9652470416313228
2023-06-15,119068.0,119686.0,118693.0,119221.0,12298000,0.0012765707278972194,15.893917169471475,15.84141010212218,15.574669781709622,0.8329069543117403
2023-06-16,119208.0,119555.0,118487.0,118758.0,15251700,-0.003883544006508921,15.908760371255529,15.890862695302415,15.797023377542105,0.899307836103673
2023-06-19,118757.0,119939.0,118558.0,119858.0,6776300,0.009262533892453462,16.503869744362227,15.985314289781854,14.132870404220373,1.1521967661733052
2023-06-20,119858.0,119858.0,118416.0,119622.0,10924200,-0.001968996646031118,15.517606244282542,16.107319802216296,14.195257465395498,1.2054638778819948
2023-06-21,119623.0,120519.0,119332.0,120420.0,11736700,0.0066710136931333874,8.877190951783296,15.829636885836857,14.102682754892793,0.9857166583623983
2023-06-22,120420.0,120420.0,118018.0,118934.0,11831500,-0.012340142833416334,13.759503975379525,16.699423612147168,14.872437666291333,2.0196075134107994
2023-06-23,118959.0,119386.0,118178.0,118977.0,12845400,0.00036154505860386266,13.418301474281863,15.959770039551447,14.846204752637842,1.0153222891819427
2023-06-26,118977.0,119148.0,117491.0,118243.0,10456600,-0.006169259604797528,11.300231687204306,16.1286784279657,15.08969228351225,1.4013514542087058
2023-06-27,118246.0,119212.0,116561.0,117523.0,13077000,-0.006089155383405376,11.51139848621287,16.377098606486026,15.294987944057262,2.2557286658781686
2023-06-28,117524.0,117937.0,116560.0,116681.0,10646300,-0.007164555023272068,7.172861472257345,16.51382789885326,15.266987851148118,1.1801407255680016
2023-06-29,116683.0,118623.0,116683.0,118383.0,11055300,0.014586779338538358,14.535554081184618,16.042556131794846,15.438980630759946,1.6387488068388196
2023-06-30,118388.0,119447.0,118087.0,118087.0,13824700,-0.002500359004248942,14.521690571945003,15.827797687874149,15.47736755489925,1.1516932431173628
2023-07-03,118092.0,119877.0,118092.0,119673.0,8907500,0.013430775614589274,16.981674687735314,15.068242954829675,15.77920011859465,1.491564513298739
2023-07-04,119673.0,119678.0,118830.0,119076.0,6555200,-0.004988593918427764,16.647603054474207,14.429823908137395,15.786858500349673,0.7121502233867446
2023-07-05,119072.0,120200.0,118688.0,119549.0,10959000,0.003972253014881355,14.198994002415674,14.42527590380967,15.713126526449628,1.264753364729107
2023-07-06,119548.0,119548.0,117096.0,117426.0,11025700,-0.01775840868597811,18.27907979785982,15.140205521505209,16.391572230318047,2.0881235842147396
2023-07-07,117427.0,119549.0,117427.0,118898.0,10521000,0.012535554306541963,20.746591534237364,15.49239950038077,16.441901965550702,1.7847230399165672
2023-07-10,118897.0,118897.0,117814.0,117942.0,8104000,-0.0080405053070699,18.393784454467653,15.198033699651422,16.650593940805724,0.918247952383375
2023-07-11,117942.0,117942.0,115704.0,117220.0,10592500,-0.0061216530158891835,18.49386509153874,15.33750720881429,16.68909819627389,1.9092305067394642
2023-07-12,117557.0,119156.0,117557.0,117666.0,8941200,0.0038048114656201726,18.45396378812751,15.276787761886215,16.120565524833054,1.358931212074856
2023-07-13,117671.0,119739.0,117668.0,119264.0,9257600,0.013580813489028287,16.04248854409172,14.388528656516664,16.21995799479503,1.7364837671049103
2023-07-14,119268.0,119329.0,117526.0,117711.0,8980000,-0.013021532063321684,16.863616923738597,15.079259043284349,16.023907521448304,1.5317175115324821
2023-07-17,117711.0,118302.0,116591.0,118219.0,8201900,0.004315654441810812,16.32965575202062,15.119262835676533,15.319968150745867,1.447313883555097
2023-07-18,118218.0,118732.0,117324.0,117841.0,8584800,-0.003197455569747709,15.701181809852057,14.751074965210664,15.384913393014182,1.1948303222138306
2023-07-19,117842.0,118011.0,116660.0,117552.0,9728700,-0.0024524571244304294,15.649515774034692,14.756989354524249,14.705175970012597,1.149278617122635
2023-07-20,117558.0,118290.0,117484.0,118083.0,8986400,0.004517149857084624,11.377391471667407,14.638166580548406,14.607235803023578,0.6825707341446271
2023-07-21,118090.0,120373.0,118086.0,120217.0,11181500,0.018072034077724952,13.551843078689831,15.41198816767777,15.025270808317979,1.9023931723466732
2023-07-24,120220.0,121772.0,120099.0,121342.0,10494800,0.009358077476563142,14.031323650098953,15.709911319582506,15.215581673067474,1.3787476718695917
2023-07-25,121344.0,123010.0,121344.0,122008.0,11427100,0.005488618944800683,11.930940911957823,15.559385367305973,15.14785894223273,1.3654842305422596
2023-07-26,122003.0,122747.0,121370.0,122560.0,9988800,0.0045242934889515585,9.155050556321642,15.336512006466046,14.146018483638384,1.1235313315926891
2023-07-27,122560.0,122599.0,119825.0,119990.0,10678700,-0.020969321148825104,23.143623150719826,17.032756231510866,15.511880395960423,2.311859321610134
2023-07-28,120002.0,120660.0,119706.0,120187.0,8464200,0.0016418034836236384,19.124917590289662,16.345198234010212,15.46620469148134,0.7937630525764019
2023-07-31,120188.0,122149.0,120188.0,121943.0,10122700,0.014610565202559433,21.012915449639753,16.976262630850123,15.805117613959634,1.6081283878533414
2023-08-01,121945.0,121945.0,120154.0,121248.0,10302800,-0.005699384138490915,21.028264085330086,16.583333456417165,15.895001951394223,1.4771377672209027
2023-08-02,121249.0,121252.0,119798.0,120859.0,10565900,-0.0032083003430984913,20.41474345663453,16.518064612938264,15.819350376053414,1.2030547993943355
2023-08-03,120859.0,122619.0,120365.0,120586.0,13027300,-0.002258830538064971,12.77058128749966,16.506395382589876,15.390634889674008,1.8692053803924171
2023-08-04,120586.0,121442.0,119215.0,119508.0,15065200,-0.00893967790622463,14.532428270566172,15.533828954060864,15.632376559978784,1.8634735749907954
2023-08-07,119509.0,120104.0,118894.0,119380.0,8726500,-0.001071058004485037,4.972567708159551,14.95196079013788,15.521445465854825,1.0135701122466074
2023-08-08,119378.0,119553.0,117492.0,119090.0,10246000,-0.0024292176243927432,4.907564800168565,14.684606763337765,15.425141362372855,1.7306238978923503
2023-08-09,119090.0,119090.0,117901.0,118409.0,11245600,-0.005718364262322639,5.106814659905646,14.662333543102788,15.36839214021994,1.0041466442584601
2023-08-10,118412.0,119438.0,118113.0,118350.0,12689600,-0.0004982729353343318,5.629320448647665,14.616616970016308,14.780541399760422,1.1195606252640473
2023-08-11,118350.0,119054.0,117415.0,118065.0,11867500,-0.0024081115335867764,3.213557528276582,13.81586134100743,14.77919179120276,1.3882183542963622
2023-08-14,118067.0,118082.0,116530.0,116810.0,11203500,-0.010629737856265642,6.330067569438258,13.564077234132125,14.527238151776146,1.3286533687184316
2023-08-15,116809.0,117697.0,116033.0,116171.0,14636000,-0.005470422052906376,6.117331245407364,13.565289378160386,14.54007280175521,1.43237124583588
2023-08-16,116171.0,117338.0,115534.0,115592.0,18862600,-0.00498403215948906,6.08094907351287,13.619133685436005,14.517266204052664,1.560661637483563
2023-08-17,115592.0,116610.0,114859.0,114982.0,12747500,-0.005277181811890075,4.753640645968494,13.695112285025212,13.698927452362303,1.522847054321546
2023-08-18,114973.0,115729.0,114423.0,115409.0,10601000,0.00371362474126391,8.203180520015419,13.656978129427838,13.189361888834117,1.1316275160516076
2023-08-21,115404.0,115425.0,114067.0,114429.0,9794400,-0.008491538788136133,7.291207118281659,11.964605111690691,13.211035340849882,1.18676209702086
2023-08-22,114433.0,116286.0,114433.0,116156.0,9828500,0.015092327993777799,15.192415387192671,12.805175258368672,13.90523369345903,1.5952684321085437
2023-08-23,116160.0,118135.0,116159.0,118135.0,11542800,0.017037432418471665,18.34759714817896,14.209425780445367,14.74543455806673,1.6726626317348794
2023-08-24,118135.0,118136.0,116848.0,117026.0,9196200,-0.009387565073856186,19.883304381226292,14.283689222328016,14.430043161614467,1.1006101208278503
2023-08-25,117025.0,117252.0,115397.0,115837.0,9214100,-0.010160135354536637,22.141481008775067,12.915397680454651,14.23841605427586,1.6013881574971727
2023-08-28,115838.0,117253.0,115836.0,117121.0,9596900,0.011084541208767451,21.301623598788158,13.613504333949342,14.568511630462961,1.2098598884913891
2023-08-29,117124.0,118493.0,117124.0,118404.0,9631600,0.010954482970602974,20.208412485023864,13.128953545043082,14.895153377213258,1.1562109388196344
2023-08-30,118404.0,118841.0,117471.0,117535.0,8924000,-0.0073392790784094775,17.45089643687519,13.209150996981812,15.037469603416392,1.1656102437571787
2023-08-31,117537.0,117637.0,115742.0,115742.0,12950000,-0.015255030416471693,19.598959282728607,14.04432601400091,15.606872811752451,1.6372621865874097
2023-09-01,115744.0,117991.0,115744.0,117893.0,11890700,0.01858443780131669,22.5873103441832,15.752005223412265,15.660815866297808,1.9059655789571899
2023-09-04,117893.0,118576.0,117590.0,117777.0,5529700,-0.0009839430670184335,21.67648248410646,15.487403959024231,15.373382844131156,0.8371753398371498
2023-09-05,117776.0,117957.0,116637.0,117331.0,10870700,-0.0037868174601153326,19.95158723347415,15.52524736131993,15.270607965085286,1.1250223726040005
2023-09-06,117331.0,117971.0,115984.0,115985.0,9916100,-0.011471819041855902,20.874495579501446,15.956397606320136,15.447063290496216,1.7131525628314006
2023-09-08,115979.0,115979.0,114839.0,115313.0,8360700,-0.0057938526533602985,18.160145011796594,15.959106634214363,14.400513965393694,0.9886135995074276
2023-09-11,115316.0,117131.0,115316.0,116883.0,8789000,0.013615117116023256,14.884566947787443,16.767147668247613,15.016888047526688,1.5528348861682195
2023-09-12,116885.0,118154.0,116885.0,117968.0,9192800,0.009282787060564734,16.844412275166473,17.089098691096122,14.613105104790822,1.0757154482571545
2023-09-13,117968.0,119318.0,117722.0,118176.0,12075300,0.0017631900176318105,16.437654200805728,16.649955301195273,14.567361112190111,1.350528025995126
2023-09-14,118181.0,119748.0,118181.0,119392.0,13279300,0.010289737340915206,12.400214306899992,16.81945270500245,14.896209059686461,1.3124832484588582
2023-09-15,119393.0,119780.0,118666.0,118758.0,16107600,-0.0053102385419459,12.11607620532874,16.835319291997436,14.956059852235809,0.9380420687448425
2023-09-18,118759.0,119486.0,118123.0,118288.0,11273100,-0.003957628117684742,11.499230225322533,16.776060505461736,14.779446020252026,1.1522724198566212
2023-09-19,118293.0,118458.0,117628.0,117846.0,11453800,-0.0037366427701880367,10.245835369069106,16.84518822984965,14.811683649013624,0.704309013458242
2023-09-20,117864.0,119616.0,117847.0,118695.0,9238800,0.007204317499108992,11.545189028683323,16.600819968318103,14.958806588774682,1.4903744892371202
2023-09-21,118695.0,118695.0,116013.0,116145.0,12685800,-0.021483634525464423,16.312770855712117,17.708001909663317,16.128394271273184,2.3091824874079814
2023-09-22,116147.0,116968.0,115855.0,116009.0,9443500,-0.0011709501054716354,16.59837621484926,16.59618757986742,16.129227600028265,0.9594083217681386
2023-09-25,116009.0,116031.0,115573.0,115925.0,9580000,-0.0007240817522778942,16.837778954446485,16.30088097482796,16.120349486047125,0.395083027819711
2023-09-26,115922.0,115922.0,114162.0,114193.0,11241800,-0.014940694414492084,18.5286744314037,16.739757319399516,16.40034551167118,1.5412503393377879
2023-09-27,114194.0,115340.0,113366.0,114327.0,13359300,0.00117345196290497,16.112422192061793,16.209728147534502,16.345487214145262,1.7266262562649244
2023-09-28,114875.0,115954.0,114811.0,115731.0,10387000,0.012280563646382747,15.370873067323798,16.33996250433877,16.694438549758683,0.9876351193716463
2023-09-29,115742.0,116899.0,115742.0,116565.0,11143200,0.007206366487803706,16.322174453430492,16.409742815200953,16.73746595973818,0.9925792476300775
2023-10-02,116565.0,116672.0,114761.0,115057.0,8524900,-0.012936987946639222,19.1860531640402,16.162115835982497,17.151079776698918,1.6609158938613038
2023-10-03,115055.0,115056.0,113151.0,113419.0,11104800,-0.014236421947382616,18.877960678577548,15.324523344708755,17.474685889672557,1.679612763293628
2023-10-04,113430.0,114075.0,113036.0,113607.0,10813800,0.0016575706010457658,18.921043611380416,15.369416098501928,16.874072122902415,0.9145563213534377
2023-10-05,113609.0,114359.0,112705.0,113284.0,9507200,-0.0028431346659977264,14.706801556758887,15.356513110634317,16.021931645073558,1.4600473147134636
2023-10-06,113283.0,114491.0,111599.0,114170.0,13138200,0.007821051516542443,15.011274024328564,15.251781139300617,16.047795901389176,2.5330647280371377
2023-10-09,114169.0,115219.0,113448.0,115156.0,9474400,0.00863624419724962,14.828988062495831,15.463027107092136,16.01708711721935,1.5379137865156831
2023-10-10,115158.0,116900.0,115158.0,116737.0,11621500,0.013729202125811968,10.253035895965459,15.475747388649538,16.19558553806959,1.4922432476421357
2023-10-11,116737.0,117099.0,116231.0,117051.0,9949800,0.0026898070020644482,10.01368076917504,15.141622129006532,15.881288580283018,0.7415570990422978
2023-10-13,117050.0,117070.0,115658.0,115754.0,10609300,-0.011080640062878566,15.044184859263376,15.565854185345213,16.060689809843076,1.2198282564749383
2023-10-16,115760.0,116905.0,115760.0,116534.0,8989900,0.0067384280456830314,14.906233620898956,15.289202508234414,15.55710938839866,0.9825458664424117
2023-10-17,116526.0,116917.0,115564.0,115908.0,10371700,-0.005371822815658955,15.549284937400493,15.291349584842356,14.628617622857853,1.1673051040480382
2023-10-18,115907.0,115907.0,113952.0,114060.0,15492200,-0.015943679469924477,14.912207597540753,16.11400991651821,15.296701274396282,1.7140101700859198
2023-10-19,114059.0,115063.0,113768.0,114004.0,11497600,-0.0004909696650885476,14.081294914791934,16.1010964866075,15.274771385643989,1.1359250552612188
2023-10-20,113996.0,114090.0,112533.0,113155.0,11739200,-0.007447107119048502,13.347286272043446,15.898561624128634,15.07627637973283,1.3759886880827183
2023-10-23,113145.0,113680.0,112164.0,112785.0,10701800,-0.00326985108921396,9.320616796412285,14.289202722676036,15.020972297911378,1.3441503746065522
2023-10-24,112814.0,114249.0,112814.0,113762.0,10711800,0.008662499445848404,14.35881422444277,14.705410722896328,14.675579951575237,1.2614053902005942
2023-10-25,113762.0,114319.0,112680.0,112830.0,12306500,-0.008192542325205276,10.81006853652066,14.920796483208786,14.49895353093465,1.452627847203758
2023-10-26,112840.0,114886.0,112840.0,114777.0,12770600,0.017256048923158795,17.681626797381522,15.359361272128632,15.460090909151736,1.782587103688021
2023-10-27,114777.0,115342.0,112953.0,113301.0,12289500,-0.01285971928173768,19.691468889823412,16.012764249679613,15.456548143436862,2.108542731308638
2023-10-30,113303.0,114204.0,112309.0,112532.0,9741800,-0.006787230474576522,20.245891147281494,15.466084977200156,15.49242866319899,1.6839654498276044
2023-10-31,112534.0,113597.0,112098.0,113144.0,10557400,0.005438453062240001,19.452109819882143,15.355460594208989,15.614798933631668,1.3248603549459095
2023-11-01,113157.0,115433.0,113157.0,115053.0,13904100,0.016872304320158404,21.651417402654122,15.9860141915752,16.469731290354645,1.9782187339747768
2023-11-03,115062.0,118502.0,115062.0,118160.0,15714000,0.027004945546834858,26.071316692743483,17.641253049826407,18.208460512654806,2.911306702775897
2023-11-06,118160.0,118758.0,118045.0,118487.0,10167700,0.002767433987813206,20.80256997382247,17.642645041715408,17.051987343003123,0.601753778895575
2023-11-07,118422.0,119577.0,118026.0,119268.0,16393100,0.006591440411184424,15.994759807176361,17.614741252739975,17.12538900563621,1.3004326390985008
2023-11-08,119268.0,119976.0,118464.0,119099.0,15193500,-0.0014169768923768533,18.27311234246277,17.55454443347304,17.132556354199526,1.269532069958606
2023-11-09,119180.0,120257.0,118446.0,119012.0,15568300,-0.0007304847227936895,18.593556632273327,17.41256908912655,16.46891765288888,1.5216952912311363
2023-11-10,119036.0,120823.0,119036.0,120636.0,0,0.013645682788290259,9.812968653702598,17.405277313264484,16.844423103789744,1.4813156934911635
2023-11-13,120561.0,120606.0,119878.0,120376.0,11198000,-0.0021552438741337943,10.826633146353853,17.44871610315535,16.58498563891209,0.6047717152920848
2023-11-14,120411.0,123370.0,120411.0,123328.0,19427900,0.02452316076294281,18.873206319879145,18.565217890235942,17.827795652479157,2.399292942397509
2023-11-16,123165.0,124737.0,123165.0,124576.0,18355600,0.010119356512714006,17.441982323876385,18.685547250697056,17.402934903582224,1.2618802979707167
2023-11-17,124639.0,125431.0,124547.0,125062.0,15719100,0.0039012329822758485,16.055480052084157,18.42076758515158,16.64555742097872,0.7068494026962626
2023-11-20,124773.0,126162.0,124773.0,126095.0,11108500,0.008259903088068343,15.738623697946915,17.025595236257697,16.698317781220513,1.1015504183353821
2023-11-21,125957.0,125957.0,125060.0,125607.0,10793500,-0.0038700979420278614,16.526880495092204,17.198336313728095,16.735019493008327,0.714132174162268
2023-11-22,125626.0,126875.0,125439.0,126035.0,14058500,0.003407453406259142,8.593949386366663,16.635659023882454,16.684836033567816,1.1393660491133415
2023-11-23,126035.0,126760.0,125764.0,126576.0,7816400,0.004292458444083103,6.979239517848996,16.354500510811757,16.61268236835659,0.7868790291998483
2023-11-24,126553.0,126553.0,125341.0,125542.0,9613100,-0.008169005182657063,10.556781810828754,16.979405650928474,16.620055009691505,0.9654139650475538
2023-11-27,125517.0,125826.0,124840.0,125683.0,11013800,0.0011231301078522549,8.360119831137645,16.38029791235505,16.624534423997183,0.7845134186803308
2023-11-28,125726.0,126916.0,125388.0,126538.0,12394200,0.006802829340483596,9.16013857285947,15.800953829548304,16.163444722457825,1.2075423983309361
2023-11-29,126541.0,127388.0,126018.0,126101.0,12417500,-0.003453508037111419,9.542990828869632,14.787072823836327,16.229667552744747,1.0864307182337969
2023-11-30,126168.0,127399.0,126168.0,127331.0,19238400,0.00975408601042016,11.611275448215748,14.203120340368661,16.169249328484504,0.9667716424122955
2023-12-01,127331.0,128165.0,126656.0,128103.0,13696500,0.0060629383260950576,8.288084808373023,14.201997475318132,15.13124600635011,1.1779583616308753
2023-12-04,128183.0,128183.0,126643.0,126803.0,10270500,-0.010148083963685495,13.206035897429727,14.664979406607243,15.62670548439145,1.2144823072009336
2023-12-05,126802.0,127489.0,126491.0,126903.0,11960300,0.0007886248748059099,12.43970027208678,12.249788182784215,15.29968087020818,0.7864274288235896
2023-12-06,126907.0,127538.0,125614.0,125623.0,10837300,-0.010086443976895731,14.519091498847278,13.116416124881706,15.698617052624902,1.5315666717082062
2023-12-07,125623.0,126581.0,125566.0,126010.0,10505300,0.0030806460600367735,12.046961447227304,13.045448619490932,15.62683991142571,0.8054916276485993
2023-12-08,126010.0,127289.0,125562.0,127094.0,10745300,0.008602491865725037,13.205048646263823,13.113044927175622,15.293067119671896,1.3588367664877965
2023-12-11,127093.0,127154.0,126526.0,126916.0,7091900,-0.0014005381843360531,10.871983172772435,13.139933408618099,14.83917716580015,0.4948154684988496
2023-12-12,126923.0,127359.0,126013.0,126403.0,10266500,-0.004042043556367947,11.240985824547272,12.774629788376263,14.20623279230518,1.0648481444269517
2023-12-13,126406.0,129793.0,126299.0,129465.0,15066200,0.024224108605017225,17.801070833245017,14.743335195048338,15.037230737224963,2.6987989031784654
2023-12-14,129469.0,131260.0,129469.0,130842.0,15822800,0.010636079249217945,17.803714208039786,12.922152032349416,15.13376533791563,1.3688265235933417
2023-12-15,130842.0,131661.0,129884.0,130197.0,15141000,-0.004929609758334452,19.805029621734487,12.907251596518604,14.953031961950696,1.3648547969615277
2023-12-18,130202.0,131447.0,130198.0,131084.0,9604400,0.006812752982019665,19.001586158552765,12.996546095777962,13.331100576051162,0.9528241432974276
2023-12-19,131088.0,132047.0,131086.0,131851.0,9429700,0.005851209911202027,16.687610592546616,12.883045870737211,13.346331170897475,0.7288530234886349
2023-12-20,131851.0,132341.0,130710.0,130804.0,10335800,-0.007940781639881433,12.783118965708152,13.1964416777892,13.72280884824586,1.2469037644108742
2023-12-21,130826.0,132277.0,130822.0,132182.0,8681000,0.010534846029173428,12.740592257374056,13.521557242459128,13.816453305582824,1.1007550195941957
2023-12-22,132553.0,133035.0,132094.0,132753.0,8231100,0.00431980148583011,11.131745058011457,13.522067051518984,13.758966985054377,0.7088352052307669
2023-12-26,132753.0,133645.0,132753.0,133533.0,0,0.005875573433368642,10.997148784654298,13.017036668899518,13.451011222181469,0.667999670493436
2023-12-27,133523.0,134195.0,133328.0,134194.0,6168200,0.004950087244351531,10.905776656869225,13.015955649636368,13.35209995247867,0.6460795564630312
2023-12-28,134194.0,134392.0,133832.0,134185.0,7812700,-6.706708198578326e-05,6.016955039708383,12.991023395351037,11.828878026734097,0.41733427730372247
2024-01-02,134186.0,134195.0,132095.0,132697.0,8437800,-0.01108916793978465,11.153967648243157,13.705957923290724,12.283570028493214,1.5825527329178504
2024-01-03,132697.0,133576.0,132250.0,132834.0,8702400,0.0010324272590940264,10.736357479568127,13.452269382232638,12.275885873258026,0.9982384028185555
2024-01-04,132831.0,132885.0,131024.0,131226.0,8972300,-0.012105334477618634,12.177139005366643,14.219877775981734,12.787619826718835,1.4181640833371434
2024-01-05,131218.0,132635.0,130579.0,132023.0,9199700,0.0060734915336899675,12.68137378216799,13.6912755906967,12.758823270059267,1.557304409080236
2024-01-08,132023.0,132498.0,131015.0,132427.0,8497500,0.0030600728660914456,13.34964002571873,13.689438352458803,12.755164019669834,1.1198622637377575
2024-01-09,132424.0,132426.0,131203.0,131447.0,9287500,-0.007400303563472654,12.068152009618727,13.417908651371274,12.995115799905784,0.9304130181746256
2024-01-10,131447.0,131628.0,130438.0,130841.0,8958400,-0.004610223131756519,11.877147100828703,13.616910025555942,12.809585190985532,0.9095008445364985
2024-01-11,130841.0,131308.0,129898.0,130649.0,9761700,-0.0014674299340420305,8.71829205367763,13.431214922072424,12.83660910554695,1.0792275486226455
2024-01-12,130652.0,131927.0,130410.0,130988.0,10661900,0.00259473857434811,7.188733459908395,13.399450381449366,12.738099291435898,1.1581213546279048
2024-01-15,130988.0,131606.0,130253.0,131521.0,5746600,0.004069075029773828,7.620405823099357,13.267742767653031,12.68660726257492,1.0287330540369979
2024-01-16,131515.0,131517.0,129147.0,129294.0,11911300,-0.016932657142205376,13.280874456761449,12.16646554309572,13.49768371851148,1.833031695206274
2024-01-17,129293.0,129296.0,128312.0,128524.0,9952500,-0.0059554194316828735,13.40024015960255,11.680767927244382,13.520173557348949,0.7656157604805328
2024-01-18,128524.0,129047.0,127316.0,127316.0,12460800,-0.00939902275061466,13.804959184051372,11.977498284352905,13.472280308086892,1.3596091614565333
2024-01-19,127319.0,127820.0,126533.0,127636.0,11956900,0.002513431147695533,13.776407306415015,11.71209084579695,13.488434738649593,1.0083362060860572
2024-01-22,127636.0,127843.0,125876.0,126602.0,9509100,-0.008101162681375174,11.09993498537078,11.64439012769683,13.368267477036605,1.5536879354196615
2024-01-23,126612.0,128331.0,126612.0,128263.0,9366100,0.01311985592644671,14.968568992510168,12.52175723577236,13.857860787896401,1.3402150269368407
2024-01-24,128275.0,129446.0,127680.0,127816.0,8823800,-0.0034850268588758615,14.61048198906779,11.830791401840818,13.695269356098166,1.381673655880328
2024-01-25,127815.0,128697.0,127803.0,128169.0,8757600,0.0027617825624335346,12.664273019370848,11.74503371731921,13.705473651860647,0.697516560166655
2024-01-26,128196.0,129252.0,127869.0,128967.0,8508000,0.006226154530346584,13.142244281370067,11.773914150803193,13.74171750097222,1.0723673497871549
2024-01-29,128970.0,129068.0,127853.0,128503.0,8764500,-0.0035978195972613536,11.181756366976327,11.542138101272121,11.83800733669855,0.9455032178237084
2024-01-30,128492.0,128492.0,127105.0,127402.0,10037400,-0.008567893356575373,9.256770114702528,11.733473721998527,11.613746596846461,1.0886799265317655
2024-01-31,127402.0,129558.0,127326.0,127752.0,12495200,0.002747209619943236,9.400055646473533,11.423379737277404,11.593201817677075,1.7471350742062748
2024-02-01,127752.0,128481.0,127284.0,128481.0,10226400,0.0057063685891414195,10.163524164515177,11.680331032664396,11.535973286489249,0.931655264202489
2024-02-02,128471.0,128878.0,126628.0,127182.0,10982800,-0.010110444345856617,10.954309138928892,11.471973555050676,11.681834473130188,1.7691182714535076
2024-02-05,127182.0,127834.0,126443.0,127593.0,9637200,0.003231589375854993,11.67618261135247,11.277274426307539,11.567755621394918,1.0901851982475528
2024-02-06,127593.0,130417.0,127593.0,130416.0,13780300,0.022125038207425174,18.27216599387457,13.898983028922954,12.95891582555442,2.165378481167955
2024-02-07,130412.0,130552.0,129518.0,129608.0,15425400,-0.006195558827137737,19.915634511176936,13.831821600464082,12.983328260159746,0.7977902598605026
2024-02-08,129950.0,130126.0,127912.0,128217.0,13634900,-0.010732362199864176,21.812065831965185,14.210925635621699,13.136377813813732,1.7267601020145535
2024-02-09,128216.0,128896.0,127579.0,128026.0,12115800,-0.001489662057293506,20.175588636777405,14.211034414979725,13.0011670239114,1.0286972958617782
2024-02-14,128026.0,128026.0,126663.0,127018.0,7748300,-0.007873400715479706,21.057287479369194,14.346166254979142,13.12089528771992,1.0730762569084697
2024-02-15,127018.0,127824.0,126932.0,127804.0,10980100,0.0061880993245051474,10.507361215017063,14.466703189764537,13.012496815501484,0.6979437263309443
2024-02-16,127809.0,129069.0,127653.0,128726.0,10119100,0.007214171700416161,12.817382664740668,13.574977984123135,13.227018260891315,1.100010875813744
2024-02-19,128720.0,129036.0,128097.0,129036.0,5799100,0.002408215900439714,9.786734735087697,13.434692439473256,12.832359621212477,0.727703896586999
2024-02-20,129033.0,129916.0,128326.0,129916.0,12237000,0.006819802225735527,10.07385251168396,13.14264532038282,12.867503499353239,1.2238677299177931
2024-02-21,129916.0,130034.0,129359.0,130032.0,12585700,0.0008928846331475171,4.5440591451883945,13.13104845186206,12.83061293169946,0.5191029900332226
2024-02-22,130035.0,130829.0,129971.0,130241.0,10771700,0.001607296665436131,4.760462939472107,12.714877934213542,12.679037841228649,0.6587787255933232
2024-02-23,130240.0,130624.0,129077.0,129419.0,9230300,-0.0063113766018381146,7.515491165383395,12.226792314973203,12.739010002277665,1.1953422604099861
2024-02-26,129417.0,129978.0,129077.0,129609.0,7436900,0.001468099738060058,7.440343009325151,12.145780072117445,12.744706126738212,0.6951677738428659
2024-02-27,129613.0,131696.0,129613.0,131689.0,10049000,0.01604826825297634,12.929443124678933,13.252769263561278,13.573807220902545,1.5817570184297853
2024-02-28,131685.0,131685.0,129771.0,130155.0,9045600,-0.01164865706323226,16.602707384574806,13.85263814747173,13.945153986589862,1.470554339057278
2024-02-29,130155.0,130155.0,128669.0,129020.0,12003100,-0.008720371864315624,17.64992373357603,14.152710296193966,13.281904062479386,1.1517594171446286
2024-03-01,129026.0,129716.0,128717.0,129180.0,9765100,0.001240117811192043,17.25246015055209,13.787693412156232,13.166508502188176,0.7733395262424524
2024-03-04,129176.0,129307.0,128278.0,128341.0,7967700,-0.006494813438612801,17.65330983330108,13.984740528951816,13.008422969415436,0.8017702838531725
2024-03-05,128336.0,128989.0,127823.0,128098.0,9692200,-0.0018933933816940307,8.233468231561604,13.858761444125633,13.005955717962477,0.9102405970428891
2024-03-06,128099.0,129323.0,128099.0,128890.0,11057900,0.006182766319536626,9.485413023162046,13.52199929142068,12.876470889585129,0.9496469858018466
2024-03-07,128890.0,129188.0,128033.0,128340.0,7350000,-0.004267204593063845,7.868104914815947,13.592327860255393,12.387613363999863,0.8999532491818606
2024-03-08,128335.0,128338.0,125802.0,127071.0,11937900,-0.009887798036465667,9.60502524281849,11.478902840828097,12.681855793183155,1.9957346680202406
2024-03-11,127068.0,127068.0,126065.0,126124.0,8899100,-0.007452526540280613,9.828921998016831,11.555668976834365,12.82183341823252,0.7952491199137357
2024-03-12,126124.0,128039.0,126121.0,127668.0,9483700,0.012241920649519455,15.009237227101268,11.920480565746011,13.208947433804916,1.502334179277501
2024-03-13,127668.0,128530.0,127439.0,128006.0,8837200,0.002647491932199042,14.184495786169466,11.949216450071935,13.197635676480232,0.8523037982594566
2024-03-14,127992.0,128256.0,127192.0,127690.0,9292600,-0.002468634282768001,14.007314944058106,11.642122142749225,12.973898665609715,0.8332680711097188
2024-03-15,127682.0,127957.0,126502.0,126742.0,14992400,-0.007424230558383593,13.10058067857201,11.725918022101657,13.128066936063412,1.148001451768159
2024-03-18,126758.0,127540.0,126272.0,126954.0,10512100,0.0016726894005143489,11.556525457043394,11.427568122587374,13.021144110622807,0.9987869622067836
2024-03-19,126955.0,128000.0,126955.0,127529.0,11184800,0.004529199552593788,7.584806584554246,11.521971061556927,12.757769536452457,0.8194214649217041
2024-03-20,127534.0,129210.0,127349.0,129125.0,10819300,0.012514800555167849,11.921035368340743,12.132675546395106,13.229385597058924,1.4412391093901258
2024-03-21,129125.0,129556.0,128093.0,128159.0,9570800,-0.0074811229428848325,13.472606886538104,12.376487526885782,11.70569276464222,1.1415507299526368
2024-03-22,128159.0,128159.0,126879.0,127027.0,9367800,-0.008832778033536437,14.037101712351227,12.66045572669689,11.84028983792699,1.0076597888637848
2024-03-25,127027.0,127224.0,126750.0,126931.0,8060500,-0.0007557448416478652,14.0130204870441,12.521079101739172,11.448158554979313,0.3734312342926472
2024-03-26,126931.0,127193.0,126591.0,126863.0,9435700,-0.000535724133584381,13.429701659208526,12.492649606249449,11.442960436722851,0.47452764005265524
2024-03-27,126863.0,127756.0,126223.0,127691.0,9918200,0.006526725680458423,9.814445628174848,11.227815582580106,11.373389161707312,1.200554463509566
2024-03-28,127689.0,128364.0,127270.0,128106.0,9943400,0.003250033283473286,9.119653774000078,10.695059293608617,11.270401547050266,0.8539802975660781
2024-04-01,128106.0,128659.0,126772.0,126990.0,9372600,-0.008711535759449163,9.046367709832905,10.694228296071802,11.342159441923856,1.4859437751004017
2024-04-02,126990.0,127654.0,126669.0,127549.0,9073600,0.004401921411134824,9.519803878219257,10.823056204127827,11.400050229750788,0.7722522324753625
2024-04-03,127546.0,127694.0,126181.0,127318.0,11032700,-0.0018110686873280546,9.689798281838588,10.62040596422655,11.200302282881873,1.1883629965912126
2024-04-04,127313.0,129627.0,127178.0,127428.0,13229200,0.000863978384831654,8.288696320724991,10.613185811700376,11.19995959711007,1.921869604796434
2024-04-05,127422.0,127432.0,126394.0,126795.0,9101300,-0.004967511065072094,8.05791350844097,10.466353378979775,11.246816319656627,0.8186442683071098
2024-04-08,126796.0,129178.0,126796.0,128857.0,8128300,0.016262470917622895,13.018940289081138,11.915244111275781,12.163260607694028,1.8485608077170819
2024-04-09,128858.0,129956.0,128826.0,129890.0,8489700,0.008016638599377623,13.516330530756024,11.61222601090548,12.38348977417114,0.869966895065055
2024-04-10,129872.0,129872.0,127732.0,128054.0,10451800,-0.014135037339287115,18.55788253349577,12.432044979482665,12.092414558309073,1.6711699751667266
2024-04-11,128051.0,128051.0,127069.0,127396.0,8882900,-0.005138457213363146,19.109066246907574,11.852571916388726,11.731602145100384,0.7708248296649817
2024-04-12,127396.0,127640.0,125635.0,125946.0,10246600,-0.011381833024584731,20.642238076661616,12.428872633249753,11.913899947939962,1.5919521064583233
2024-04-15,125946.0,126250.0,125034.0,125334.0,13504500,-0.004859225382306653,13.572487296404578,12.498086829724073,11.955272481656646,0.9702076052786954
2024-04-16,125316.0,125316.0,123756.0,124389.0,14009800,-0.007539853511417505,6.422519895514486,12.505803836044091,12.00091473483646,1.254130188360707
2024-04-17,124389.0,125301.0,123642.0,124171.0,11370900,-0.0017525665452733374,5.686602896376849,12.474565054684808,12.00008783716871,1.3360607549266736
2024-04-18,124171.0,125140.0,123397.0,124196.0,10662400,0.00020133525541399244,7.3081428764512415,12.320888124690594,11.812306395351344,1.4034268414441688
2024-04-19,124197.0,125509.0,124056.0,125124.0,13604100,0.0074720602917968115,9.085005550675003,11.721229159421327,12.036093216713576,1.1612480419423932
2024-04-22,125124.0,126081.0,124633.0,125573.0,10264100,0.0035884402672548,8.976268695379028,11.633064395851585,11.78473968037302,1.1531141248516799
2024-04-23,125572.0,125826.0,124310.0,125148.0,11257800,-0.003384485518383773,6.90918514775795,11.316364196764264,11.630214400459076,1.2113657429603348
2024-04-24,125149.0,125473.0,124556.0,124741.0,10526300,-0.003252149455045261,7.382151657398247,11.351313365837154,11.037909241381676,0.7351231752190539
2024-04-25,124718.0,124732.0,123703.0,124646.0,10093100,-0.0007615779895944197,7.472718569381002,11.350910199701376,10.990862520509276,0.8255379233990662
2024-04-26,124651.0,126826.0,124651.0,126526.0,8900000,0.015082714246746898,12.233688990146659,12.387775337234853,11.907052666679265,1.7190142737461076
2024-04-29,126527.0,127352.0,126467.0,127352.0,8385100,0.006528302483284065,12.607934089860745,12.560578356560903,11.866003429929455,0.6949243042904705
2024-04-30,127352.0,127352.0,125856.0,125924.0,10889600,-0.01121301589295809,15.851540991033191,12.800473309430307,12.305382583353557,1.1880181696896541
2024-05-02,125926.0,127670.0,125926.0,127122.0,11547800,0.009513674915028192,16.141796644524124,13.158087787737355,12.555595961830154,1.3719104482308333
2024-05-03,127130.0,128787.0,127130.0,128509.0,12799200,0.010910778622110984,16.176993739067,13.680562210069352,12.423731417730716,1.2894038549829194
2024-05-06,128506.0,129181.0,128294.0,128466.0,8779100,-0.00033460691469078263,14.430833446710366,13.682610600808315,12.227378253718383,0.6904550620397615
2024-05-07,128466.0,129745.0,128464.0,129210.0,10177500,0.0057914156274812,14.329058212353713,13.656237631215168,12.031162184329187,0.991409333642907
2024-05-08,129210.0,129564.0,128048.0,129481.0,9788900,0.0020973608853804837,7.573563227471587,12.484166486192077,12.03172651948085,1.1708281523930153
2024-05-09,129468.0,129468.0,127376.0,128188.0,13369000,-0.009986021115067079,12.358654748086915,12.631484982756414,12.420911730709234,1.6319780322651107
2024-05-10,128188.0,129022.0,127467.0,127600.0,12574200,-0.004587012824913361,9.687345831601663,11.744023529872335,12.360185323280897,1.218652037617555
2024-05-13,127600.0,128669.0,127599.0,128155.0,8917300,0.004349529780564243,10.545768470727545,11.695337128551445,12.389338500576711,0.8349264562443917
2024-05-14,128155.0,128965.0,127962.0,128515.0,11886800,0.0028090983574577955,9.600976526760029,10.915128556001681,12.129217191411133,0.7804536435435552
2024-05-15,128514.0,128646.0,127029.0,128028.0,10855600,-0.0037894409212931857,9.284394718576683,10.84905448653535,12.128243784220546,1.2630049676633237
2024-05-16,128029.0,128965.0,127922.0,128284.0,9852200,0.001999562595682125,6.452456326707893,10.392672337850458,12.12490164793165,0.8130398179040254
2024-05-17,128280.0,128464.0,127696.0,128151.0,10262600,-0.0010367621839044716,5.173799504148027,10.367462430479584,12.129462388701167,0.599293021513683
2024-05-20,128151.0,128730.0,127488.0,127751.0,9340300,-0.0031213178203837177,4.70218887199241,10.484100687760277,12.072561959382114,0.9722037400881403
2024-05-21,127754.0,128272.0,127205.0,127412.0,9138500,-0.002653599580433763,3.673486391282771,10.326571019157035,11.102065977591437,0.8374407434150629
2024-05-22,127412.0,127412.0,125524.0,125650.0,12403500,-0.013829152670078226,9.51157998476776,11.45293036792657,11.470412868852215,1.5025865499403104
2024-05-23,125650.0,125665.0,124431.0,124729.0,9985400,-0.00732988460007955,8.185751322690413,11.68144696873538,10.955402455154156,0.9893448997426421
2024-05-24,124731.0,125257.0,124259.0,124306.0,9211500,-0.003391352452116192,7.50199869170896,11.686227526261607,10.907621079443983,0.8028574646437019
2024-05-27,124297.0,124535.0,124081.0,124496.0,4327600,0.0015284861551332352,9.188224653505808,11.697813535603755,10.451018667778184,0.3646703508546459
2024-05-28,124498.0,125392.0,123537.0,123780.0,9179800,-0.005751188793214235,8.920435901588588,10.467726253126907,10.487483350078913,1.4986265955727904
2024-05-29,123780.0,123780.0,122458.0,122707.0,8257700,-0.008668605590563927,6.363439891893114,10.409897902935867,10.559166079710721,1.0773631496165663
2024-05-31,122704.0,122837.0,121929.0,122098.0,15918600,-0.0049630420432411615,5.9616252108126,9.906810866903744,10.634774319829164,0.7436649248963947
2024-06-03,122100.0,122495.0,121496.0,122032.0,8428100,-0.0005405493947484574,6.535916729740519,9.082845039205875,10.632457767684748,0.8186377343647568
2024-06-04,122032.0,122032.0,120878.0,121802.0,8529300,-0.0018847515405795434,5.118032963182103,7.793944260978493,10.360279476362537,0.9474392867112198
2024-06-05,121803.0,122170.0,121253.0,121407.0,8768700,-0.0032429680957619667,4.9973493257987744,7.755380572132149,10.293451024456491,0.7553106493035822
2024-06-06,121408.0,123246.0,121377.0,122899.0,8404200,0.012289241971220832,10.925445709436907,8.892572932084892,10.971699438564206,1.5207609500484138
2024-06-07,122899.0,122899.0,120679.0,120767.0,9801200,-0.01734757809258014,16.711892328987528,10.127965603510667,11.983752632521892,1.8382505154553812
2024-06-10,120769.0,121421.0,120540.0,120760.0,6568400,-5.7962854090987115e-05,16.74456680722378,9.882201012016692,11.986964342285779,0.7295462073534282
2024-06-11,120760.0,121759.0,120757.0,121635.0,7477000,0.007245776747267341,18.00790353831643,10.449430099524415,11.265168555245069,0.8237760513010235
2024-06-12,121644.0,122483.0,119544.0,119936.0,11278800,-0.01396801907345746,20.56873036960508,10.90692113469756,11.590803037243651,2.4504735859124867
2024-06-13,119936.0,120222.0,119171.0,119568.0,8543000,-0.0030683030949839596,16.072453643728576,10.691660028837111,11.262257639244218,0.8789977251438511
2024-06-14,119558.0,120214.0,118828.0,119662.0,7847600,0.0007861635220125507,12.327491021247088,10.788180937262284,10.78086822742497,1.1582624392037573
2024-06-17,119663.0,119663.0,118685.0,119138.0,7380600,-0.004379000852400949,12.321728076182655,10.626583371520338,10.078678373988144,0.8208967751682922
2024-06-18,119138.0,120109.0,118872.0,119630.0,8100100,0.0041296647585153945,10.851744606629229,10.923695728033762,10.243768217836381,1.0340215664966983
2024-06-19,119630.0,120383.0,118960.0,120261.0,5646300,0.0052745966730753935,6.761997388590397,11.316144493580774,10.209101585664074,1.183259743391457
2024-06-20,120267.0,121607.0,120156.0,120446.0,8659500,0.0015383208188854969,5.951981737292932,11.417961862145951,10.189112453628383,1.2046892383308703
2024-06-21,120446.0,121580.0,120061.0,121341.0,12906900,0.007430715839463309,7.207841551027484,11.167383574402066,10.310232661271858,1.2518439768915701
2024-06-24,121343.0,122840.0,121307.0,122637.0,7836100,0.010680643805473844,5.482299505546345,11.738673784816502,10.886073525010874,1.2500305780474084
2024-06-25,122804.0,122849.0,121997.0,122331.0,6942900,-0.0024951686685095176,8.13684196069669,11.717631076791733,10.757464625779926,0.6964710498565367
2024-06-26,122331.0,122701.0,121402.0,122641.0,8178800,0.0025341082799943404,8.201812262219413,11.747262692890612,10.748124248820313,1.059189015092832
2024-06-27,122642.0,124308.0,122642.0,124308.0,8707300,0.013592517999690079,10.200977700893134,12.57858766645977,11.579900790568008,1.3402194549023394
2024-06-28,124308.0,124500.0,123298.0,123907.0,9070800,-0.003225858351835753,12.114665336229331,12.229757228717391,11.563004191659267,0.9700824005100599
2024-07-01,123905.0,125220.0,123735.0,124718.0,0,0.00654523150427333,11.032046372987429,12.232750978615455,11.775223674951752,1.1906861880402189
2024-07-02,124720.0,125491.0,124310.0,124787.0,8368000,0.0005532481277763512,10.187445195009355,12.220807973556353,11.762548313479813,0.9464126872190213
2024-07-03,124787.0,126581.0,124787.0,125662.0,8534200,0.0070119483600055155,10.277156348269882,12.335828484455952,11.958963344449703,1.427639222676704
2024-07-04,125666.0,126660.0,125666.0,126164.0,6535700,0.003994843309831131,6.8462718335935,12.238452132622758,11.322870135127458,0.7878634158714055
2024-07-05,126165.0,126662.0,125556.0,126267.0,8085600,0.0008163977045749782,4.849715766562456,11.63713806150771,11.098506585814846,0.8759216580737644
2024-07-08,126280.0,126551.0,125614.0,126548.0,7430300,0.0022254429106576268,4.230518775077493,9.4524796199251,11.049636304249482,0.740430508581724
2024-07-09,126548.0,127295.0,125937.0,127108.0,6684600,0.004425198343711578,3.7289207992303326,9.44236935573626,11.102113404405744,1.0683827925858325
2024-07-10,127109.0,127769.0,126928.0,127218.0,8152600,0.000865405796645291,2.693616296169036,9.292347624812757,10.931495980725616,0.6610699743746954
2024-07-11,127221.0,128326.0,127221.0,128294.0,7972900,0.008457922621012859,5.088737888884527,7.455087105616226,10.749265900266264,0.8613029447986655
2024-07-12,128293.0,129015.0,128002.0,128897.0,7206600,0.004700141861661455,4.58907248812783,7.106545247582077,10.607725821703744,0.785898818436426
2024-07-15,128898.0,129485.0,128723.0,129321.0,5826900,0.003289448164037978,4.366962936341578,7.034489480249538,10.591431030793212,0.5892314473287401
2024-07-16,129322.0,129521.0,128761.0,129110.0,6818900,-0.001631598889584862,6.080089004966577,6.692354446398087,10.583702627583582,0.5886453411819379
2024-07-17,129112.0,129658.0,128741.0,129450.0,6672400,0.0026334133684455807,5.78654855934813,6.704353388797685,10.468809554924603,0.7083816145229819
2024-07-18,129450.0,129454.0,127523.0,127652.0,7591500,-0.013889532638084234,12.053905105318854,9.042376171985069,11.003896715934824,1.5127064205809544
2024-07-19,127652.0,128360.0,127413.0,127616.0,7620400,-0.00028201673299277363,11.052240270750287,9.097710270611397,9.501354450285174,0.742069959879639
2024-07-22,127616.0,128151.0,127456.0,127860.0,6098200,0.0019119859578735632,10.67564900988933,8.941223809859675,9.483977608803706,0.54356327232911
2024-07-23,127860.0,127860.0,126530.0,126590.0,7022900,-0.00993273893320823,11.925403283873989,9.407060573870638,9.942057936634034,1.0506359112094161
2024-07-24,126596.0,126823.0,126218.0,126423.0,7304800,-0.001319219527608828,10.839384685224163,9.352343810621457,8.866160896325132,0.4785521621856782
2024-07-25,126423.0,126423.0,125626.0,125954.0,7134100,-0.0037097680010758083,7.202816107036155,9.521061921223833,8.898484836594944,0.6327706940629119
2024-07-26,125964.0,127700.0,125953.0,127492.0,8272000,0.01221080712005973,12.964253896889238,9.30565056785017,9.393138557278945,1.370282056913375
2024-07-29,127492.0,127657.0,126606.0,126954.0,7075400,-0.004219872619458442,13.074918904719917,9.37164428400457,9.383662259234562,0.827858909526285
2024-07-30,126951.0,126951.0,125973.0,126139.0,6848600,-0.006419648061502636,11.805837350357635,9.510525215651759,9.682372794761402,0.7753351461482968
2024-07-31,126139.0,127853.0,126139.0,127652.0,9471900,0.011994704254830069,14.771169865489094,10.302854716798155,10.08050795065014,1.342713000971391
2024-08-01,127652.0,128762.0,127150.0,127395.0,9814200,-0.0020132861216431985,14.40466767737444,10.123295280967222,10.147269764473306,1.2653557831940028
2024-08-02,127395.0,128104.0,125731.0,125854.0,9950900,-0.012096236116017067,14.214772082835946,10.957970205286257,10.779480400942797,1.8855181400670618
2024-08-05,125851.0,125851.0,123073.0,125270.0,10886100,-0.004640297487565004,14.248963533917339,11.063349624936416,10.525113641319251,2.217609962481041
2024-08-06,125270.0,126966.0,125261.0,126267.0,10052600,0.007958808972619247,15.448726646703712,11.404800696323912,10.681722078229862,1.3503132251498808
2024-08-07,126268.0,127517.0,126268.0,127514.0,8837900,0.009875897898896868,14.475713026608938,11.824747481588508,10.97655706727969,0.9795002901642172
2024-08-08,127515.0,128793.0,127515.0,128661.0,8624000,0.008995090735135047,15.660026009865213,12.213243817608936,10.60456126815541,0.9933079954298506
2024-08-09,128662.0,130631.0,128662.0,130615.0,11324800,0.015187197363614402,11.626586405873491,12.960756630807376,11.26368590029181,1.5074838265130346
2024-08-12,130615.0,131662.0,130615.0,131116.0,8601600,0.0038357003406959134,6.480284647920915,12.932129966773479,11.19128797540503,0.7985295463558986
2024-08-13,131115.0,132430.0,131115.0,132398.0,9798900,0.00977760151316387,6.394093241383427,13.277375861458568,11.426514795772217,0.9932174202027222
2024-08-14,132398.0,133777.0,132112.0,133318.0,12158400,0.0069487454493271095,6.628945431680963,13.38286053742448,11.424120472179839,1.248893622766618
2024-08-15,133319.0,134575.0,133319.0,134153.0,10534800,0.006263220270330994,6.895304130532341,13.478197855903664,11.477361500895142,0.9362444373215657
2024-08-16,134154.0,134781.0,133852.0,133953.0,10871900,-0.0014908350912763435,6.720139468458965,12.300016718467269,11.518734587000177,0.6935268340388047
2024-08-19,133953.0,136179.0,133953.0,135778.0,11281500,0.013624181615939923,8.846801515797836,12.859181705322149,12.001996098251402,1.6394408519789656
2024-08-20,135779.0,136330.0,135312.0,136087.0,8106800,0.002275773689404792,8.97815957933005,12.855964299653946,11.986278934653281,0.7480508792169714
2024-08-21,136088.0,137040.0,136086.0,136464.0,9572200,0.0027702866548604543,9.05024901961959,11.967619271276444,11.979105819527723,0.6990854730918045
2024-08-22,136462.0,136462.0,134836.0,135173.0,8050200,-0.009460370500644855,13.240625578963774,12.699993652833536,12.308804211137835,1.2029029465943644
2024-08-23,135174.0,136478.0,135174.0,135608.0,8649400,0.003218098288859439,12.980160959223605,12.447777686383715,12.285636253264881,0.9615951861247123
2024-08-26,135608.0,137013.0,135596.0,136889.0,7560000,0.009446345348357088,10.892529888545022,12.240598366272277,12.481910566655188,1.0351452636807925
2024-08-27,136888.0,137213.0,136664.0,136776.0,6745900,-0.000825486342949433,11.002246329959958,12.028274352700812,12.464111266064679,0.40138620810668535
2024-08-28,136776.0,137469.0,135746.0,137344.0,7457100,0.00415277534070313,11.182332801946341,11.464954398528567,12.479074779248805,1.2545142124883506
2024-08-29,137349.0,137370.0,135858.0,136041.0,8385100,-0.009487127213420266,11.198567251358238,12.000259812634651,12.04966181375192,1.111429642534236
2024-08-30,136041.0,136139.0,134910.0,136004.0,18397900,-0.00027197683051427557,11.095772467434996,11.922361939777668,12.049485956815966,0.9036498926502162
2024-09-02,136004.0,136004.0,134497.0,134981.0,3666100,-0.0075218375930119485,8.896938754548128,11.273142309874288,12.371717451228298,1.1164534267785837
2024-09-03,134907.0,135011.0,134171.0,134353.0,8802400,-0.0046525066490838984,8.778419487870941,11.274235252535796,12.024980927556674,0.6252186404471802
2024-09-04,134359.0,136838.0,134359.0,136111.0,9419500,0.013084932975073071,14.283962083637872,11.670417191529937,12.396990283197955,1.8213076092307015
2024-09-05,136112.0,136656.0,135959.0,136502.0,7528700,0.002872655406249258,12.682222989287787,11.446419491364352,12.25676572970202,0.5106152290808925
2024-09-06,136508.0,136653.0,134476.0,134572.0,7563300,-0.01413898697454985,16.576402332650268,12.723475914189446,12.847436255230088,1.617721368486758
2024-09-09,134574.0,135250.0,134399.0,134737.0,6587600,0.00122610944327195,15.914357110835574,11.810405575581239,12.720745817175672,0.6316008223427864
2024-09-10,134738.0,134738.0,133754.0,134320.0,8253500,-0.003094918248142675,15.68406060583043,11.882028845544843,12.564691290619326,0.7325789160214413
2024-09-11,134319.0,135087.0,133757.0,134677.0,7947300,0.002657832042882724,11.346504753224677,11.481919380084804,12.214025348937488,0.987547985179355
2024-09-12,134677.0,134777.0,133591.0,134029.0,7004900,-0.004811511987941497,10.50718837967536,11.415824315155085,12.316749886187461,0.8848831223093511
2024-09-13,134031.0,135879.0,134031.0,134882.0,8866000,0.006364294294518347,7.1304648095346606,11.422553121682478,11.661625660849612,1.370086445930517
2024-09-16,134885.0,135715.0,134870.0,135118.0,6707000,0.0017496774958853933,7.175065853344329,11.414311431380833,11.474918747350973,0.6253792980949985
2024-09-17,135118.0,135118.0,134180.0,134960.0,7314500,-0.001169348273361015,6.667155312707056,10.362776536112781,11.405870841385532,0.6950207468879668
2024-09-18,134960.0,135203.0,133748.0,133748.0,9792800,-0.008980438648488409,9.36981772364487,10.741394305091635,11.61720497387785,1.0878667344558424
2024-09-19,133748.0,134759.0,133123.0,133123.0,9254500,-0.004672967072404832,9.338216743912897,10.738837078277227,11.538142946809254,1.2289386507215132
2024-09-20,133121.0,133128.0,130907.0,131065.0,13605800,-0.015459387183281659,10.73984082894827,11.497502615228946,11.718582239650159,1.6945790256742836
2024-09-23,131065.0,131065.0,130100.0,130568.0,9140800,-0.0037920115972990276,8.874641512050172,11.39537645946951,11.718132272931078,0.7390784878377551
2024-09-24,130570.0,133073.0,130570.0,132156.0,9367100,0.01216224496048035,16.222441278187027,11.765257966322636,11.911817600308728,1.8939737885529224
2024-09-25,132156.0,132982.0,131489.0,131586.0,10527200,-0.004313084536456957,15.675806851597548,11.79652534430069,11.784679812355565,1.1346191844117155
2024-09-26,131595.0,133313.0,131594.0,133010.0,11618300,0.010821819950450617,18.39216594752556,12.43072940519927,12.079340676389469,1.292384031275844
2024-09-27,133010.0,133923.0,132628.0,132730.0,9338900,-0.0021051048793323535,13.037677993990865,12.09122103383712,12.086102153717933,0.9756648835982823
2024-09-30,132761.0,133120.0,131816.0,131816.0,9131600,-0.006886159873427222,14.126215455996515,12.247131187284928,11.482881634159146,0.9892577532317777
2024-10-01,131817.0,133405.0,131817.0,132495.0,9841100,0.005151119742671684,11.575197313186267,12.243589782238525,11.583120846104222,1.1985357938035397
2024-10-02,132495.0,134922.0,132495.0,133515.0,9398700,0.0076984037133476235,11.5475714867774,12.505837586161295,11.803503465301397,1.8177732839006853
2024-10-03,133514.0,133514.0,131176.0,131672.0,9821200,-0.01380369246901092,13.93908604484537,12.356171098323648,12.145742114208225,1.7756242785102374
2024-10-04,131672.0,131936.0,131156.0,131792.0,7054700,0.0009113554893978026,14.086982563199513,12.286224233949687,12.096972218814129,0.5918416899356561
2024-10-07,131792.0,132943.0,131676.0,132018.0,7702100,0.0017148233580186467,13.270970958113892,11.453626552272606,11.722839099046336,0.9597176142647215
2024-10-08,132016.0,132016.0,130371.0,131512.0,9093200,-0.003832810677331877,12.73864061932899,11.470071901003925,11.747299384111937,1.2508364255733317
2024-10-09,131510.0,131520.0,129719.0,129962.0,9220400,-0.0117859967151287,11.345129563060713,12.038869791252544,12.011966544474936,1.3857896923716162
2024-10-10,129963.0,130418.0,129835.0,130353.0,7617300,0.0030085717363537157,9.606588319219899,12.054889118019272,11.863213197885312,0.44724709059246814
2024-10-11,130354.0,130354.0,129338.0,129992.0,7973300,-0.0027694030823993687,9.253505023448298,12.005399931965682,11.864739426020757,0.7815865591728721
2024-10-14,129992.0,131220.0,129729.0,131005.0,8502100,0.007792787248446009,11.760447944396853,12.131758819121712,12.016214576379284,1.1381244990649213
2024-10-15,131005.0,131457.0,130200.0,131043.0,7982900,0.00029006526468444704,11.612358794208882,12.095099276099392,11.969830809061552,0.9592271239211556
2024-10-16,131045.0,132233.0,130780.0,131750.0,10282800,0.005395175629373528,6.593579163201876,12.32448454999672,11.38784047212519,1.1028462998102466
2024-10-17,131716.0,131716.0,129902.0,130793.0,7086000,-0.007263757115749558,9.655366134261962,12.20019500949654,11.462364268496957,1.3869243766868258
2024-10-18,130793.0,131725.0,130121.0,130499.0,8683700,-0.002247826718555279,9.544129442719274,12.137846273093611,10.813533201428534,1.2291281925531996
2024-10-21,130499.0,131124.0,130157.0,130362.0,7774900,-0.0010498164736894022,7.246572821678552,10.929170675948912,10.792891594188607,0.7417805802304352
2024-10-22,130346.0,130346.0,129094.0,129721.0,5522000,-0.00491707706233413,7.607682094584492,10.98214750508375,10.83532816252661,0.9651482797696596
2024-10-23,129949.0,129949.0,128589.0,129233.0,7962200,-0.00376191981252072,3.82375655654588,10.05382224026576,10.799588937436594,1.0523627865947551
2024-10-24,129233.0,130130.0,128798.0,130067.0,8310600,0.006453460029558933,7.100652015166978,10.301634121460067,10.978063212452398,1.024087585628945
2024-10-25,130067.0,130529.0,129806.0,129893.0,8513300,-0.0013377720713171337,7.037457664848931,9.437888344359784,10.75521632251226,0.5566119806302111
2024-10-28,129894.0,131421.0,129894.0,131213.0,7135300,0.010162210434742525,10.53976137540267,10.201038448064294,11.224110399142166,1.1637566399670765
2024-10-29,131214.0,131765.0,130693.0,130730.0,7636400,-0.0036810377020569662,10.106593697971078,10.007902907446537,11.25189160977077,0.8200107090950814
2024-10-30,130730.0,131027.0,130473.0,130639.0,7327100,-0.000696091180295233,9.289521648070519,9.80399483225953,10.996944561718824,0.42406938203752326
2024-10-31,130639.0,130798.0,129642.0,129713.0,9068100,-0.007088235519255304,10.286109098213128,9.551706546581798,11.093471352132472,0.8911982607757125
2024-11-01,129718.0,129902.0,128070.0,128121.0,9897900,-0.0122732494044544,13.312767066779879,9.31214345040972,10.762118430745723,1.429898299263977
2024-11-04,128130.0,130609.0,128128.0,130515.0,9013500,0.018685461399770453,18.76535225479412,11.595779979436866,12.09628753861728,1.9009309274796
2024-11-05,130515.0,130769.0,129692.0,130661.0,8556100,0.0011186453664329132,18.644020901295022,11.5836652038031,11.543382743142962,0.8242704402997068
2024-11-06,130613.0,130670.0,128822.0,130341.0,10540900,-0.002449085802190387,18.723617137285316,11.54284496945866,11.500386044761541,1.417819412157341
2024-11-07,130341.0,131319.0,129406.0,129682.0,10520800,-0.005055968574738556,18.317544902329846,10.925355388117323,11.080115720279169,1.4751468977961475
2024-11-08,129647.0,129647.0,126973.0,127830.0,13183200,-0.014281087583473462,19.199665102781154,11.907030304020749,11.744792150133067,2.091840725964171
2024-11-11,127829.0,128095.0,127306.0,127874.0,8395300,0.00034420715012117853,9.858597540692442,11.894398429203727,11.628405545066487,0.617013622784929
2024-11-12,127873.0,128210.0,127411.0,127698.0,9522100,-0.0013763548493047617,9.16703914901446,11.481033173540878,11.482037333197507,0.6256949991385926
2024-11-13,127698.0,128100.0,126869.0,127734.0,12692800,0.000281915143541811,9.750384371885595,11.48090096561509,11.179622415311504,0.9637214837083314
2024-11-14,127734.0,128423.0,127389.0,127792.0,13138300,0.0004540686113330139,10.156853763530838,11.248928077803363,10.55696944921741,0.8091273319143608
2024-11-18,127791.0,128277.0,127226.0,127768.0,10742000,-0.00018780518342309538,1.2003141617273094,11.0516951357159,10.54470078892608,0.8225846847410931
2024-11-19,127768.0,128579.0,127235.0,128197.0,9103600,0.003357648237430233,2.773435300859253,11.147910273284193,10.592256694762998,1.0483864677020525
2024-11-21,128197.0,128197.0,126594.0,126922.0,10271900,-0.009945630552977036,8.063814379428855,11.587883336169563,10.880708551697321,1.262980413167142
2024-11-22,126944.0,129126.0,126944.0,129126.0,9186200,0.01736499582420703,15.626175347524015,13.162520239634997,11.659397075428783,1.6898223440670352
2024-11-25,129125.0,129495.0,128932.0,129036.0,14411200,-0.0006969936341247873,15.728632252802665,13.100286113486545,11.620484419790564,0.4363123469419387
2024-11-26,129043.0,130361.0,129042.0,129922.0,9745200,0.006866300877274467,15.912734865700164,13.12682501108609,11.777971220071755,1.0152245193269809
2024-11-27,129923.0,130283.0,127669.0,127669.0,12318800,-0.01734117393513035,21.678885461437588,14.434622426611165,12.561148807104082,2.0474821609004534
2024-11-28,127667.0,127668.0,124390.0,124610.0,12833100,-0.02396039759064461,27.04329425245585,15.936317655398865,14.228994286547836,2.630607495385603
2024-11-29,124611.0,126056.0,123946.0,125668.0,16398000,0.00849049032982907,23.175972199584997,16.36575299238114,14.389312268458996,1.6790272782251647
2024-12-02,125668.0,125901.0,124734.0,125236.0,11517200,-0.003437629308972845,22.911094538150046,16.36941612922175,14.299378995601133,0.9318406847871219
2024-12-03,125235.0,126417.0,125233.0,126139.0,9990000,0.007210386789741063,23.03264064875437,16.55319784911857,14.512213289128129,0.9386470480977336
2024-12-04,126139.0,126720.0,125828.0,126087.0,9388600,-0.000412243635988907,20.710583387763716,16.063153662880143,14.513549139247973,0.7074480319144718
2024-12-05,126088.0,127989.0,126087.0,127858.0,9530800,0.014045857225566394,11.203117272889394,15.424910758065824,15.105345840508386,1.487587792707535
2024-12-06,127856.0,127872.0,125833.0,125946.0,11223300,-0.014954089693253403,17.45627690440103,16.143565878477677,15.657543823001651,1.618947803026694
2024-12-09,125946.0,127542.0,125946.0,127210.0,9367300,0.010036047194829534,18.152996773623737,16.642136959478503,15.835405480503766,1.2546183476141812
2024-12-10,127213.0,128511.0,127213.0,128228.0,9141300,0.008002515525509013,18.271973386160965,16.86478043265223,16.032462622856222,1.012259412920735
2024-12-11,128228.0,130899.0,127362.0,129593.0,13170900,0.010645100913996952,18.524548463422846,16.501699876695817,16.06064211369594,2.729314083322402
2024-12-12,129587.0,129587.0,125829.0,126042.0,13453200,-0.027401171359564214,27.668442356674582,19.162450396541974,17.857174444638822,2.981545833928373
2024-12-13,126102.0,126290.0,124578.0,124612.0,11762700,-0.01134542454102605,26.768334467206685,19.52006412903418,18.098492113359004,1.3738644753314286
2024-12-16,124610.0,124956.0,123495.0,123560.0,11071100,-0.008442204603087977,24.659864623180287,19.676028869275157,18.13896366570315,1.1824214956296537
2024-12-17,123560.0,125301.0,123560.0,124698.0,17561100,0.009210100356102258,25.09393505370897,20.016839848849312,18.104514976265094,1.3961731543408875
2024-12-18,124699.0,124699.0,120457.0,120772.0,19742800,-0.03148406550225347,25.864621129904176,22.607328167665894,19.20840443874221,3.512403537243732
2024-12-19,120768.0,121770.0,120768.0,121188.0,13682900,0.003444507004934927,24.96983070261543,22.61022268710731,19.258363288946136,0.8268145360926824
2024-12-20,121183.0,122209.0,120700.0,122102.0,18128200,0.007542000858170805,26.778530843704306,22.70341318358571,19.474168305639726,1.2358519925963538
2024-12-23,122105.0,122105.0,120617.0,120767.0,9953300,-0.010933481843049209,27.098553680452202,21.800765883441773,19.625584658096322,1.2321246698187418
2024-12-26,120767.0,121612.0,120428.0,121078.0,8338500,0.0025752068031830166,25.345003882132122,21.875386453430327,19.337083125842923,0.9778820264622805
2024-12-27,121078.0,121609.0,120252.0,120269.0,8937000,-0.006681643238243162,12.200606273539089,21.61236550487729,19.378610503899456,1.1283040517506588
2024-12-30,120267.0,121050.0,120158.0,120283.0,8895300,0.00011640572383564418,11.68732155893518,21.050631627400975,19.387405791873526,0.7415844300524597
2025-01-02,120283.0,120782.0,119120.0,120125.0,9373600,-0.0013135688335009776,8.688575214393696,19.58628030968424,19.377176165590388,1.3835587929240374
2025-01-03,120125.0,120356.0,118404.0,118533.0,9804400,-0.01325286160249739,10.033170922362597,19.613213472356634,19.633550397148902,1.6467987817738519
2025-01-06,118534.0,120322.0,118534.0,120022.0,9685600,0.012561902592526986,15.16690498522055,20.308799059845583,20.10218736889798,1.4897268834047093
2025-01-07,120022.0,121713.0,120022.0,121163.0,11116400,0.009506590458415953,16.148865427597034,20.454274259575076,20.32250213984194,1.3956405833464012
2025-01-08,121160.0,121160.0,119351.0,119625.0,10230700,-0.012693644099271206,19.136496347891864,20.7863906157458,20.43352429960032,1.5122257053291537
2025-01-09,119625.0,120145.0,119502.0,119781.0,6611500,0.0013040752351096696,19.202892603867202,19.967130992526975,19.6328285163664,0.5368130170895217
2025-01-10,119781.0,120052.0,118732.0,118856.0,9255500,-0.007722426762174273,17.187290360345596,19.576145397178657,19.684570551660965,1.1105876018038636
2025-01-13,118856.0,119729.0,118743.0,119007.0,8161500,0.0012704449081242242,13.76055386510164,19.088007730459402,19.515315273940466,0.8285226919424907
2025-01-14,119007.0,119451.0,118223.0,119299.0,9349300,0.0024536371810062185,10.729742888494217,18.77558419186273,19.076143608496775,1.0293464320740324
2025-01-15,119309.0,122988.0,119303.0,122650.0,11928800,0.02808908708371405,21.43041384412702,21.227796436520645,19.862324776161095,3.004484304932735
2025-01-16,122649.0,122660.0,120796.0,121234.0,11312100,-0.011545046881369703,24.56802897484467,19.53005850555453,19.927172193320107,1.5375224771928666
2025-01-17,121258.0,122674.0,121074.0,122350.0,10242300,0.009205338436412136,23.016949314044467,19.559042366626677,20.13522083453378,1.3077237433592153
2025-01-20,122349.0,123098.0,121511.0,122543.0,4185300,0.0015774417654270678,22.979093177135297,19.372813419651642,20.008739453527056,1.295055613131717
2025-01-21,122850.0,123462.0,122290.0,123338.0,7819600,0.0064875186669168805,22.76923406661499,19.22642057751956,20.122557965079388,0.950234315458334
2025-01-22,123345.0,123865.0,122926.0,122972.0,9975100,-0.0029674552854757064,13.039516498720042,15.628080711334555,19.64075899651477,0.7635884591614351
2025-01-23,122965.0,123958.0,122159.0,122483.0,9491400,-0.00397651497901963,9.14013050640423,15.687512979867984,19.227238292525644,1.4687752586073168
2025-01-24,122483.0,122908.0,122196.0,122447.0,7777800,-0.00029391833968794856,6.600067033202883,15.481100649971863,18.94974547704159,0.5814760671964196
2025-01-27,122443.0,124862.0,122207.0,124862.0,11021500,0.019722818852238033,15.549555885025828,16.32759393247747,19.73272440162376,2.1263474876263397
2025-01-28,124861.0,124881.0,123973.0,124056.0,8313500,-0.006455126459611438,16.80171337354984,16.56037306263709,19.490920616664326,0.731927516605404
2025-01-29,124056.0,124767.0,123278.0,123432.0,7348500,-0.005029986457728786,17.183929547868992,16.470853291782728,17.910098338572688,1.2063322315120877
2025-01-30,123433.0,127169.0,123432.0,126913.0,11688100,0.028201762913993234,24.97505426992787,18.9117059242192,19.456041279474377,2.944536808679962
2025-01-31,126914.0,127532.0,126057.0,126135.0,10242600,-0.0061301836691276534,26.386409982003883,19.110663796370584,19.373180077651995,1.1693820113370594
2025-02-03,126135.0,126473.0,125566.0,125970.0,9548900,-0.0013081222499702339,23.604246280370905,18.309418754387536,19.213689548009242,0.72001270143685
2025-02-04,125964.0,125964.0,124694.0,125147.0,9784500,-0.006533301579741191,23.621645610169782,18.24303321218113,16.827424424519922,1.014806587453155
2025-02-05,125146.0,125846.0,124637.0,125534.0,9957400,0.0030923633806643203,22.82374691289437,18.04719679205208,16.82372600948338,0.9630856978985772
2025-02-06,125531.0,126399.0,125249.0,126225.0,10028600,0.005504484840760382,8.550851307434913,17.29753424886895,16.767557943526093,0.9110714993067934
2025-02-07,126219.0,126524.0,124320.0,124619.0,10952400,-0.01272331154684092,11.705602853983759,18.09574974023244,16.887339087093352,1.7685906643449232
2025-02-10,124619.0,126386.0,124619.0,125572.0,8908600,0.007647308997825286,13.772796296980513,17.84226023798205,16.989478518092284,1.4071608320326188
2025-02-11,125571.0,126886.0,125570.0,126522.0,11242800,0.007565380817379674,13.583611469773135,17.912696272825826,16.91161737608848,1.040135312435782
2025-02-12,126513.0,126513.0,124116.0,124380.0,14625100,-0.016929862000284568,19.091498912548577,19.196956989973778,17.754913895097708,1.9271587071876508
2025-02-13,124372.0,124853.0,123778.0,124850.0,9048100,0.003778742563113058,18.711788809888102,16.732167307836406,17.754180003663333,0.8610332398878654
2025-02-14,124849.0,128482.0,124849.0,128219.0,12560100,0.026984381257509016,24.79726705727453,18.36512392872616,18.684603158048745,2.833433422503685
2025-02-17,128229.0,129534.0,128229.0,128869.0,7032800,0.005069451485349319,24.744359265782624,18.23694107008412,18.46545182669123,1.0126562633371874
2025-02-18,128553.0,129294.0,128012.0,128532.0,10994100,-0.0026150587030240313,25.206702689222897,18.322374179622727,18.39633459955711,0.9974169856533781
2025-02-19,128528.0,128528.0,127028.0,127309.0,9295100,-0.00951514019854982,21.78267902536815,18.70039288879748,18.19719755989967,1.1782356314164748
2025-02-20,127309.0,127871.0,127063.0,127601.0,10640300,0.002293632029157333,21.849401282777634,18.628015278115118,18.195506109860744,0.6332238775558185
2025-02-21,127601.0,127654.0,126483.0,127128.0,11093300,-0.0037068675010384355,8.969999524261064,18.61766307635286,18.042309688256573,0.9211188723176641
2025-02-24,127129.0,127275.0,125162.0,125401.0,10148900,-0.013584733496947998,9.841411533627571,19.363850194284385,18.620907298963104,1.6849945375236244
2025-02-25,125401.0,126718.0,125382.0,125980.0,11078000,0.004617188060701327,12.199468457778963,18.216868769229954,18.637936227201962,1.0604857913954597
2025-02-26,125980.0,126563.0,124732.0,124769.0,11361800,-0.009612636926496276,12.227505503944892,18.400389666644234,17.177568520174063,1.4675119621059718
2025-02-27,124768.0,125497.0,124352.0,124799.0,12554000,0.00024044434114234292,11.634355109803215,18.29699989787816,16.787028255589526,0.9174753002828548
2025-02-28,124798.0,124916.0,122659.0,122799.0,24873800,-0.01602576943725509,14.175315050008622,16.178319577139014,17.302823236347457,1.8379628498603406
2025-03-05,122799.0,123364.0,122747.0,123047.0,9604100,0.0020195604198731676,13.845590495541698,16.131873709364157,17.30640202405945,0.501434411241233
2025-03-06,123048.0,124112.0,122681.0,123358.0,10060600,0.0025274894958837724,13.109705693441596,16.18119764546159,17.219099729121154,1.1600382626177468
2025-03-07,123357.0,125822.0,122530.0,125035.0,9975600,0.013594578381620925,16.857128904422837,16.796327311731556,17.630061743837285,2.6328627984164434
2025-03-10,125031.0,125031.0,123471.0,124519.0,9370800,-0.004126844483544612,17.176898026278558,16.815590797842642,17.633516593008594,1.252820854648688
2025-03-11,124519.0,124625.0,122636.0,123507.0,8810400,-0.008127273749387598,13.076737454236111,16.882220798489396,17.813602380320937,1.61043503607083
2025-03-12,123507.0,124048.0,122969.0,123864.0,8254800,0.002890524423716956,13.126594117890555,16.372763886093026,16.86551230284627,0.8711167086481947
2025-03-13,123863.0,125774.0,123590.0,125637.0,11259000,0.014314086417360983,16.117908076284863,16.930736763750367,17.267001858647564,1.7383414121636143
2025-03-14,125647.0,129194.0,125647.0,128957.0,14572600,0.026425336485271123,22.418232472762888,19.102772982678097,18.738879274686507,2.750529246182836
2025-03-17,128959.0,131313.0,128957.0,130834.0,11063200,0.014555239343347015,20.823688637161343,18.487781612285097,17.422006994802818,1.8007551553877434
2025-03-18,130832.0,131834.0,130722.0,131475.0,10992400,0.004899338092544836,14.88047068020027,18.501800836461975,17.31872019884614,0.8457881726563985
2025-03-19,131476.0,132984.0,131451.0,132508.0,12204900,0.007857007035558139,13.15274163497696,16.381205236748468,17.395866268763285,1.1569112808283273
2025-03-20,132505.0,132713.0,131813.0,131955.0,14187500,-0.004173332930841878,18.134433765575462,16.44863509029404,17.31150862196897,0.6820506991019666
2025-03-21,132005.0,132588.0,131776.0,132345.0,14192000,0.0029555530294418375,10.870437710691258,16.399882391114357,17.310683347611043,0.6135479239865503
2025-03-24,132344.0,132424.0,130992.0,131321.0,8301200,-0.0077373531300767295,10.314303916967164,16.261175432634612,17.490268936202693,1.0904577333404406
2025-03-25,131327.0,133471.0,131325.0,132068.0,9237600,0.005688351444171236,10.526800876769146,16.323706797643823,17.007678636868988,1.624920495502317
2025-03-26,132069.0,132984.0,132068.0,132520.0,9404600,0.003422479328830663,9.052802377582985,16.213165528070057,16.929509390307018,0.6912164201629943
2025-03-27,132522.0,133904.0,132479.0,133149.0,10016200,0.004746453365529701,8.648641515324586,15.200703007612704,16.866430430212766,1.0702295924115088
2025-03-28,133143.0,133143.0,131315.0,131902.0,8905500,-0.00936544773148873,11.55875382917776,15.76327373410576,16.270088423088293,1.3858773938226865
2025-03-31,131900.0,131901.0,130115.0,130260.0,9994900,-0.012448636108626121,13.670005639824756,16.05970838444545,16.78827258254785,1.3711039459542453
2025-04-01,130267.0,131982.0,130081.0,131147.0,8966100,0.006809458007062785,14.063633963478091,16.12487730975517,15.052303763746998,1.449518479263727
2025-04-02,131151.0,131424.0,130393.0,131190.0,8819500,0.00032787635248987534,13.562326982485395,14.700709593475098,14.997967366938608,0.7858830703559724
2025-04-03,131185.0,132552.0,130182.0,131141.0,12327500,-0.0003735040780546983,12.398230798878583,14.748076495261856,14.969760648722483,1.8072151348548509
2025-04-04,131139.0,131139.0,126466.0,127256.0,13176400,-0.029624602527051014,22.86494700634837,18.60177516560111,17.140839345927983,3.672125479348715
2025-04-07,127229.0,128411.0,123876.0,125588.0,14045900,-0.01310743697743133,22.967281795729217,18.722335605125654,17.541591481490663,3.611013791126541
2025-04-08,125588.0,127652.0,123454.0,123932.0,12814700,-0.0131859731821512,19.39604165248321,19.246466401640937,17.90492272553094,3.3873414453087176
2025-04-09,123928.0,128649.0,122887.0,127796.0,16919800,0.031178388148339398,36.10699837052495,21.83693220842208,19.73164969613681,4.508748317631225
2025-04-10,127796.0,127797.0,124895.0,126355.0,11456300,-0.011275783279601881,36.05213208668379,22.287750042178946,19.993759740200915,2.296703731549998
2025-04-11,126355.0,128386.0,126078.0,127682.0,10084200,0.010502156622215209,31.267387339929165,22.03947595818255,19.987982688632744,1.8076157954919254
2025-04-14,127683.0,129955.0,127683.0,129454.0,10608700,0.013878228724487407,29.51336035393452,20.58635795783501,20.339790939462514,1.7550635747060732
2025-04-15,129452.0,129927.0,128951.0,129245.0,8837800,-0.0016144730946899832,25.60452510178865,19.923272635027306,19.6915501875451,0.7551549382954853
2025-04-16,129245.0,129605.0,128149.0,128317.0,11540200,-0.007180161708383315,17.39852393089286,19.949693398926723,19.861649839679583,1.1346898696197698
2025-04-17,128316.0,130091.0,127973.0,129650.0,9983400,0.01038833513875792,14.419800678089038,20.11122294912232,20.027841613297433,1.633629001156961
2025-04-22,129650.0,130877.0,128726.0,130464.0,8605300,0.00627844195912064,13.735969825595296,20.226475288751793,19.76190861252342,1.6487306843267109
2025-04-23,130468.0,133318.0,130468.0,132216.0,11342700,0.013428991905813037,13.541982126153638,20.767713017780647,19.981922312384373,2.1555636231620983
2025-04-24,132245.0,134938.0,132223.0,134580.0,14113400,0.01787983300054452,15.186182747216096,21.44462222994947,20.247643447079813,2.0173874275523853
2025-04-25,134579.0,134992.0,134186.0,134739.0,13051800,0.001181453410610711,10.210258521204164,21.383966928947103,20.254098304849773,0.598193544556513
2025-04-28,134741.0,135709.0,134711.0,135016.0,11449700,0.0020558264496544076,11.549689540769243,21.37001994600471,19.9626630953356,0.7391716537299283
2025-04-29,135017.0,136150.0,134899.0,135093.0,12761100,0.0005703027789298876,12.782215830280647,21.32608174635209,18.629537629863524,0.9260287357598099
2025-04-30,135094.0,135171.0,133955.0,135067.0,15452400,-0.00019246000903083704,12.1226151274091,21.010837865222697,18.2254900190501,0.9002939281985978
2025-05-02,135067.0,135275.0,134355.0,135134.0,12739100,0.0004960501084647628,1.3400233638294716,20.420516643088526,18.190912465675023,0.6808057187680376
2025-05-05,135131.0,135198.0,133390.0,133491.0,10796300,-0.012158302129737897,9.24360396039457,20.88940786403898,18.456299466354757,1.3543984238637812
2025-05-06,133499.0,134135.0,133260.0,133516.0,11139700,0.0001872785431227264,8.832793356098326,20.889972165481634,18.407425006518842,0.6553521675304832
2025-05-07,133517.0,134110.0,132872.0,133398.0,9938200,-0.0008837892087839583,8.60073656416047,20.894699631600055,18.395770394675754,0.9280498958005368
2025-05-08,133458.0,137635.0,133458.0,136232.0,17202900,0.02124469632228365,19.1883288917086,18.864611433872707,19.191960616303398,3.066093135239885
2025-05-09,136232.0,137286.0,136105.0,136512.0,13881800,0.0020553173997299723,19.15464248639438,17.908154469582282,19.14853002520039,0.8651254102203468
2025-05-12,136516.0,137519.0,136356.0,136563.0,10915800,0.0003735935302391358,14.868910706724636,16.84948070085759,19.137806698189575,0.8516215958934705
2025-05-13,136565.0,139419.0,136550.0,138963.0,13071200,0.017574306364095627,16.63959378294903,14.672749931397918,19.70454424129391,2.064578340997244
2025-05-14,138965.0,139362.0,138228.0,138423.0,11155300,-0.0038859264696358142,17.756651362347004,13.9041544945702,19.50497319197197,0.8192280184651395
2025-05-15,138425.0,139408.0,138321.0,139334.0,11500800,0.006581276232995981,13.008110168106796,13.752477417002549,19.08212756730265,0.7801398079435027
2025-05-16,139335.0,139335.0,137713.0,139187.0,12106000,-0.0010550188755077405,13.558138871255872,13.397033264127808,19.05735316971133,1.1653387169778788
2025-05-19,139186.0,140203.0,138587.0,139636.0,9590600,0.003225875979796955,13.235805378797203,13.268897424473197,19.053041514894506,1.157294680454897
2025-05-20,139636.0,140244.0,138966.0,140110.0,9650800,0.003394540089948217,6.5359744597294736,12.666084952992248,19.04094422885638,0.9121404610663051
2025-05-21,140109.0,140109.0,137538.0,137881.0,10150400,-0.0159089286988795,14.12337352708572,14.23293005555534,17.38723728256508,1.8646514022961829
2025-05-22,137881.0,138837.0,137088.0,137273.0,13223200,-0.0044095995822485134,12.601246151761671,14.400795176961045,16.873772149444736,1.2741034289335849
2025-05-23,137273.0,137824.0,134997.0,137824.0,10682600,0.0040138993101337395,13.55905900257374,13.856618643381227,16.159169801906447,2.0511667053633618
2025-05-26,137824.0,138800.0,137795.0,138136.0,5553800,0.002263756675179973,13.34376296278878,12.603250543528407,13.8834031438788,0.7275438698094631
2025-05-27,138136.0,140382.0,138136.0,139541.0,11187800,0.010171135692361055,15.759628892139038,12.974329116553426,13.399304574473703,1.6095627808314403
2025-05-28,139541.0,139547.0,138580.0,138888.0,9735000,-0.004679628209630193,9.888137667591387,13.159572154217141,13.417433909866022,0.6962444559645181
2025-05-29,138869.0,139108.0,137993.0,138534.0,8826400,-0.002548816312424429,9.259085096909898,13.227931945650836,13.08391202316191,0.8048565695064027
2025-05-30,138546.0,138637.0,136726.0,137027.0,15141600,-0.010878195966333215,12.521590591955798,13.874960812649844,13.59012016738853,1.3946156596875068
2025-06-02,137026.0,138471.0,136483.0,136787.0,9100100,-0.0017514796354003437,12.154179898681932,13.901402375305144,13.36109245149071,1.453354485440868
2025-06-03,136787.0,137672.0,136175.0,137546.0,9696700,0.005548772909706345,9.379255544763376,13.186155727701001,13.174651496781989,1.0883631657772672
2025-06-04,137547.0,138797.0,136695.0,137002.0,10199100,-0.003955040495543294,9.304594027543283,13.313938917851894,13.22003380335155,1.5342841710339994
2025-06-05,137003.0,137451.0,136031.0,136236.0,9484500,-0.005591159253149569,9.518187631873674,13.507957350517028,12.89456498466237,1.0423089344960217
2025-06-06,136236.0,136890.0,135601.0,136102.0,9119300,-0.0009835873043835264,6.7658801749966635,11.33861710294613,11.87106551780187,0.9470838047934638
2025-06-09,136102.0,136106.0,134119.0,135699.0,7763800,-0.0029610145332177318,6.86525092726246,11.35600843864096,11.908081029734813,1.4642701862209744
2025-06-10,135716.0,137369.0,135716.0,136436.0,8186500,0.005431138033441751,6.788281992407316,11.525448768662736,11.992105839038466,1.2115570670497522
2025-06-11,136443.0,137531.0,135628.0,137128.0,8767100,0.005071975138526419,7.778150494635229,9.806273953090873,12.069160994329405,1.38775450673823
2025-06-12,137127.0,137931.0,136175.0,137800.0,7124600,0.004900530890846522,6.285509157747598,9.908775848895052,12.13289920103047,1.274310595065312
2025-06-13,137800.0,137800.0,136586.0,137213.0,8628300,-0.0042597968069666425,7.64449122537819,9.683576605037505,12.217713686984318,0.8847558175974579
2025-06-16,137212.0,139988.0,137212.0,139256.0,7620500,0.01488925976401645,10.752819932361442,11.086093820711032,12.29004144169884,1.9934509105532257
2025-06-17,139256.0,139497.0,138293.0,138840.0,8377000,-0.0029873039581777006,12.20492518880391,11.07052049968629,12.35242355531758,0.8671852492077211
2025-06-18,138844.0,139161.0,138443.0,138717.0,8323400,-0.0008859118409679789,12.458805341657623,10.992036980429647,12.352456677602918,0.5176005824808783
2025-06-20,138715.0,138719.0,136815.0,137116.0,11289300,-0.01154148374027697,15.435273446205109,10.30062780598166,11.376386527366076,1.3886052685317543
2025-06-23,137116.0,137130.0,135835.0,136551.0,7727800,-0.004120598617229243,15.416814315103771,10.286381619103729,11.431452333336342,0.9483636150595748
2025-06-24,136552.0,138156.0,136254.0,137165.0,8083700,0.004496488491479322,9.218130510643464,10.312799879511273,11.504298759679967,1.3866511136222797
2025-06-25,137163.0,137163.0,135565.0,135767.0,7705700,-0.010192104399810442,10.533300666060455,10.826480310792054,10.636438679248899,1.1770165062202156
2025-06-26,135767.0,137353.0,135756.0,137114.0,8023300,0.009921409473583331,14.776071874569435,10.794890203760403,11.028659170443186,1.1647242440596874
2025-06-27,137113.0,137209.0,136469.0,136866.0,6244500,-0.0018087139168866395,12.35262541978599,10.710809656045233,10.840675357764052,0.540674820627475
2025-06-30,136865.0,139103.0,136430.0,138855.0,7680300,0.014532462408487046,15.463153533952125,11.902702348815817,11.688621074051113,1.9250297072485687
2025-07-01,138855.0,139695.0,138855.0,139549.0,6345700,0.004998019516762042,15.489840869996154,11.307140300264564,11.742982473560623,0.6019391038273295
2025-07-02,139586.0,140049.0,138384.0,139051.0,8811900,-0.003568638972690552,12.159732567319278,11.377988232612665,11.741779984676386,1.1974023919281416
2025-07-03,139051.0,141304.0,139051.0,140928.0,6082200,0.013498644382277103,13.316351016926797,12.105509423178379,11.417637770170316,1.5986886920980925
2025-07-04,140928.0,141537.0,140597.0,141478.0,2114300,0.0039027020890098907,11.872281365147726,11.990606146467716,11.344919756828405,0.6644142552198928
2025-07-07,141265.0,141342.0,139295.0,139490.0,6117300,-0.014051654674224978,16.421504331855832,12.946390640732822,12.114294934114302,1.4674887088680193
2025-07-08,139491.0,139591.0,138770.0,139303.0,6750100,-0.001340597892321993,16.05091408940881,12.954413992549977,12.111891636296589,0.5893627560066904
2025-07-09,139303.0,139331.0,137299.0,137481.0,7584500,-0.013079402453644251,18.49995129521737,13.804264406172045,12.33915486174384,1.478022417643165
2025-07-10,137472.0,137472.0,136015.0,136743.0,9566200,-0.00536801448927493,12.170666160421403,13.840565951147967,12.361173021419388,1.0655024388816978
2025-07-11,136742.0,136742.0,135528.0,136187.0,7401900,-0.004066021661072283,8.99038277127439,13.792453396870336,12.390923477636298,0.8914213544611453
2025-07-14,136187.0,136187.0,134840.0,135299.0,7325600,-0.006520446151247916,6.929111840749355,13.818105502151909,12.136742796582679,0.9955727684609642
2025-07-15,135298.0,136022.0,134380.0,135250.0,6904200,-0.00036216084376083924,7.3710025370144665,13.762265759154383,12.129924473771858,1.2140480591497227
2025-07-16,135250.0,135641.0,134265.0,135511.0,7833200,0.0019297597042513548,5.6305840903420075,12.601791212151664,12.02190288325808,1.0154157227088576
2025-07-17,135515.0,135793.0,135016.0,135565.0,6800000,0.00039849163536542775,5.5105638154206344,12.598144443600102,11.978341560473464,0.5731567882565559
2025-07-18,135563.0,135563.0,133296.0,133382.0,10071800,-0.016102976431969895,11.7859781664712,13.625565467256672,12.743042686578693,1.6996296351831581
2025-07-21,133382.0,134865.0,133367.0,134167.0,6726700,0.005885351846576015,13.384092670785305,13.396040471220836,12.88329363048305,1.116518965170273
2025-07-22,134180.0,135300.0,133986.0,134036.0,7052100,-0.0009763950897015983,13.353918756749728,13.347970950668895,12.86244231010391,0.9803336417081978
2025-07-23,134036.0,135782.0,133676.0,135368.0,6527600,0.009937628696768064,15.748292410223371,13.749673941177512,13.103395425152783,1.5557591158914958
2025-07-24,135357.0,135363.0,133648.0,133808.0,5976800,-0.011524141599196236,17.637686720068274,13.874038388025244,13.399465609789896,1.2816871935908167
2025-07-25,133820.0,134204.0,133285.0,133524.0,5560900,-0.0021224440990075255,13.075280704569275,13.33394637567182,13.29483849560035,0.6882657799346934
2025-07-28,133538.0,133902.0,131550.0,132129.0,6625600,-0.010447559989215427,13.756223399632518,13.711738151099093,13.544629855147122,1.780078559589492
2025-07-29,132130.0,133346.0,132130.0,132726.0,6324800,0.0045183116499785125,14.786631629201983,12.618739410225091,12.784828674138145,0.9161731687838102
2025-07-30,132702.0,134368.0,131883.0,133990.0,8655300,0.009523378991305398,14.578677247318852,13.030893975437847,13.172466228442516,1.8546160161206062
2025-07-31,133987.0,133987.0,132096.0,133071.0,9196800,-0.00685872080005967,12.945371354150131,13.133361922418016,13.275357653494183,1.421045907823643
2025-08-01,132920.0,133237.0,132140.0,132437.0,8497100,-0.004764373905659425,13.212842547877054,11.870631038193817,12.964947485597166,0.8283183702439652
2025-08-04,132440.0,133929.0,132440.0,132971.0,6136600,0.00403210583145186,10.90576275976847,11.880094280803167,13.016443697151587,1.1197930375796226
2025-08-05,132971.0,134233.0,132682.0,133151.0,6606300,0.001353678621654364,10.5409221809716,11.24314198932878,12.93583400512865,1.1648429226967878
2025-08-06,133169.0,135241.0,133169.0,134538.0,8681700,0.010416744898648966,11.02240462206409,12.0626740193774,13.035988880519165,1.5400853290520151
2025-08-07,134538.0,137007.0,134534.0,136528.0,9501000,0.01479136006184123,12.158508136354314,12.581596222207054,13.437083333604505,1.8113500527364352
2025-08-08,136526.0,136761.0,135659.0,135913.0,9890600,-0.0045045704910348094,12.025499572080822,12.541274384298532,13.489345965775042,0.8108127993642992
2025-08-11,135913.0,136307.0,135496.0,135623.0,6947300,-0.0021337178930639356,13.15239447709622,12.485126438603428,12.752575239170227,0.5979811683858933
2025-08-12,135629.0,138414.0,135629.0,137914.0,8342100,0.01689241500335492,15.593755505835333,13.571252511871313,13.652896847018864,2.019374392737503
2025-08-13,137911.0,137913.0,136535.0,136687.0,9398500,-0.008896848760821974,18.715434508473447,13.990531574901341,13.847754166951267,1.0081426909654905
2025-08-14,136681.0,137437.0,135588.0,136356.0,9667800,-0.0024215909340317143,15.774761736356238,14.017258893685536,13.199345650864386,1.356009269852445
2025-08-15,136354.0,136431.0,135583.0,136341.0,9291000,-0.00011000616034495536,15.323596824821545,14.018066991678666,13.119095710926402,0.6219699136723363
2025-08-18,136341.0,137902.0,136341.0,137322.0,8089900,0.007195194402270788,15.676905279144087,12.85636656855268,12.750365750934781,1.1367442944320647
2025-08-19,137321.0,137321.0,133997.0,134432.0,8684100,-0.02104542607885118,16.873127014964684,14.899757195081525,14.074706949288062,2.472625565341585
2025-08-20,134431.0,134964.0,134122.0,134667.0,6845000,0.0017480956915019163,17.038006483178965,14.904019574440708,13.631511759427212,0.625245977113918
2025-08-21,134664.0,134837.0,133874.0,134511.0,6516300,-0.0011584129742253646,17.08513577920532,14.486537207820287,13.559405102264874,0.7159265784954391
2025-08-22,134512.0,138072.0,134512.0,137968.0,9315600,0.025700500330827936,26.665437952992725,16.446925872322005,15.488877807522849,2.580308477328076
2025-08-25,137971.0,138890.0,137971.0,138025.0,5991700,0.00041313927867325795,26.343933070829763,16.3997535979037,15.346304938185027,0.6658214091650063
2025-08-26,138026.0,138037.0,137059.0,137771.0,8453400,-0.0018402463321861573,18.526920391761116,15.863292776591663,15.36125220400705,0.7098736308802288
2025-08-27,137773.0,139281.0,137456.0,139206.0,6609100,0.01041583497252696,18.598280544219456,16.10900925742957,15.616928559389864,1.3110067094809132
2025-08-28,139206.0,142138.0,139206.0,141049.0,9294800,0.013239371866155203,17.541391379823406,16.367693817651936,16.01630626588846,2.0787102354500915
2025-08-29,141049.0,142379.0,141000.0,141422.0,9333200,0.002644471070337273,10.366918046105537,16.010322283563337,15.136352861729005,0.9750958125327036
2025-09-01,141423.0,141950.0,140878.0,141125.0,3388000,-0.0021000975802916155,11.184848792291135,15.874578575583989,15.135025761989882,0.7596102745792737
2025-09-02,141279.0,141279.0,139625.0,140335.0,8785200,-0.005597874224977817,12.731952185216372,16.149753924744296,15.265558673410451,1.178608330067339
2025-09-03,140332.0,140496.0,139582.0,139864.0,7579800,-0.0033562546763102885,11.895828271491602,16.27816183739209,15.118367694401517,0.6534919636218041
2025-09-04,139832.0,141482.0,139832.0,140993.0,8032400,0.00807212720928896,8.66363965237519,16.152354052774793,14.755148845287305,1.170270864511004
2025-09-05,141004.0,143409.0,141004.0,142640.0,8379400,0.011681430993027986,12.12843683103657,15.882584132415467,14.978065550827957,1.686062815479529
2025-09-08,142640.0,143089.0,141329.0,141792.0,7440900,-0.005945036455412223,13.158763967100285,15.966078497202075,14.700747047443663,1.2412547957571656
2025-09-09,141794.0,142286.0,141606.0,141618.0,7481900,-0.0012271496276236027,12.108106167804756,15.939094035827758,14.722991840074428,0.48016495078309257
2025-09-10,141612.0,143182.0,141612.0,142349.0,7138700,0.005161773220918153,11.284991131337623,15.062143259647554,14.58825748430338,1.1029230974576567
2025-09-11,142349.0,144013.0,142349.0,143151.0,7570400,0.00563404028128045,10.791237042824264,14.626949586183668,14.372309425162545,1.162408924841601
2025-09-12,143151.0,143202.0,142241.0,142272.0,6388600,-0.0061403692604312665,9.10790824394283,14.831673850335065,14.43793122349937,0.6754667116509222
2025-09-15,142292.0,144194.0,142292.0,143547.0,6614000,0.008961707152496556,9.630153125369542,14.995988070148877,14.555661901957642,1.3250015674308764
2025-09-16,143547.0,144584.0,143547.0,144062.0,8478200,0.0035876751168606447,9.052397018823342,14.905405571324911,14.553509631545609,0.7198289625300218
2025-09-17,144059.0,146331.0,143910.0,145594.0,9604400,0.010634310227541022,10.435787952836723,12.490860209774281,14.563706979843124,1.6628432490349878
2025-09-18,145594.0,145726.0,144993.0,145500.0,8372000,-0.000645631001277569,10.958478565510385,12.568526936985453,14.128575028518005,0.5037800687285223
2025-09-19,145500.0,146399.0,145496.0,145865.0,10279800,0.0025085910652919985,7.425260518318452,12.452821269741111,13.986518314651386,0.6190655743324306
2025-09-22,145864.0,145864.0,144117.0,145109.0,9428100,-0.005182874575806351,9.24821207108421,9.991280907134072,14.099784766745257,1.2039225685519162
2025-09-23,145112.0,147179.0,145107.0,146425.0,8143800,0.00906904464919478,10.506740594925628,10.219042985132909,13.56821975824086,1.4150589038757042
2025-09-24,146426.0,146585.0,146067.0,146492.0,7292900,0.0004575721359056928,8.261014043270718,10.117022025658038,13.178675358302073,0.3536029271223002
2025-09-25,146492.0,146519.0,145187.0,145306.0,8293800,-0.008096005242607118,10.67400179611682,10.422645702329744,13.456708930855795,0.9166861657467688
2025-09-26,145326.0,146235.0,145146.0,145447.0,6338200,0.0009703659862634328,10.477723953671404,9.599247033020099,13.444537754847092,0.7487263401788967
2025-09-29,145447.0,147558.0,145447.0,146337.0,7074100,0.006119067426622715,10.405634169896366,9.726941870943495,13.413320099535111,1.442560664766942
2025-09-30,146337.0,147578.0,145774.0,146237.0,9477300,-0.0006833541756356976,8.106206079667249,9.670409571949454,11.516916601580737,1.2336139280756582
2025-10-01,146237.0,146879.0,145193.0,145517.0,8340700,-0.004923514568816345,8.690852567968358,9.608793391522727,11.731935987873886,1.1586275143110427
2025-10-02,145517.0,145621.0,143635.0,143950.0,7245600,-0.010768501274765141,10.096469699177787,10.41400761319539,12.316413895580542,1.379645710316082
2025-10-03,143950.0,144518.0,143676.0,144201.0,6177600,0.0017436609934005087,10.2467124634479,10.129423016956467,10.12139716542231,0.5839071851096733
2025-10-06,144202.0,144532.0,143376.0,143608.0,5981500,-0.0041123154485752655,7.544667353904747,9.507325126729686,10.247572120578214,0.8049690825023676
2025-10-07,143606.0,143606.0,141035.0,141356.0,9272700,-0.015681577627987275,10.600235324553232,10.825169633534074,11.34735177731841,1.818812077308356
2025-10-08,141356.0,142385.0,141356.0,142145.0,7525200,0.005581651999207571,13.861509864160448,10.99342722212249,11.077682071958819,0.7239086847936966
2025-10-09,142148.0,143212.0,141603.0,141708.0,6821400,-0.00307432551268072,12.752904788016458,10.894807620994566,10.467860153987708,1.1354334264826262
2025-10-10,141725.0,142274.0,140231.0,140680.0,8280800,-0.007254354023767173,12.183196831425441,10.941046894540383,10.656503982017982,1.4522320159226614
2025-10-13,140682.0,142303.0,140682.0,141783.0,5531200,0.007840489053170252,15.245416946406326,11.15207803752937,10.885709749846392,1.1432964459773034
2025-10-14,141788.0,142589.0,141334.0,141683.0,7122300,-0.000705303174569627,9.85185661585715,10.649387938289737,10.751668143570017,0.8857802276913955
2025-10-15,141683.0,142905.0,141154.0,142604.0,10321000,0.006500427009591858,10.16824623562796,10.839829520004171,10.836328240983134,1.2278757959103532
2025-10-16,142604.0,143191.0,141446.0,142200.0,7391900,-0.002833020111637774,10.113691447065007,10.080069201325015,10.648269343028831,1.2271448663853728
2025-10-17,142200.0,143425.0,141248.0,143399.0,8875100,0.008431786216596349,8.300220907837728,10.608615535451625,10.38499939299961,1.5181416885752341
2025-10-20,143399.0,145216.0,143396.0,144509.0,6793400,0.007740639753415213,8.270202838274317,10.955361813327864,10.438919575129757,1.2594371284833472
2025-10-21,144509.0,144795.0,143829.0,144085.0,6193200,-0.0029340733103128125,9.14480238902725,10.859502084292231,10.477298076591904,0.670437588923205
2025-10-22,144094.0,145048.0,144039.0,144873.0,7025000,0.005468993996599281,8.950405901783732,10.534270234879635,10.489300923108392,0.6964720824446239
2025-10-23,144881.0,146358.0,144881.0,145721.0,6599600,0.005853402635411786,7.237602544217007,10.7586262019757,10.498624624866567,1.0135807467695115
2025-10-24,145721.0,147240.0,145721.0,146172.0,6491300,0.0030949554285244485,6.56279151226995,10.420727217545235,10.322006573807883,1.0391867115453028
2025-10-27,146174.0,147977.0,146174.0,146969.0,6445200,0.0054524806392468594,5.871707131194851,10.57144324209538,10.132876861344844,1.2267893229184386
2025-10-28,146970.0,147811.0,146575.0,147429.0,7108000,0.0031299117500969142,2.170691748775123,10.42150528232636,10.122817979945555,0.8383696559021631
2025-10-29,147430.0,149067.0,147430.0,148633.0,7999500,0.008166642926425549,3.3665388487029997,10.753923120717715,9.937863038484203,1.101370489729737
2025-10-30,148632.0,149234.0,147547.0,148780.0,7300600,0.0009890132070267121,4.345531264454498,10.55082195447978,9.929807198284594,1.1338889635703724
2025-10-31,148774.0,149636.0,148774.0,149540.0,8911000,0.0051082134695523695,4.2670845414064695,9.704257711070571,9.997885125028292,0.5764343988230574
2025-11-03,149551.0,150761.0,149551.0,150454.0,7667600,0.00611207703624439,4.377365406832762,9.81649057092433,9.941512292443226,0.804232522897364
2025-11-04,150454.0,150888.0,149979.0,150704.0,7541200,0.001661637444002828,4.811936935646233,9.560846984006737,9.661534179709943,0.6031691262342075
2025-11-05,150709.0,153583.0,150296.0,153294.0,9803000,0.017186007007113258,10.338027134226873,8.483541595561684,10.739515888148597,2.1442456978094384
2025-11-06,153297.0,154352.0,153235.0,153339.0,9387600,0.00029355356374027863,10.568577544795883,8.547566752253253,10.354001564201388,0.7284513398417884
2025-11-07,153339.0,154066.0,152368.0,154064.0,9474100,0.004728086135947107,10.593838582493161,8.19659655713552,10.38457168673191,1.102139370651158
2025-11-10,154061.0,155601.0,154058.0,155257.0,7751600,0.007743535154221659,10.668127435749062,7.185780666330066,10.45181953116411,0.9938360267169919
2025-11-11,155257.0,158467.0,155252.0,157749.0,12876000,0.016050806082817504,11.561011369837358,8.13570972566484,11.179139480192205,2.0380477847720115
2025-11-12,157749.0,158134.0,156560.0,157633.0,11226600,-0.0007353453904620499,10.733444900644498,8.138420073002402,11.000208728712368,0.9985218831082323
2025-11-13,157633.0,158319.0,156509.0,157162.0,10560800,-0.002987953030139656,11.943252956145832,8.584950581226506,10.386889106683975,1.1516778865120068
2025-11-14,157162.0,158366.0,156656.0,157739.0,7977300,0.0036713709420852503,11.979675855737968,8.155194202929474,10.38242732437475,1.0840692536405074
2025-11-17,157742.0,157901.0,156568.0,156993.0,8419200,-0.004729331363835243,13.22314043132734,8.705678915616776,10.420709890028416,0.8490824431662557
2025-11-18,156990.0,157040.0,155834.0,156522.0,8723000,-0.0030001337639258274,5.156462190442406,8.967631223974822,8.996460267007144,0.7704987158354737
2025-11-19,156522.0,156522.0,155212.0,155381.0,8815200,-0.007289710072705402,6.439030474461839,9.49283074047598,9.487551590602056,0.8430889233561376
2025-11-21,155381.0,155387.0,153571.0,154770.0,7848000,-0.003932269711225955,6.48492727857867,9.814966047600448,9.53832206674577,1.1733540091749046
2025-11-24,154769.0,155832.0,154529.0,155278.0,9277600,0.003282289849454001,6.231575335847109,9.766683549827992,9.033243063520775,0.8391401228763895
2025-11-25,155278.0,156373.0,154821.0,155910.0,6929400,0.004070119398755789,7.756778688048368,9.773121412896906,8.93455220495497,0.9954460906933487
2025-11-26,155915.0,158714.0,155914.0,158555.0,8596500,0.016964915656468404,14.837627177281682,10.87478381903685,9.70067800061326,1.7659487244173946
2025-11-27,158554.0,158864.0,158167.0,158292.0,3121400,-0.001658730409006326,12.877610401290948,11.02863061096944,9.78932816331294,0.4403254744396432
2025-11-28,158358.0,159689.0,158078.0,159072.0,8017000,0.004927602152983157,10.940192741252796,10.909188841168287,9.609574982877703,1.012748943874472
2025-12-01,159074.0,159224.0,158030.0,158611.0,7504300,-0.002898058740696041,12.50372123225647,11.09269352906527,9.69183257861818,0.7527851157864209
2025-12-02,158612.0,161092.0,158612.0,161092.0,8430000,0.01564204248129064,14.857864603522087,11.906353374522261,10.254658034927935,1.5394929605442853
2025-12-03,161094.0,161964.0,161093.0,161755.0,8292000,0.004115660616293759,11.665660454958447,11.872817503894249,10.063235399014719,0.538468671756669
2025-12-04,161760.0,164551.0,161759.0,164456.0,10592300,0.016698092794658503,13.207700192955771,12.69647079253037,10.721760821937737,1.6977185386972806
2025-12-05,164461.0,165036.0,157007.0,157369.0,14529000,-0.04309359342316488,38.784743728850366,19.998275668296213,17.396099397946287,5.102021363801003
2025-12-08,157369.0,159235.0,157369.0,158187.0,9024100,0.005197974188054788,39.079193427908784,20.038473450004254,17.411702241160125,1.179616529803334
2025-12-09,158187.0,158851.0,155188.0,157981.0,8703800,-0.0013022561904580954,36.493611742559004,20.02724106457141,17.428814643335983,2.318633253365911
2025-12-10,157984.0,159691.0,157628.0,159075.0,8239900,0.006924883372050994,36.923482666923356,19.995898931927073,17.47593495232311,1.2968725443972968
2025-12-11,159072.0,159850.0,158098.0,159189.0,7018000,0.0007166430928806644,33.062064671130095,19.256114074949966,17.402845912192753,1.1005785575636509
2025-12-12,159189.0,161263.0,159189.0,160766.0,7671200,0.00990646338628931,7.246581977160564,19.52086259634895,17.533732387538144,1.2900737718174242
2025-12-15,160766.0,163073.0,160766.0,162482.0,8229000,0.010673898709926188,8.5964625523491,19.740691321044185,17.675283466100847,1.4198495833384621
2025-12-16,162482.0,162482.0,158558.0,158578.0,9920300,-0.02402727686759154,22.92655976338792,21.627077492510033,19.27524564006174,2.4744920480772867
2025-12-17,158578.0,158611.0,156351.0,157327.0,11344300,-0.007888862263365715,22.861147249054937,21.747792397336504,19.4800121823136,1.4364985031177102
2025-12-18,157327.0,158496.0,157124.0,157923.0,7800100,0.003788288087867908,23.203031872174225,21.749387480663888,18.922061964983822,0.868777822103177
2025-12-19,157928.0,159552.0,157906.0,158473.0,9946500,0.003482709928256167,21.605047267720057,21.581793297520896,18.933382954334675,1.0386627375010256
2025-12-22,158480.0,158634.0,157306.0,158142.0,8424000,-0.0020886838767487648,18.228879538069368,21.53780728784447,18.925082406857165,0.8397516156365797
2025-12-23,158144.0,160456.0,158144.0,160456.0,6569800,0.014632418965233818,13.251638231970588,22.03480299408607,19.24290973538863,1.4408934536570774
2025-12-26,160456.0,160913.0,159359.0,160897.0,4790000,0.002748417011517068,9.743292893378,22.021313157478502,18.728383765866692,0.9658352859282647
2025-12-29,160897.0,161133.0,159702.0,160490.0,5605600,-0.002529568606002619,10.991596691461378,21.331395402981656,18.747767459087285,0.8916443392111659
2025-12-30,160491.0,162075.0,160491.0,161125.0,5870100,0.003956632812013305,11.003086878462904,21.343004828008183,18.738151973315723,0.9830876648564779
