title,url,date,source,keyword
"Para Tombini, próximos trimestres serão de volatilidade",https://valor.globo.com/financas/noticia/2011/12/20/para-tombini-proximos-trimestres-serao-de-volatilidade.ghtml,2011-12-20,valor,recessão brasil
Turismo estrangeiro recua no Ceará,https://valor.globo.com/noticia/2011/12/20/turismo-estrangeiro-recua-no-ceara.ghtml,2011-12-20,valor,recessão brasil
"Governo deve evitar ""excessiva"" apreciação do real, diz Mantega",https://valor.globo.com/financas/noticia/2011/12/20/governo-deve-evitar-excessiva-apreciacao-do-real-diz-mantega.ghtml,2011-12-20,valor,recessão brasil
"Para BC, cenário externo segue preocupante",https://valor.globo.com/financas/noticia/2011/12/21/para-bc-cenario-externo-segue-preocupante.ghtml,2011-12-21,valor,recessão brasil
"Para Mark Mobius, 2012 será bom para as bolsas",https://valor.globo.com/financas/noticia/2011/12/21/para-mark-mobius-2012-sera-bom-para-as-bolsas.ghtml,2011-12-21,valor,recessão brasil
Exportações ganham mais espaço no PIB,https://valor.globo.com/brasil/noticia/2011/12/21/exportacoes-ganham-mais-espaco-no-pib.ghtml,2011-12-21,valor,recessão brasil
Incertezas com a Europa levam Bovespa de volta ao campo negativo,https://valor.globo.com/financas/noticia/2011/12/21/incertezas-com-a-europa-levam-bovespa-de-volta-ao-campo-negativo.ghtml,2011-12-21,valor,recessão brasil
Jogo de contrapesos,https://valor.globo.com/noticia/2011/12/21/jogo-de-contrapesos.ghtml,2011-12-21,valor,recessão brasil
Dia reserva Relatório de Inflação e PIB dos EUA,https://valor.globo.com/financas/noticia/2011/12/22/dia-reserva-relatorio-de-inflacao-e-pib-dos-eua.ghtml,2011-12-22,valor,recessão brasil
Relatório do BC vê possibilidade elevada de recessão em alguns países,https://valor.globo.com/brasil/noticia/2011/12/22/relatorio-do-bc-ve-possibilidade-elevada-de-recessao-em-alguns-paises.ghtml,2011-12-22,valor,recessão brasil
Crise global e as commodities,https://valor.globo.com/opiniao/noticia/2011/12/23/crise-global-e-as-commodities.ghtml,2011-12-23,valor,recessão brasil
Otimismo moderado,https://valor.globo.com/noticia/2011/12/27/otimismo-moderado.ghtml,2011-12-27,valor,recessão brasil
Projeções de lucros para as empresas justificam otimismo,https://valor.globo.com/noticia/2011/12/27/projecoes-de-lucros-para-as-empresas-justificam-otimismo.ghtml,2011-12-27,valor,recessão brasil
"Ibovespa termina em alta, em linha com mercado americano",https://valor.globo.com/financas/noticia/2011/12/27/ibovespa-termina-em-alta-em-linha-com-mercado-americano.ghtml,2011-12-27,valor,ibovespa
"Potencial de alta do Ibovespa é menor, mas ainda interessante",https://valor.globo.com/noticia/2011/12/27/potencial-de-alta-do-ibovespa-e-menor-mas-ainda-interessante.ghtml,2011-12-27,valor,recessão brasil
"Consumo de energia deve crescer até 3,8% em 2011, segundo EPE",https://valor.globo.com/brasil/noticia/2011/12/28/consumo-de-energia-deve-crescer-ate-38-em-2011-segundo-epe.ghtml,2011-12-28,valor,crise financeira
"Com baixa liquidez, Ibovespa acompanha mercado externo e perde 2,5%",https://valor.globo.com/financas/noticia/2011/12/28/com-baixa-liquidez-ibovespa-acompanha-mercado-externo-e-perde-25.ghtml,2011-12-28,valor,ibovespa
Piora de humor no exterior leva Ibovespa a ceder 2% e dólar subir,https://valor.globo.com/financas/noticia/2011/12/28/piora-de-humor-no-exterior-leva-ibovespa-a-ceder-2-e-dolar-subir.ghtml,2011-12-28,valor,ibovespa
Ibovespa aprofunda perdas e cede mais de 1%,https://valor.globo.com/financas/noticia/2011/12/28/ibovespa-aprofunda-perdas-e-cede-mais-de-1.ghtml,2011-12-28,valor,ibovespa
"Com volume e agenda fraca, Ibovespa começa negócios em queda",https://valor.globo.com/financas/noticia/2011/12/28/com-volume-e-agenda-fraca-ibovespa-comeca-negocios-em-queda.ghtml,2011-12-28,valor,ibovespa
Contas públicas e fluxo cambial no Brasil são os destaques da agenda,https://valor.globo.com/financas/noticia/2011/12/28/contas-publicas-e-fluxo-cambial-no-brasil-sao-os-destaques-da-agenda.ghtml,2011-12-28,valor,ibovespa
"Commodities mais uma vez dominam efeito do câmbio, afirma Quest",https://valor.globo.com/brasil/noticia/2011/12/29/commodities-mais-uma-vez-dominam-efeito-do-cambio-afirma-quest.ghtml,2011-12-29,valor,crise econômica
Ipea estima queda de investimento público em 2011,https://valor.globo.com/brasil/noticia/2011/12/29/ipea-estima-queda-de-investimento-publico-em-2011.ghtml,2011-12-29,valor,crise econômica
"2011 - Nos índices, um retrato do ano",https://valor.globo.com/brasil/noticia/2011/12/29/2011-nos-indices-um-retrato-do-ano.ghtml,2011-12-29,valor,crise econômica
Leia as manchetes de hoje dos principais jornais do país,https://valor.globo.com/brasil/noticia/2011/12/29/leia-as-manchetes-de-hoje-dos-principais-jornais-do-pais.ghtml,2011-12-29,valor,crise econômica
Ministro da Economia do Chile confirma a saída do ministro da Educação,https://valor.globo.com/mundo/noticia/2011/12/29/ministro-da-economia-do-chile-confirma-a-saida-do-ministro-da-educacao.ghtml,2011-12-29,valor,crise econômica
"Indústria ajuda PIB em 2012, mas retomada pode ser temporária",https://valor.globo.com/brasil/noticia/2011/12/29/industria-ajuda-pib-em-2012-mas-retomada-pode-ser-temporaria.ghtml,2011-12-29,valor,crise econômica
Empresários do varejo gaúcho mostram otimismo para 2012,https://valor.globo.com/empresas/noticia/2011/12/29/empresarios-do-varejo-gaucho-mostram-otimismo-para-2012.ghtml,2011-12-29,valor,crise econômica
Indicadores americanos dâo fôlego às bolsas europeias,https://valor.globo.com/financas/noticia/2011/12/29/indicadores-americanos-dao-folego-as-bolsas-europeias.ghtml,2011-12-29,valor,bolsa valores
Mantega sai em férias e volta a trabalhar dia 16,https://valor.globo.com/brasil/noticia/2011/12/29/mantega-sai-em-ferias-e-volta-a-trabalhar-dia-16.ghtml,2011-12-29,valor,crise econômica
Ações da B2W e V-Agro têm pior desempenho do Ibovespa no ano,https://valor.globo.com/financas/noticia/2011/12/29/acoes-da-b2w-e-v-agro-tem-pior-desempenho-do-ibovespa-no-ano.ghtml,2011-12-29,valor,crise econômica
Bolsas asiáticas encerram penúltimo pregão do ano sem rumo definido,https://valor.globo.com/financas/noticia/2011/12/29/bolsas-asiaticas-encerram-penultimo-pregao-do-ano-sem-rumo-definido.ghtml,2011-12-29,valor,bolsa valores
Mais um ano de turbulências para a economia mundial,https://valor.globo.com/opiniao/noticia/2011/12/29/mais-um-ano-de-turbulencias-para-a-economia-mundial.ghtml,2011-12-29,valor,crise financeira
Commodities agrícolas seguem sob pressão,https://valor.globo.com/agronegocios/noticia/2011/12/29/commodities-agricolas-seguem-sob-pressao.ghtml,2011-12-29,valor,crise financeira
China mantém liderança em ofertas iniciais com US$ 77 bilhões em 2011,https://valor.globo.com/noticia/2011/12/29/china-mantem-lideranca-em-ofertas-iniciais-com-us-77-bilhoes-em-2011.ghtml,2011-12-29,valor,crise financeira
"Cautelosos, bancos elevam volume de depósitos junto ao BCE a nível recorde",https://valor.globo.com/financas/noticia/2011/12/29/cautelosos-bancos-elevam-volume-de-depositos-junto-ao-bce-a-nivel-recorde.ghtml,2011-12-29,valor,crise financeira
"BC projeta déficit nominal de 1,2% do PIB no próximo ano",https://valor.globo.com/brasil/noticia/2011/12/29/bc-projeta-deficit-nominal-de-12-do-pib-no-proximo-ano.ghtml,2011-12-29,valor,crise financeira
Promoção garante aumento na demanda,https://valor.globo.com/empresas/noticia/2011/12/29/promocao-garante-aumento-na-demanda.ghtml,2011-12-29,valor,crise financeira
Temas de peso devem ser julgados pelo STF em 2012,https://valor.globo.com/legislacao/noticia/2011/12/29/temas-de-peso-devem-ser-julgados-pelo-stf-em-2012.ghtml,2011-12-29,valor,crise financeira
"Após anos na berlinda, fundos cambiais voltam a brilhar em 2011",https://valor.globo.com/noticia/2011/12/29/apos-anos-na-berlinda-fundos-cambiais-voltam-a-brilhar-em-2011.ghtml,2011-12-29,valor,crise financeira
BC coloca em audiência pública duas propostas de regulamentação,https://valor.globo.com/financas/noticia/2011/12/29/bc-coloca-em-audiencia-publica-duas-propostas-de-regulamentacao.ghtml,2011-12-29,valor,crise financeira
"Ibovespa fecha em leve alta no dia, mas perde 18,11% no ano",https://valor.globo.com/financas/noticia/2011/12/29/ibovespa-fecha-em-leve-alta-no-dia-mas-perde-1811-no-ano.ghtml,2011-12-29,valor,crise financeira
"Juros futuros indicam queda da Selic em 2012, mas alta em 2013",https://valor.globo.com/financas/noticia/2011/12/29/juros-futuros-indicam-queda-da-selic-em-2012-mas-alta-em-2013.ghtml,2011-12-29,valor,crise econômica
"Wall Street caminha para fechar 2011 em alta, apesar da crise europeia",https://valor.globo.com/financas/noticia/2011/12/29/wall-street-caminha-para-fechar-2011-em-alta-apesar-da-crise-europeia.ghtml,2011-12-29,valor,crise econômica
"Dólar Ptax fecha a R$ 1,8758, alta de 0,66%",https://valor.globo.com/financas/noticia/2011/12/29/dolar-ptax-fecha-a-r-18758-alta-de-066.ghtml,2011-12-29,valor,bolsa valores
BNY Mellon é o novo banco depositário das ADRs da Petrobras,https://valor.globo.com/empresas/noticia/2011/12/29/bny-mellon-e-o-novo-banco-depositario-das-adrs-da-petrobras.ghtml,2011-12-29,valor,bolsa valores
"Dólar estende ganhos e opera a R$ 1,88",https://valor.globo.com/financas/noticia/2011/12/29/dolar-estende-ganhos-e-opera-a-r-188.ghtml,2011-12-29,valor,bolsa valores
Bolsas europeias têm leve ganho após leilão da Itália,https://valor.globo.com/financas/noticia/2011/12/29/bolsas-europeias-tem-leve-ganho-apos-leilao-da-italia.ghtml,2011-12-29,valor,bolsa valores
"Fundos sofreram saques de R$ 5,5 bi na semana passada",https://valor.globo.com/noticia/2011/12/29/fundos-sofreram-saques-de-r-55-bi-na-semana-passada.ghtml,2011-12-29,valor,ibovespa
Leilão na Itália e sondagem industrial nos EUA marcam a agenda,https://valor.globo.com/financas/noticia/2011/12/29/leilao-na-italia-e-sondagem-industrial-nos-eua-marcam-a-agenda.ghtml,2011-12-29,valor,ibovespa
Terceira prévia do Ibovespa mantém ações da Localiza e inclui Dasa,https://valor.globo.com/financas/noticia/2011/12/29/terceira-previa-do-ibovespa-mantem-acoes-da-localiza-e-inclui-dasa.ghtml,2011-12-29,valor,ibovespa
"Pressionado por ações petrolíferas, Ibovespa opera estável",https://valor.globo.com/financas/noticia/2011/12/29/pressionado-por-acoes-petroliferas-ibovespa-opera-estavel.ghtml,2011-12-29,valor,ibovespa
"Ibovespa fecha em leve alta no dia, mas perde 18,11% no ano",https://valor.globo.com/noticia/2011/12/29/ibovespa-fecha-em-leve-alta-no-dia-mas-perde-1811-no-ano.ghtml,2011-12-29,valor,ibovespa
Agentes autônomos poderão distribuir fundos de diversos gestores,https://valor.globo.com/financas/noticia/2011/12/29/agentes-autonomos-poderao-distribuir-fundos-de-diversos-gestores.ghtml,2011-12-29,valor,bolsa valores
Ibovespa abre com leve recuperação no último pregão do ano,https://valor.globo.com/financas/noticia/2011/12/29/ibovespa-abre-com-leve-recuperacao-no-ultimo-pregao-do-ano.ghtml,2011-12-29,valor,ibovespa
Bolsas asiáticas amargam perdas de 11% a 21% em 2011,https://valor.globo.com/financas/noticia/2011/12/30/bolsas-asiaticas-amargam-perdas-de-11-a-21-em-2011.ghtml,2011-12-30,valor,crise econômica
Petróleo fecha último dia do ano em queda em Londres e NY,https://valor.globo.com/empresas/noticia/2011/12/30/petroleo-fecha-ultimo-dia-do-ano-em-queda-em-londres-e-ny.ghtml,2011-12-30,valor,crise econômica
"Bolsas europeias sobem no dia, mas perdem até 17% no ano",https://valor.globo.com/financas/noticia/2011/12/30/bolsas-europeias-sobem-no-dia-mas-perdem-ate-17-no-ano.ghtml,2011-12-30,valor,crise financeira
"Mesmo com crise, Dow Jones sobe e S&P 500 fica estável em 2011",https://valor.globo.com/financas/noticia/2011/12/30/mesmo-com-crise-dow-jones-sobe-e-s-p-500-fica-estavel-em-2011.ghtml,2011-12-30,valor,crise econômica
"PIB brasileiro deverá crescer 4% em 2013, estima a Cepal",https://valor.globo.com/brasil/noticia/2012/12/11/pib-brasileiro-devera-crescer-4-em-2013-estima-a-cepal.ghtml,2012-12-11,valor,recessão brasil
"Países afetados pela crise precisam discutir superação, diz Dilma",https://valor.globo.com/brasil/noticia/2012/12/11/paises-afetados-pela-crise-precisam-discutir-superacao-diz-dilma.ghtml,2012-12-11,valor,recessão brasil
"Mercosul puxou AL para baixo este ano, mas deve acelerar em 2013",https://valor.globo.com/mundo/noticia/2012/12/12/mercosul-puxou-al-para-baixo-este-ano-mas-deve-acelerar-em-2013.ghtml,2012-12-12,valor,recessão brasil
Exportações de motos reagem em 2012,https://valor.globo.com/empresas/noticia/2012/12/12/exportacoes-de-motos-reagem-em-2012.ghtml,2012-12-12,valor,recessão brasil
Mantega reafirma que não vê saída para crise europeia no curto prazo,https://valor.globo.com/brasil/noticia/2012/12/12/mantega-reafirma-que-nao-ve-saida-para-crise-europeia-no-curto-prazo.ghtml,2012-12-12,valor,recessão brasil
"Para analistas, ajuste de estoque é secundário para explicar PIB",https://valor.globo.com/brasil/noticia/2012/12/13/para-analistas-ajuste-de-estoque-e-secundario-para-explicar-pib.ghtml,2012-12-13,valor,recessão brasil
Um olhar analítico sobre a política monetária brasileira,https://valor.globo.com/financas/noticia/2012/12/13/um-olhar-analitico-sobre-a-politica-monetaria-brasileira.ghtml,2012-12-13,valor,recessão brasil
"Atual crise tende a durar um certo tempo, diz Dilma",https://valor.globo.com/politica/noticia/2012/12/14/atual-crise-tende-a-durar-um-certo-tempo-diz-dilma.ghtml,2012-12-14,valor,recessão brasil
"""Brasil está entre os países mais atrativos do mundo""",https://valor.globo.com/financas/noticia/2012/12/18/brasil-esta-entre-os-paises-mais-atrativos-do-mundo.ghtml,2012-12-18,valor,recessão brasil
Alcoa adia plano de expansão de sua mina de bauxita de Juruti,https://valor.globo.com/empresas/noticia/2012/12/18/alcoa-adia-plano-de-expansao-de-sua-mina-de-bauxita-de-juruti.ghtml,2012-12-18,valor,recessão brasil
Bovespa sobe com exterior; dólar digere arsenal do BC,https://valor.globo.com/financas/noticia/2012/12/18/bovespa-sobe-com-exterior-dolar-digere-arsenal-do-bc.ghtml,2012-12-18,valor,recessão brasil
"Apesar do PIB, a economia e o brasileiro vão bem, diz estudo do Ipea",https://valor.globo.com/brasil/noticia/2012/12/18/apesar-do-pib-a-economia-e-o-brasileiro-vao-bem-diz-estudo-do-ipea.ghtml,2012-12-18,valor,recessão brasil
"Bovespa fecha última semana ""cheia"" do ano com ganho de 2,3%",https://valor.globo.com/financas/noticia/2012/12/21/bovespa-fecha-ultima-semana-cheia-do-ano-com-ganho-de-23.ghtml,2012-12-21,valor,ibovespa
Ação do Brasil perde para concorrentes,https://valor.globo.com/financas/noticia/2012/12/26/acao-do-brasil-perde-para-concorrentes.ghtml,2012-12-26,valor,ibovespa
"Bovespa fecha em leve queda, travada por impasse fiscal nos EUA",https://valor.globo.com/financas/noticia/2012/12/26/bovespa-fecha-em-leve-queda-travada-por-impasse-fiscal-nos-eua.ghtml,2012-12-26,valor,ibovespa
"Preocupado com inflação, BC atua e dólar cai a R$ 2,05",https://valor.globo.com/financas/noticia/2012/12/26/preocupado-com-inflacao-bc-atua-e-dolar-cai-a-r-205.ghtml,2012-12-26,valor,ibovespa
"Bovespa retoma negócios perto da estabilidade e dólar recua a R$ 2,07",https://valor.globo.com/financas/noticia/2012/12/26/bovespa-retoma-negocios-perto-da-estabilidade-e-dolar-recua-a-r-207.ghtml,2012-12-26,valor,ibovespa
"Fortunati descarta PT local, mas defende aliança com Dilma",https://valor.globo.com/politica/noticia/2012/12/27/fortunati-descarta-pt-local-mas-defende-alianca-com-dilma.ghtml,2012-12-27,valor,crise financeira
Venda de imóveis nos EUA alcança melhor nível desde abril de 2010,https://valor.globo.com/mundo/noticia/2012/12/27/venda-de-imoveis-nos-eua-alcanca-melhor-nivel-desde-abril-de-2010.ghtml,2012-12-27,valor,crise financeira
Argentina apresenta defesa em disputa judicial nos EUA sobre dívida,https://valor.globo.com/mundo/noticia/2012/12/27/argentina-apresenta-defesa-em-disputa-judicial-nos-eua-sobre-divida.ghtml,2012-12-27,valor,crise financeira
Abe assume no Japão e mira crescimento,https://valor.globo.com/mundo/noticia/2012/12/27/abe-assume-no-japao-e-mira-crescimento.ghtml,2012-12-27,valor,crise financeira
Onda do 'vale a pena ver de novo' invade televisão brasileira,https://valor.globo.com/empresas/noticia/2012/12/27/onda-do-vale-a-pena-ver-de-novo-invade-televisao-brasileira.ghtml,2012-12-27,valor,crise financeira
"Quem, de fato, consegue investir como Warren Buffett?",https://valor.globo.com/financas/noticia/2012/12/27/quem-de-fato-consegue-investir-como-warren-buffett.ghtml,2012-12-27,valor,crise financeira
"Não há hipótese de Mantega sair do governo, diz Dilma",https://valor.globo.com/brasil/noticia/2012/12/27/nao-ha-hipotese-de-mantega-sair-do-governo-diz-dilma.ghtml,2012-12-27,valor,crise econômica
Dilma se diz otimista com a economia em 2013,https://valor.globo.com/brasil/noticia/2012/12/27/dilma-se-diz-otimista-com-a-economia-em-2013.ghtml,2012-12-27,valor,recessão brasil
Bovespa fecha em baixa com falta de resolução do abismo fiscal nos EUA,https://valor.globo.com/financas/noticia/2012/12/27/bovespa-fecha-em-baixa-com-falta-de-resolucao-do-abismo-fiscal-nos-eua.ghtml,2012-12-27,valor,ibovespa
Brasil volta a ser o alvo de capital externo,https://valor.globo.com/financas/noticia/2012/12/27/brasil-volta-a-ser-o-alvo-de-capital-externo.ghtml,2012-12-27,valor,ibovespa
"Em 2013, bolsa exigirá esforço extra de seleção",https://valor.globo.com/financas/noticia/2012/12/27/em-2013-bolsa-exigira-esforco-extra-de-selecao.ghtml,2012-12-27,valor,ibovespa
Ibovespa tem dia travado e giro fraco,https://valor.globo.com/financas/noticia/2012/12/27/ibovespa-tem-dia-travado-e-giro-fraco.ghtml,2012-12-27,valor,ibovespa
Bolsas caem com temor de iminente abismo fiscal nos EUA,https://valor.globo.com/financas/noticia/2012/12/27/bolsas-caem-com-temor-de-iminente-abismo-fiscal-nos-eua.ghtml,2012-12-27,valor,ibovespa
Fundos superam seus referenciais em 2012,https://valor.globo.com/financas/noticia/2012/12/27/fundos-superam-seus-referenciais-em-2012.ghtml,2012-12-27,valor,ibovespa
Juros fecham quase estáveis de olho no exterior e na atuação do BC,https://valor.globo.com/financas/noticia/2012/12/28/juros-fecham-quase-estaveis-de-olho-no-exterior-e-na-atuacao-do-bc.ghtml,2012-12-28,valor,crise financeira
"Fusões e aquisições no setor de consumo crescem 33%, diz pesquisa",https://valor.globo.com/empresas/noticia/2012/12/28/fusoes-e-aquisicoes-no-setor-de-consumo-crescem-33-diz-pesquisa.ghtml,2012-12-28,valor,crise financeira
Mais de 10 instituições selecionam bolsistas para estudar no exterior,https://valor.globo.com/carreira/ensino-executivo/noticia/2012/12/28/mais-de-10-instituicoes-selecionam-bolsistas-para-estudar-no-exterior.ghtml,2012-12-28,valor,bolsa valores
Bancos planejam grandes ofertas de ações no início de 2013,https://valor.globo.com/financas/noticia/2012/12/28/bancos-planejam-grandes-ofertas-de-acoes-no-inicio-de-2013.ghtml,2012-12-28,valor,ibovespa
Abastecimento de energia deixa a zona de conforto,https://valor.globo.com/opiniao/noticia/2012/12/28/abastecimento-de-energia-deixa-a-zona-de-conforto.ghtml,2012-12-28,valor,bolsa valores
Mercado de acesso deve ser foco no 2º semestre,https://valor.globo.com/financas/noticia/2012/12/28/mercado-de-acesso-deve-ser-foco-no-2o-semestre.ghtml,2012-12-28,valor,bolsa valores
Republicanos podem arcar com o ônus de um calote,https://valor.globo.com/mundo/noticia/2012/12/28/republicanos-podem-arcar-com-o-onus-de-um-calote.ghtml,2012-12-28,valor,crise financeira
Quando chega a hora da partida,https://valor.globo.com/eu-e/noticia/2012/12/28/quando-chega-a-hora-da-partida.ghtml,2012-12-28,valor,bolsa valores
Anac prevê 7% de expansão no volume de passagens,https://valor.globo.com/empresas/noticia/2012/12/28/anac-preve-7-de-expansao-no-volume-de-passagens.ghtml,2012-12-28,valor,bolsa valores
BM&FBovespa vê maioria das commodities caírem no ano,https://valor.globo.com/agronegocios/noticia/2012/12/28/bm-fbovespa-ve-maioria-das-commodities-cairem-no-ano.ghtml,2012-12-28,valor,bolsa valores
Commodities Agrícolas,https://valor.globo.com/agronegocios/noticia/2012/12/28/commodities-agricolas.ghtml,2012-12-28,valor,bolsa valores
IPOs de 2013 devem captar pelo menos R$ 20 bilhões,https://valor.globo.com/financas/noticia/2012/12/28/ipos-de-2013-devem-captar-pelo-menos-r-20-bilhoes.ghtml,2012-12-28,valor,bolsa valores
"Em recuperação, Mondelli promete pagamento integral de dívidas",https://valor.globo.com/agronegocios/noticia/2012/12/28/em-recuperacao-mondelli-promete-pagamento-integral-de-dividas.ghtml,2012-12-28,valor,crise financeira
Na encruzilhada política,https://valor.globo.com/eu-e/noticia/2012/12/28/na-encruzilhada-politica.ghtml,2012-12-28,valor,crise financeira
Variações sobre o mesmo tema,https://valor.globo.com/financas/noticia/2012/12/28/variacoes-sobre-o-mesmo-tema.ghtml,2012-12-28,valor,crise econômica
Discussões nos EUA sobre abismo fiscal centram atenções do mercado,https://valor.globo.com/financas/noticia/2012/12/28/discussoes-nos-eua-sobre-abismo-fiscal-centram-atencoes-do-mercado.ghtml,2012-12-28,valor,recessão brasil
Relação PIB-IPCA será a pior desde 2003,https://valor.globo.com/brasil/noticia/2012/12/28/relacao-pib-ipca-sera-a-pior-desde-2003.ghtml,2012-12-28,valor,recessão brasil
Queda do iene impulsiona bolsa do Japão,https://valor.globo.com/financas/noticia/2012/12/28/queda-do-iene-impulsiona-bolsa-do-japao.ghtml,2012-12-28,valor,bolsa valores
Farmacêuticas ameaçam reduzir os descontos a medicamentos,https://valor.globo.com/empresas/noticia/2012/12/28/farmaceuticas-ameacam-reduzir-os-descontos-a-medicamentos.ghtml,2012-12-28,valor,crise financeira
Preços dos grãos têm marca histórica em 2012,https://valor.globo.com/agronegocios/noticia/2012/12/28/precos-dos-graos-tem-marca-historica-em-2012.ghtml,2012-12-28,valor,crise econômica
Taxa de negociação cobrada no Tesouro Direto é extinta,https://valor.globo.com/financas/noticia/2012/12/28/taxa-de-negociacao-cobrada-no-tesouro-direto-e-extinta.ghtml,2012-12-28,valor,bolsa valores
Ações da Eletropaulo sobem 27% em 10 dias,https://valor.globo.com/empresas/noticia/2012/12/28/acoes-da-eletropaulo-sobem-27-em-10-dias.ghtml,2012-12-28,valor,ibovespa
"Ibovespa opera em alta, na contramão do exterior",https://valor.globo.com/financas/noticia/2012/12/28/ibovespa-opera-em-alta-na-contramao-do-exterior.ghtml,2012-12-28,valor,ibovespa
Credit Suisse rebaixa recomendação da Helbor para “neutra”,https://valor.globo.com/empresas/noticia/2012/12/28/credit-suisse-rebaixa-recomendacao-da-helbor-para-neutra.ghtml,2012-12-28,valor,ibovespa
Dólar tem volatilidade e Bovespa ensaia alta no último pregão do ano,https://valor.globo.com/financas/noticia/2012/12/28/dolar-tem-volatilidade-e-bovespa-ensaia-alta-no-ultimo-pregao-do-ano.ghtml,2012-12-28,valor,ibovespa
Impasse nos Estados Unidos derruba bolsas,https://valor.globo.com/financas/noticia/2012/12/28/impasse-nos-estados-unidos-derruba-bolsas.ghtml,2012-12-28,valor,ibovespa
"Sem solução à vista para abismo fiscal, Ibovespa cai",https://valor.globo.com/financas/noticia/2012/12/28/sem-solucao-a-vista-para-abismo-fiscal-ibovespa-cai.ghtml,2012-12-28,valor,ibovespa
"Bovespa ganha 7,4% no ano, com ações de consumo na liderança",https://valor.globo.com/financas/noticia/2012/12/28/bovespa-ganha-74-no-ano-com-acoes-de-consumo-na-lideranca.ghtml,2012-12-28,valor,ibovespa
TAM Aviação investe no Nordeste,https://valor.globo.com/empresas/noticia/2012/12/28/tam-aviacao-investe-no-nordeste.ghtml,2012-12-28,valor,crise econômica
"Dólar sobe no último pregão de 2012 e acumula alta de 9,5% no ano",https://valor.globo.com/financas/noticia/2012/12/28/dolar-sobe-no-ultimo-pregao-de-2012-e-acumula-alta-de-95-no-ano.ghtml,2012-12-28,valor,bolsa valores
Grande banco redescobre gestão de ativos,https://valor.globo.com/financas/noticia/2012/12/28/grande-banco-redescobre-gestao-de-ativos.ghtml,2012-12-28,valor,crise financeira
Dilma descarta saída de Mantega e considera 'ridículo' o risco de racionamento,https://valor.globo.com/politica/noticia/2012/12/28/dilma-descarta-saida-de-mantega-e-considera-ridiculo-o-risco-de-racionamento.ghtml,2012-12-28,valor,crise econômica
2013 pode não ser tão brilhante para o Bric,https://valor.globo.com/noticia/2012/12/28/2013-pode-nao-ser-tao-brilhante-para-o-bric.ghtml,2012-12-28,valor,crise econômica
Itaú muda sede e injeta US$ 200 milhões em unidade europeia,https://valor.globo.com/financas/noticia/2012/12/28/itau-muda-sede-e-injeta-us-200-milhoes-em-unidade-europeia.ghtml,2012-12-28,valor,crise financeira
"Expansão econômica da Rússia desacelera para 2,9%",https://valor.globo.com/mundo/noticia/2012/12/29/expansao-economica-da-russia-desacelera-para-29.ghtml,2012-12-29,valor,crise econômica
"Ambiente econômico da Alemanha será mais difícil em 2013, diz Merkel",https://valor.globo.com/mundo/noticia/2012/12/30/ambiente-economico-da-alemanha-sera-mais-dificil-em-2013-diz-merkel.ghtml,2012-12-30,valor,crise financeira
Dólar segue em alta com impasse sobre abismo fiscal,https://valor.globo.com/financas/noticia/2012/12/31/dolar-segue-em-alta-com-impasse-sobre-abismo-fiscal.ghtml,2012-12-31,valor,crise econômica
"Economistas projetam recuo de 0,3% no PIB",https://valor.globo.com/brasil/noticia/2013/11/29/economistas-projetam-recuo-de-03-no-pib.ghtml,2013-11-29,valor,recessão brasil
"Bolsas, juros e câmbio sobem no último pregão de novembro",https://valor.globo.com/financas/noticia/2013/11/29/bolsas-juros-e-cambio-sobem-no-ultimo-pregao-de-novembro.ghtml,2013-11-29,valor,recessão brasil
BCE emite sinal de alerta sobre os EUA e países emergentes,https://valor.globo.com/opiniao/noticia/2013/11/29/bce-emite-sinal-de-alerta-sobre-os-eua-e-paises-emergentes.ghtml,2013-11-29,valor,recessão brasil
Sinduscon prevê crescer acima do PIB,https://valor.globo.com/empresas/noticia/2013/12/03/sinduscon-preve-crescer-acima-do-pib.ghtml,2013-12-03,valor,recessão brasil
Apelo à ousadia masculina,https://valor.globo.com/eu-e/noticia/2013/12/06/apelo-a-ousadia-masculina.ghtml,2013-12-06,valor,recessão brasil
Aéreas projetam alta de 31% no transporte de passageiros até 2017,https://valor.globo.com/empresas/noticia/2013/12/10/aereas-projetam-alta-de-31-no-transporte-de-passageiros-ate-2017.ghtml,2013-12-10,valor,recessão brasil
"Brookfield tende a ser uma empresa de R$ 2,5 bi a R$ 3 bi por ano",https://valor.globo.com/empresas/noticia/2013/12/10/brookfield-tende-a-ser-uma-empresa-de-r-25-bi-a-r-3-bi-por-ano.ghtml,2013-12-10,valor,recessão brasil
Tombini alerta para riscos de mudar a LRF,https://valor.globo.com/financas/noticia/2013/12/11/tombini-alerta-para-riscos-de-mudar-a-lrf.ghtml,2013-12-11,valor,recessão brasil
"Inflação ao consumidor mostra alguma resistência, diz Hamilton, do BC",https://valor.globo.com/financas/noticia/2013/12/11/inflacao-ao-consumidor-mostra-alguma-resistencia-diz-hamilton-do-bc.ghtml,2013-12-11,valor,recessão brasil
Custo Brasil segue como gargalo para exportações,https://valor.globo.com/brasil/noticia/2013/12/19/custo-brasil-segue-como-gargalo-para-exportacoes.ghtml,2013-12-19,valor,recessão brasil
Inflação baixa desafia as políticas de bancos centrais de países ricos,https://valor.globo.com/noticia/2013/12/19/inflacao-baixa-desafia-as-politicas-de-bancos-centrais-de-paises-ricos.ghtml,2013-12-19,valor,recessão brasil
Não há prazo para inflação convergir ao centro da meta,https://valor.globo.com/opiniao/noticia/2013/12/23/nao-ha-prazo-para-inflacao-convergir-ao-centro-da-meta.ghtml,2013-12-23,valor,recessão brasil
"Bolsa brasileira teve o pior desempenho global em 2013, diz estudo",https://valor.globo.com/financas/noticia/2013/12/25/bolsa-brasileira-teve-o-pior-desempenho-global-em-2013-diz-estudo.ghtml,2013-12-25,valor,ibovespa
Log In é destaque em pregão vazio na bolsa,https://valor.globo.com/financas/noticia/2013/12/26/log-in-e-destaque-em-pregao-vazio-na-bolsa.ghtml,2013-12-26,valor,ibovespa
"Varejo traz ações baratas, mas cenário desafiador em 2014",https://valor.globo.com/financas/noticia/2013/12/26/varejo-traz-acoes-baratas-mas-cenario-desafiador-em-2014.ghtml,2013-12-26,valor,ibovespa
OGX dispara 26% após anunciar acordo com credores e injeção de capital,https://valor.globo.com/empresas/noticia/2013/12/26/ogx-dispara-26-apos-anunciar-acordo-com-credores-e-injecao-de-capital.ghtml,2013-12-26,valor,ibovespa
"Na volta do Natal, mercados operam em marcha lenta",https://valor.globo.com/financas/noticia/2013/12/26/na-volta-do-natal-mercados-operam-em-marcha-lenta.ghtml,2013-12-26,valor,ibovespa
"Bovespa cai 0,26% em pregão dominado pelas atenções em Vale e OGX",https://valor.globo.com/financas/noticia/2013/12/26/bovespa-cai-026-em-pregao-dominado-pelas-atencoes-em-vale-e-ogx.ghtml,2013-12-26,valor,ibovespa
Eletropaulo revisa para baixo benefício gerado por decisão da Aneel,https://valor.globo.com/empresas/noticia/2013/12/26/eletropaulo-revisa-para-baixo-beneficio-gerado-por-decisao-da-aneel.ghtml,2013-12-26,valor,ibovespa
"Vale vende ações da Log-In e movimenta R$ 234,8 milhões",https://valor.globo.com/empresas/noticia/2013/12/26/vale-vende-acoes-da-log-in-e-movimenta-r-2348-milhoes.ghtml,2013-12-26,valor,crise financeira
Aquisições e fusões financiadas conquistam espaço no Brasil,https://valor.globo.com/financas/noticia/2013/12/26/aquisicoes-e-fusoes-financiadas-conquistam-espaco-no-brasil.ghtml,2013-12-26,valor,crise financeira
"Vale vende hoje 31,3% da Log-In em leilão na Bovespa",https://valor.globo.com/empresas/noticia/2013/12/26/vale-vende-hoje-313-da-log-in-em-leilao-na-bovespa.ghtml,2013-12-26,valor,crise financeira
"Nos EUA, golpes em idosos viram epidemia",https://valor.globo.com/empresas/noticia/2013/12/26/nos-eua-golpes-em-idosos-viram-epidemia.ghtml,2013-12-26,valor,crise financeira
Recuo de banco público vai desacelerar crédito em 2014,https://valor.globo.com/opiniao/noticia/2013/12/26/recuo-de-banco-publico-vai-desacelerar-credito-em-2014.ghtml,2013-12-26,valor,crise financeira
Instituições de Wall Street reduzem exposição a bônus após nova regra,https://valor.globo.com/financas/noticia/2013/12/26/instituicoes-de-wall-street-reduzem-exposicao-a-bonus-apos-nova-regra.ghtml,2013-12-26,valor,crise financeira
Tesouro diz que resultado fiscal vai ajudar política monetária,https://valor.globo.com/brasil/noticia/2013/12/27/tesouro-diz-que-resultado-fiscal-vai-ajudar-politica-monetaria.ghtml,2013-12-27,valor,crise econômica
Premiê da Turquia tenta resistir a escândalo no governo,https://valor.globo.com/mundo/noticia/2013/12/27/premie-da-turquia-tenta-resistir-a-escandalo-no-governo.ghtml,2013-12-27,valor,crise econômica
"CVM, sob Pereira, muda estratégia e diminui absolvições",https://valor.globo.com/financas/noticia/2013/12/27/cvm-sob-pereira-muda-estrategia-e-diminui-absolvicoes.ghtml,2013-12-27,valor,crise financeira
Autarquia procura maior alinhamento internacional,https://valor.globo.com/financas/noticia/2013/12/27/autarquia-procura-maior-alinhamento-internacional.ghtml,2013-12-27,valor,crise financeira
"Taxas cedem na China, mas riscos permanecem no ar",https://valor.globo.com/financas/noticia/2013/12/27/taxas-cedem-na-china-mas-riscos-permanecem-no-ar.ghtml,2013-12-27,valor,crise financeira
Inconstitucionalidades do Refis da Crise,https://valor.globo.com/legislacao/noticia/2013/12/27/inconstitucionalidades-do-refis-da-crise.ghtml,2013-12-27,valor,crise financeira
EUA voltam a puxar mercado de luxo,https://valor.globo.com/empresas/noticia/2013/12/27/eua-voltam-a-puxar-mercado-de-luxo.ghtml,2013-12-27,valor,crise financeira
"De olho na Copa, TAM Cargo vai aumentar capacidade",https://valor.globo.com/empresas/noticia/2013/12/27/de-olho-na-copa-tam-cargo-vai-aumentar-capacidade.ghtml,2013-12-27,valor,crise econômica
Vale sobe e ajuda Bovespa a fechar em alta no penúltimo pregão de 2013,https://valor.globo.com/financas/noticia/2013/12/27/vale-sobe-e-ajuda-bovespa-a-fechar-em-alta-no-penultimo-pregao-de-2013.ghtml,2013-12-27,valor,ibovespa
Apetite por risco marca mercado em pregão morno,https://valor.globo.com/financas/noticia/2013/12/27/apetite-por-risco-marca-mercado-em-pregao-morno.ghtml,2013-12-27,valor,ibovespa
"Bovespa opera em alta, com investidor atento à questão fiscal",https://valor.globo.com/financas/noticia/2013/12/27/bovespa-opera-em-alta-com-investidor-atento-a-questao-fiscal.ghtml,2013-12-27,valor,ibovespa
"Resultado do governo não surpreende, mas alivia mau humor de mercados",https://valor.globo.com/financas/noticia/2013/12/27/resultado-do-governo-nao-surpreende-mas-alivia-mau-humor-de-mercados.ghtml,2013-12-27,valor,ibovespa
Vale sobe mesmo após admitir atrasos em operações e ajuda Ibovespa,https://valor.globo.com/financas/noticia/2013/12/27/vale-sobe-mesmo-apos-admitir-atrasos-em-operacoes-e-ajuda-ibovespa.ghtml,2013-12-27,valor,ibovespa
"Crise pode voltar com força em 2014, diz presidente do BC alemão",https://valor.globo.com/mundo/noticia/2013/12/28/crise-pode-voltar-com-forca-em-2014-diz-presidente-do-bc-alemao.ghtml,2013-12-28,valor,crise financeira
"Guerra psicológica pode inibir investimentos, diz Dilma",https://valor.globo.com/politica/noticia/2013/12/29/guerra-psicologica-pode-inibir-investimentos-diz-dilma.ghtml,2013-12-29,valor,crise financeira
Aumento da oferta e mercado fraco derrubam preços,https://valor.globo.com/empresas/noticia/2013/12/30/aumento-da-oferta-e-mercado-fraco-derrubam-precos.ghtml,2013-12-30,valor,crise econômica
Estrangeiros são atraídos por altos salários,https://valor.globo.com/carreira/mercado-executivo/noticia/2013/12/30/estrangeiros-sao-atraidos-por-altos-salarios.ghtml,2013-12-30,valor,crise econômica
EUA esperam ano da virada no seu mercado de trabalho,https://valor.globo.com/mundo/noticia/2013/12/30/eua-esperam-ano-da-virada-no-seu-mercado-de-trabalho.ghtml,2013-12-30,valor,crise econômica
Cruzeiro do Sul Educacional contrata bancos para IPO,https://valor.globo.com/empresas/noticia/2013/12/30/cruzeiro-do-sul-educacional-contrata-bancos-para-ipo.ghtml,2013-12-30,valor,bolsa valores
Commodities Agrícolas,https://valor.globo.com/agronegocios/noticia/2013/12/30/commodities-agricolas.ghtml,2013-12-30,valor,bolsa valores
Pronatec vira arma para reeleição de Dilma,https://valor.globo.com/politica/noticia/2013/12/30/pronatec-vira-arma-para-reeleicao-de-dilma.ghtml,2013-12-30,valor,bolsa valores
"Na BM&F, só o boi gordo encerra 2013 acima de 2012",https://valor.globo.com/agronegocios/noticia/2013/12/30/na-bm-f-so-o-boi-gordo-encerra-2013-acima-de-2012.ghtml,2013-12-30,valor,bolsa valores
Commodities em patamares mais baixos,https://valor.globo.com/agronegocios/noticia/2013/12/30/commodities-em-patamares-mais-baixos.ghtml,2013-12-30,valor,bolsa valores
Ouro deve voltar a decepcionar no próximo ano,https://valor.globo.com/financas/noticia/2013/12/30/ouro-deve-voltar-a-decepcionar-no-proximo-ano.ghtml,2013-12-30,valor,bolsa valores
Novo mínimo eleva despesa em R$ 14 bi,https://valor.globo.com/brasil/noticia/2013/12/30/novo-minimo-eleva-despesa-em-r-14-bi.ghtml,2013-12-30,valor,bolsa valores
Ações da Biomm serão negociadas no Bovespa Mais,https://valor.globo.com/empresas/noticia/2013/12/30/acoes-da-biomm-serao-negociadas-no-bovespa-mais.ghtml,2013-12-30,valor,bolsa valores
Falta consenso sobre rumo futuro da Bovespa,https://valor.globo.com/financas/noticia/2013/12/30/falta-consenso-sobre-rumo-futuro-da-bovespa.ghtml,2013-12-30,valor,ibovespa
"Ibovespa sobe, mas deve fechar dezembro e o ano de 2013 no vermelho",https://valor.globo.com/financas/noticia/2013/12/30/ibovespa-sobe-mas-deve-fechar-dezembro-e-o-ano-de-2013-no-vermelho.ghtml,2013-12-30,valor,ibovespa
"Ibovespa encerra 2013 com baixa de 15,49%",https://valor.globo.com/financas/noticia/2013/12/30/ibovespa-encerra-2013-com-baixa-de-1549.ghtml,2013-12-30,valor,ibovespa
Euro e dólar são os ativos que mais subiram em 2013,https://valor.globo.com/financas/noticia/2013/12/30/euro-e-dolar-sao-os-ativos-que-mais-subiram-em-2013.ghtml,2013-12-30,valor,ibovespa
"Após ano farto, investidores buscam ações desprezadas",https://valor.globo.com/financas/noticia/2013/12/30/apos-ano-farto-investidores-buscam-acoes-desprezadas.ghtml,2013-12-30,valor,bolsa valores
Perfume da Fendi busca definir essência de italianas,https://valor.globo.com/eu-e/noticia/2013/12/30/perfume-da-fendi-busca-definir-essencia-de-italianas.ghtml,2013-12-30,valor,bolsa valores
"Bolsas podem sofrer ajustes, mas tom positivo permanece",https://valor.globo.com/financas/noticia/2013/12/30/bolsas-podem-sofrer-ajustes-mas-tom-positivo-permanece.ghtml,2013-12-30,valor,crise econômica
O fracasso das previsões otimistas,https://valor.globo.com/brasil/noticia/2013/12/30/o-fracasso-das-previsoes-otimistas.ghtml,2013-12-30,valor,crise econômica
"Dólar fecha 2013 com valorização de 15,37% frente ao real",https://valor.globo.com/financas/noticia/2013/12/30/dolar-fecha-2013-com-valorizacao-de-1537-frente-ao-real.ghtml,2013-12-30,valor,crise financeira
EUA: reguladores decidem até janeiro sobre impasse na regra de Volcker,https://valor.globo.com/financas/noticia/2013/12/30/eua-reguladores-decidem-ate-janeiro-sobre-impasse-na-regra-de-volcker.ghtml,2013-12-30,valor,crise financeira
Negócios minguam em juros e bolsa no último pregão do ano; dólar sobe,https://valor.globo.com/financas/noticia/2013/12/30/negocios-minguam-em-juros-e-bolsa-no-ultimo-pregao-do-ano-dolar-sobe.ghtml,2013-12-30,valor,crise financeira
Dilma: desconfiança injustificada inibe investimentos,https://valor.globo.com/politica/noticia/2013/12/30/dilma-desconfianca-injustificada-inibe-investimentos.ghtml,2013-12-30,valor,crise financeira
Realidade em 2013 frustra expectativas e Focus erra maior parte das projeções,https://valor.globo.com/brasil/noticia/2013/12/30/realidade-em-2013-frustra-expectativas-e-focus-erra-maior-parte-das-projecoes.ghtml,2013-12-30,valor,crise financeira
A recuperação do emprego nos EUA,https://valor.globo.com/mundo/noticia/2013/12/30/a-recuperacao-do-emprego-nos-eua.ghtml,2013-12-30,valor,crise econômica
Marx atrai jovens em busca de explicações para crises urbanas,https://valor.globo.com/brasil/noticia/2013/12/30/marx-atrai-jovens-em-busca-de-explicacoes-para-crises-urbanas.ghtml,2013-12-30,valor,crise financeira
Kroton lidera altas do Ibovespa no ano; empresas X têm maior queda,https://valor.globo.com/empresas/noticia/2013/12/31/kroton-lidera-altas-do-ibovespa-no-ano-empresas-x-tem-maior-queda.ghtml,2013-12-31,valor,ibovespa
"Bolsa de Xangai sobe 0,88%; no ano, perda de 6,75% é a maior da Ásia",https://valor.globo.com/financas/noticia/2013/12/31/bolsa-de-xangai-sobe-088-no-ano-perda-de-675-e-a-maior-da-asia.ghtml,2013-12-31,valor,bolsa valores
Acionistas da Jereissati aprovam conversão de ações PN em ON,https://valor.globo.com/empresas/noticia/2013/12/31/acionistas-da-jereissati-aprovam-conversao-de-acoes-pn-em-on.ghtml,2013-12-31,valor,bolsa valores
Bolsas da Europa encerram melhor ano desde 2009,https://valor.globo.com/financas/noticia/2013/12/31/bolsas-da-europa-encerram-melhor-ano-desde-2009.ghtml,2013-12-31,valor,crise econômica
Dólar fecha no maior patamar em quase 10 anos com tensão na Rússia,https://valor.globo.com/financas/noticia/2014/12/16/dolar-fecha-no-maior-patamar-em-quase-10-anos-com-tensao-na-russia.ghtml,2014-12-16,valor,recessão brasil
Turbulência estimula fuga de ativos de risco,https://valor.globo.com/financas/noticia/2014/12/17/turbulencia-estimula-fuga-de-ativos-de-risco.ghtml,2014-12-17,valor,recessão brasil
Gestor macro confia em dólar para voltar a bater CDI,https://valor.globo.com/financas/noticia/2014/12/17/gestor-macro-confia-em-dolar-para-voltar-a-bater-cdi.ghtml,2014-12-17,valor,recessão brasil
Crise russa deve agravar queda das exportações brasileiras,https://valor.globo.com/brasil/noticia/2014/12/17/crise-russa-deve-agravar-queda-das-exportacoes-brasileiras.ghtml,2014-12-17,valor,recessão brasil
Fitch destaca necessidade de 'ajustes críveis' no país,https://valor.globo.com/financas/noticia/2014/12/17/fitch-destaca-necessidade-de-ajustes-criveis-no-pais.ghtml,2014-12-17,valor,recessão brasil
Velha matriz está sendo questionada,https://valor.globo.com/brasil/noticia/2014/12/23/velha-matriz-esta-sendo-questionada.ghtml,2014-12-23,valor,recessão brasil
País não cai a grau especulativo em 2015,https://valor.globo.com/financas/noticia/2014/12/23/pais-nao-cai-a-grau-especulativo-em-2015.ghtml,2014-12-23,valor,recessão brasil
"Bovespa opera em alta com avanços de Petrobras, Vale e Rossi",https://valor.globo.com/financas/noticia/2014/12/23/bovespa-opera-em-alta-com-avancos-de-petrobras-vale-e-rossi.ghtml,2014-12-23,valor,ibovespa
Bovespa amplia ganhos no fim do dia com ajuda de Petrobras e Vale,https://valor.globo.com/financas/noticia/2014/12/23/bovespa-amplia-ganhos-no-fim-do-dia-com-ajuda-de-petrobras-e-vale.ghtml,2014-12-23,valor,ibovespa
Tombo de Petrobras prejudica Ibovespa,https://valor.globo.com/financas/noticia/2014/12/26/tombo-de-petrobras-prejudica-ibovespa.ghtml,2014-12-26,valor,ibovespa
"Após alerta da Moody's, Petrobras lidera baixas na Bovespa",https://valor.globo.com/financas/noticia/2014/12/26/apos-alerta-da-moody-s-petrobras-lidera-baixas-na-bovespa.ghtml,2014-12-26,valor,ibovespa
"Em dia de fraco volume, Ibovespa cai 0,61% com Petrobras",https://valor.globo.com/financas/noticia/2014/12/26/em-dia-de-fraco-volume-ibovespa-cai-061-com-petrobras.ghtml,2014-12-26,valor,ibovespa
Ibovespa e dólar oscilam perto da estabilidade em dia de fraco giro,https://valor.globo.com/financas/noticia/2014/12/26/ibovespa-e-dolar-oscilam-perto-da-estabilidade-em-dia-de-fraco-giro.ghtml,2014-12-26,valor,ibovespa
"Ibovespa fecha em queda de 1,46% com Petrobras e giro financeiro fraco",https://valor.globo.com/financas/noticia/2014/12/26/ibovespa-fecha-em-queda-de-146-com-petrobras-e-giro-financeiro-fraco.ghtml,2014-12-26,valor,ibovespa
O reencontro com a dureza dos fatos,https://valor.globo.com/eu-e/noticia/2014/12/26/o-reencontro-com-a-dureza-dos-fatos.ghtml,2014-12-26,valor,recessão brasil
"Mudança no BNDES ajuda contas do governo, mas deve afetar investimento",https://valor.globo.com/brasil/noticia/2014/12/26/mudanca-no-bndes-ajuda-contas-do-governo-mas-deve-afetar-investimento.ghtml,2014-12-26,valor,recessão brasil
"Após três pregões de alta, dólar cai 0,43% nesta sexta-feira",https://valor.globo.com/financas/noticia/2014/12/26/apos-tres-pregoes-de-alta-dolar-cai-043-nesta-sexta-feira.ghtml,2014-12-26,valor,recessão brasil
Dólar e bolsa recuam em dia de baixo volume de negócios após feriado,https://valor.globo.com/financas/noticia/2014/12/26/dolar-e-bolsa-recuam-em-dia-de-baixo-volume-de-negocios-apos-feriado.ghtml,2014-12-26,valor,recessão brasil
2015 deve ser marcado por inflação elevada e PIB fraco,https://valor.globo.com/brasil/noticia/2014/12/26/2015-deve-ser-marcado-por-inflacao-elevada-e-pib-fraco.ghtml,2014-12-26,valor,recessão brasil
"Ibovespa fecha em alta de 0,90%, com elétricas e exportadoras",https://valor.globo.com/financas/noticia/2014/12/29/ibovespa-fecha-em-alta-de-090-com-eletricas-e-exportadoras.ghtml,2014-12-29,valor,ibovespa
"Cenário: Em dia de baixo giro financeiro, dólar e bolsa sobem",https://valor.globo.com/financas/noticia/2014/12/29/cenario-em-dia-de-baixo-giro-financeiro-dolar-e-bolsa-sobem.ghtml,2014-12-29,valor,ibovespa
Ibovespa tem leve alta com fraco volume negociado,https://valor.globo.com/financas/noticia/2014/12/29/ibovespa-tem-leve-alta-com-fraco-volume-negociado.ghtml,2014-12-29,valor,ibovespa
"Ibovespa segue exterior e opera em alta, com elétricas e exportadoras",https://valor.globo.com/financas/noticia/2014/12/29/ibovespa-segue-exterior-e-opera-em-alta-com-eletricas-e-exportadoras.ghtml,2014-12-29,valor,ibovespa
Dívida líquida do setor público fica estável em novembro,https://valor.globo.com/brasil/noticia/2014/12/29/divida-liquida-do-setor-publico-fica-estavel-em-novembro.ghtml,2014-12-29,valor,crise financeira
Multa a bancos alcança valor recorde de US$ 56 bi no ano,https://valor.globo.com/financas/noticia/2014/12/29/multa-a-bancos-alcanca-valor-recorde-de-us-56-bi-no-ano.ghtml,2014-12-29,valor,crise financeira
Estrangeiro foge dos recibos de ações brasileiras,https://valor.globo.com/financas/noticia/2014/12/29/estrangeiro-foge-dos-recibos-de-acoes-brasileiras.ghtml,2014-12-29,valor,crise financeira
Microgeração solar ganha impulso com os aumentos na tarifa elétrica,https://valor.globo.com/empresas/noticia/2014/12/29/microgeracao-solar-ganha-impulso-com-os-aumentos-na-tarifa-eletrica.ghtml,2014-12-29,valor,crise financeira
Fundos ciclo de vida passam a usar estratégias de hedge,https://valor.globo.com/financas/noticia/2014/12/29/fundos-ciclo-de-vida-passam-a-usar-estrategias-de-hedge.ghtml,2014-12-29,valor,crise financeira
Fim de festa para marcas de destilados,https://valor.globo.com/empresas/noticia/2014/12/29/fim-de-festa-para-marcas-de-destilados.ghtml,2014-12-29,valor,recessão brasil
Cenário econômico dificulta captações externas em 2015,https://valor.globo.com/financas/noticia/2014/12/29/cenario-economico-dificulta-captacoes-externas-em-2015.ghtml,2014-12-29,valor,recessão brasil
"Cortes de benefícios geram economia de R$ 18 bilhões em 2015, diz Barbosa",https://valor.globo.com/brasil/noticia/2014/12/30/cortes-de-beneficios-geram-economia-de-r-18-bilhoes-em-2015-diz-barbosa.ghtml,2014-12-30,valor,bolsa valores
"Apesar de Grécia, bolsas fecham em leve alta na Europa",https://valor.globo.com/financas/noticia/2014/12/30/apesar-de-grecia-bolsas-fecham-em-leve-alta-na-europa.ghtml,2014-12-30,valor,bolsa valores
Oferta dita rumo dos preços em Chicago e NY,https://valor.globo.com/agronegocios/noticia/2014/12/30/oferta-dita-rumo-dos-precos-em-chicago-e-ny.ghtml,2014-12-30,valor,bolsa valores
Disparada do café na BM&FBovespa,https://valor.globo.com/agronegocios/noticia/2014/12/30/disparada-do-cafe-na-bm-fbovespa.ghtml,2014-12-30,valor,bolsa valores
"Lojas Marisa depositou R$ 3,2 milhões em conta operada por doleira presa",https://valor.globo.com/politica/noticia/2014/12/30/lojas-marisa-depositou-r-32-milhoes-em-conta-operada-por-doleira-presa.ghtml,2014-12-30,valor,bolsa valores
"Níquel, alumínio e zinco são metais favoritos para 2015",https://valor.globo.com/empresas/noticia/2014/12/30/niquel-aluminio-e-zinco-sao-metais-favoritos-para-2015.ghtml,2014-12-30,valor,bolsa valores
Fazenda divulga balanço da gestão Mantega com diagnóstico positivo,https://valor.globo.com/brasil/noticia/2014/12/30/fazenda-divulga-balanco-da-gestao-mantega-com-diagnostico-positivo.ghtml,2014-12-30,valor,crise financeira
"Sem publicar balanço, Petrobras entra em corrida contra default",https://valor.globo.com/financas/noticia/2014/12/30/sem-publicar-balanco-petrobras-entra-em-corrida-contra-default.ghtml,2014-12-30,valor,crise financeira
Analistas aprovam com ressalvas propostas apresentadas por Levy,https://valor.globo.com/brasil/noticia/2014/12/30/analistas-aprovam-com-ressalvas-propostas-apresentadas-por-levy.ghtml,2014-12-30,valor,crise financeira
Governo cai e incertezas ameaçam Grécia,https://valor.globo.com/mundo/noticia/2014/12/30/governo-cai-e-incertezas-ameacam-grecia.ghtml,2014-12-30,valor,crise financeira
Economia russa já sofre retração,https://valor.globo.com/mundo/noticia/2014/12/30/economia-russa-ja-sofre-retracao.ghtml,2014-12-30,valor,crise financeira
"Em balanço, Fazenda diz ter mantido política fiscal sólida",https://valor.globo.com/brasil/noticia/2014/12/30/em-balanco-fazenda-diz-ter-mantido-politica-fiscal-solida.ghtml,2014-12-30,valor,crise econômica
Fazenda usa projeção do Focus para PIB em 2014,https://valor.globo.com/brasil/noticia/2014/12/30/fazenda-usa-projecao-do-focus-para-pib-em-2014.ghtml,2014-12-30,valor,crise econômica
Leia as manchetes de hoje dos principais jornais brasileiros,https://valor.globo.com/brasil/noticia/2014/12/30/leia-as-manchetes-de-hoje-dos-principais-jornais-brasileiros.ghtml,2014-12-30,valor,crise econômica
Instituições Top 5 do Focus veem dólar a R$ 3 no fim de 2015,https://valor.globo.com/financas/noticia/2014/12/30/instituicoes-top-5-do-focus-veem-dolar-a-r-3-no-fim-de-2015.ghtml,2014-12-30,valor,crise econômica
"Obama critica ""gênio"" Putin",https://valor.globo.com/mundo/noticia/2014/12/30/obama-critica-genio-putin.ghtml,2014-12-30,valor,crise econômica
"Para Fazenda, Brasil reagiu de modo adequado no front cambial",https://valor.globo.com/brasil/noticia/2014/12/30/para-fazenda-brasil-reagiu-de-modo-adequado-no-front-cambial.ghtml,2014-12-30,valor,crise financeira
Governadores buscam ajuste fiscal com corte de cargos e secretarias,https://valor.globo.com/politica/noticia/2014/12/30/governadores-buscam-ajuste-fiscal-com-corte-de-cargos-e-secretarias.ghtml,2014-12-30,valor,crise econômica
Colocar as contas em ordem é premissa para recuperação,https://valor.globo.com/opiniao/noticia/2014/12/30/colocar-as-contas-em-ordem-e-premissa-para-recuperacao.ghtml,2014-12-30,valor,recessão brasil
"Oi, Rossi e siderúrgicas são maiores quedas do ano na bolsa",https://valor.globo.com/empresas/noticia/2014/12/30/oi-rossi-e-siderurgicas-sao-maiores-quedas-do-ano-na-bolsa.ghtml,2014-12-30,valor,ibovespa
"Ibovespa cai 8,61% em dezembro, maior perda no mês desde 1998",https://valor.globo.com/financas/noticia/2014/12/30/ibovespa-cai-861-em-dezembro-maior-perda-no-mes-desde-1998.ghtml,2014-12-30,valor,ibovespa
Investidor adota postura defensiva às vésperas do fim do ano,https://valor.globo.com/financas/noticia/2014/12/30/investidor-adota-postura-defensiva-as-vesperas-do-fim-do-ano.ghtml,2014-12-30,valor,ibovespa
"Para Semesp, nota mínima no Enem dificultará acesso ao Fies",https://valor.globo.com/empresas/noticia/2014/12/30/para-semesp-nota-minima-no-enem-dificultara-acesso-ao-fies.ghtml,2014-12-30,valor,ibovespa
Ibovespa opera em leve alta com valorização de Vale e elétricas,https://valor.globo.com/financas/noticia/2014/12/30/ibovespa-opera-em-leve-alta-com-valorizacao-de-vale-e-eletricas.ghtml,2014-12-30,valor,ibovespa
"Fluxo externo para bolsa perde fôlego, mas fecha ano positivo",https://valor.globo.com/financas/noticia/2014/12/30/fluxo-externo-para-bolsa-perde-folego-mas-fecha-ano-positivo.ghtml,2014-12-30,valor,ibovespa
Bolsa e dólar avançam no penúltimo pregão de 2014,https://valor.globo.com/financas/noticia/2014/12/30/bolsa-e-dolar-avancam-no-penultimo-pregao-de-2014.ghtml,2014-12-30,valor,ibovespa
Bolsa divulga programa de expansão de investidores do Tesouro Direto,https://valor.globo.com/financas/noticia/2014/12/30/bolsa-divulga-programa-de-expansao-de-investidores-do-tesouro-direto.ghtml,2014-12-30,valor,bolsa valores
"Emergentes valem o risco, defende Rob Arnott",https://valor.globo.com/financas/noticia/2014/12/30/emergentes-valem-o-risco-defende-rob-arnott.ghtml,2014-12-30,valor,bolsa valores
Bolsas da Europa fecham em queda; Grécia e petróleo pesam,https://valor.globo.com/financas/noticia/2014/12/30/bolsas-da-europa-fecham-em-queda-grecia-e-petroleo-pesam.ghtml,2014-12-30,valor,bolsa valores
"Ao senhor presidente, com toda a franqueza",https://valor.globo.com/eu-e/noticia/2014/12/30/ao-senhor-presidente-com-toda-a-franqueza.ghtml,2014-12-30,valor,crise econômica
"Bolsa se segura nos 50 mil pontos, mas tem pior dezembro desde 1998",https://valor.globo.com/financas/noticia/2014/12/30/bolsa-se-segura-nos-50-mil-pontos-mas-tem-pior-dezembro-desde-1998.ghtml,2014-12-30,valor,crise financeira
"Saída é buscar novos mercados, diz Monteiro",https://valor.globo.com/brasil/noticia/2014/12/30/saida-e-buscar-novos-mercados-diz-monteiro.ghtml,2014-12-30,valor,crise financeira
Maduro adia alterações no sistema de câmbio da Venezuela para 2015,https://valor.globo.com/mundo/noticia/2014/12/31/maduro-adia-alteracoes-no-sistema-de-cambio-da-venezuela-para-2015.ghtml,2014-12-31,valor,crise econômica
"Bolsas da Europa sobe, mas com fraco volume de negócios",https://valor.globo.com/financas/noticia/2014/12/31/bolsas-da-europa-sobe-mas-com-fraco-volume-de-negocios.ghtml,2014-12-31,valor,bolsa valores
IPI de carros sobe a partir desta quinta-feira,https://valor.globo.com/empresas/noticia/2014/12/31/ipi-de-carros-sobe-a-partir-desta-quinta-feira.ghtml,2014-12-31,valor,crise financeira
Estudo projeta desemprego em alta e queda do PIB na AL em 2016,https://valor.globo.com/brasil/noticia/2015/12/23/estudo-projeta-desemprego-em-alta-e-queda-do-pib-na-al-em-2016.ghtml,2015-12-23,valor,recessão brasil
Governo já observa o maior custo médio desde abril de 2007,https://valor.globo.com/financas/noticia/2015/12/23/governo-ja-observa-o-maior-custo-medio-desde-abril-de-2007.ghtml,2015-12-23,valor,recessão brasil
"Dólar, não dá para ficar sem",https://valor.globo.com/financas/noticia/2015/12/28/dolar-nao-da-para-ficar-sem.ghtml,2015-12-28,valor,recessão brasil
"88% rejeitam mudanças nas regras de aposentadoria, diz pesquisa",https://valor.globo.com/politica/noticia/2015/12/28/88-rejeitam-mudancas-nas-regras-de-aposentadoria-diz-pesquisa.ghtml,2015-12-28,valor,recessão brasil
Dilma faz 1ª reunião com nova equipe econômica e discute crescimento,https://valor.globo.com/politica/noticia/2015/12/28/dilma-faz-1a-reuniao-com-nova-equipe-economica-e-discute-crescimento.ghtml,2015-12-28,valor,recessão brasil
"Bovespa cai 0,5% em dia de poucos negócios",https://valor.globo.com/financas/noticia/2015/12/28/bovespa-cai-05-em-dia-de-poucos-negocios.ghtml,2015-12-28,valor,ibovespa
Braskem e Fibria lideram lista de ações com desempenho superior ao CDI,https://valor.globo.com/empresas/noticia/2015/12/28/braskem-e-fibria-lideram-lista-de-acoes-com-desempenho-superior-ao-cdi.ghtml,2015-12-28,valor,ibovespa
"Recessão atual vai durar 11 trimestres, diz Ibre-FGV",https://valor.globo.com/brasil/noticia/2015/12/28/recessao-atual-vai-durar-11-trimestres-diz-ibre-fgv.ghtml,2015-12-28,valor,recessão brasil
Bovespa recua com Vale e Petrobras e dólar cai mais de 1% ante real,https://valor.globo.com/financas/noticia/2015/12/28/bovespa-recua-com-vale-e-petrobras-e-dolar-cai-mais-de-1-ante-real.ghtml,2015-12-28,valor,ibovespa
Bovespa segue pressionada por Vale e Petrobras,https://valor.globo.com/financas/noticia/2015/12/28/bovespa-segue-pressionada-por-vale-e-petrobras.ghtml,2015-12-28,valor,ibovespa
Brasileiras ricas vão a Miami para dar à luz filhos com cidadania americana,https://valor.globo.com/noticia/2015/12/28/brasileiras-ricas-vao-a-miami-para-dar-a-luz-filhos-com-cidadania-americana.ghtml,2015-12-28,valor,recessão brasil
"Bovespa cai 0,25% e caminha para terceiro ano seguido de perdas",https://valor.globo.com/financas/noticia/2015/12/29/bovespa-cai-025-e-caminha-para-terceiro-ano-seguido-de-perdas.ghtml,2015-12-29,valor,ibovespa
Bovespa passa a cair na última hora de pregão,https://valor.globo.com/financas/noticia/2015/12/29/bovespa-passa-a-cair-na-ultima-hora-de-pregao.ghtml,2015-12-29,valor,ibovespa
Bovespa não define tendência em pregão de volume reduzido,https://valor.globo.com/financas/noticia/2015/12/29/bovespa-nao-define-tendencia-em-pregao-de-volume-reduzido.ghtml,2015-12-29,valor,ibovespa
"Bovespa opera em alta, com ajuda de Petrobras e varejistas",https://valor.globo.com/financas/noticia/2015/12/29/bovespa-opera-em-alta-com-ajuda-de-petrobras-e-varejistas.ghtml,2015-12-29,valor,ibovespa
Bovespa cai em dia de giro fraco,https://valor.globo.com/financas/noticia/2015/12/29/bovespa-cai-em-dia-de-giro-fraco.ghtml,2015-12-29,valor,ibovespa
Novo jato da Aerion almeja ocupar espaço do Concorde,https://valor.globo.com/empresas/noticia/2015/12/29/novo-jato-da-aerion-almeja-ocupar-espaco-do-concorde.ghtml,2015-12-29,valor,crise financeira
"Aviação global se recupera, mas Brasil é exceção",https://valor.globo.com/empresas/noticia/2015/12/29/aviacao-global-se-recupera-mas-brasil-e-excecao.ghtml,2015-12-29,valor,crise financeira
Consultoria prevê mais demissões no setor em 2016,https://valor.globo.com/empresas/noticia/2015/12/29/consultoria-preve-mais-demissoes-no-setor-em-2016.ghtml,2015-12-29,valor,crise financeira
Fé do investidor em bancos centrais está abalada,https://valor.globo.com/noticia/2015/12/29/fe-do-investidor-em-bancos-centrais-esta-abalada.ghtml,2015-12-29,valor,crise financeira
Fundos de índice podem ter papel relevante em uma próxima crise,https://valor.globo.com/financas/noticia/2015/12/29/fundos-de-indice-podem-ter-papel-relevante-em-uma-proxima-crise.ghtml,2015-12-29,valor,crise financeira
Deputados aprovam Lei de Responsabilidade Fiscal no RS,https://valor.globo.com/politica/noticia/2015/12/29/deputados-aprovam-lei-de-responsabilidade-fiscal-no-rs.ghtml,2015-12-29,valor,crise financeira
Cepea diz que cenário para etanol no país será mais positivo em 2016,https://valor.globo.com/agronegocios/noticia/2015/12/29/cepea-diz-que-cenario-para-etanol-no-pais-sera-mais-positivo-em-2016.ghtml,2015-12-29,valor,crise financeira
Bolsas e moedas emergentes têm dia de recuperação,https://valor.globo.com/financas/noticia/2015/12/29/bolsas-e-moedas-emergentes-tem-dia-de-recuperacao.ghtml,2015-12-29,valor,ibovespa
Commodities Agrícolas,https://valor.globo.com/agronegocios/noticia/2015/12/29/commodities-agricolas.ghtml,2015-12-29,valor,bolsa valores
Hotel Urbano amplia oferta para driblar crise,https://valor.globo.com/empresas/noticia/2015/12/29/hotel-urbano-amplia-oferta-para-driblar-crise.ghtml,2015-12-29,valor,recessão brasil
"Com mais retração nas vendas, setor vai regredir dez anos",https://valor.globo.com/empresas/noticia/2015/12/29/com-mais-retracao-nas-vendas-setor-vai-regredir-dez-anos.ghtml,2015-12-29,valor,recessão brasil
Governo do RJ sanciona leis que elevam tributos do setor petrolífero,https://valor.globo.com/brasil/noticia/2015/12/30/governo-do-rj-sanciona-leis-que-elevam-tributos-do-setor-petrolifero.ghtml,2015-12-30,valor,crise econômica
"""Legitimidade é algo que se conquista"", diz Roberto Romano",https://valor.globo.com/politica/noticia/2015/12/30/legitimidade-e-algo-que-se-conquista-diz-roberto-romano.ghtml,2015-12-30,valor,crise financeira
Aval a crédito não destrava investimento de Estados,https://valor.globo.com/brasil/noticia/2015/12/30/aval-a-credito-nao-destrava-investimento-de-estados.ghtml,2015-12-30,valor,crise financeira
Fed faz alerta na tentativa de conter potenciais bolhas de ativos,https://valor.globo.com/financas/noticia/2015/12/30/fed-faz-alerta-na-tentativa-de-conter-potenciais-bolhas-de-ativos.ghtml,2015-12-30,valor,crise financeira
Seca fonte crucial de recursos da Vale e outras mineradoras,https://valor.globo.com/noticia/2015/12/30/seca-fonte-crucial-de-recursos-da-vale-e-outras-mineradoras.ghtml,2015-12-30,valor,crise financeira
Letra financeira amplia crescimento em 2015,https://valor.globo.com/financas/noticia/2015/12/30/letra-financeira-amplia-crescimento-em-2015.ghtml,2015-12-30,valor,crise financeira
"Pressionada, Log-In recebe oferta de investidor e renegocia dívidas",https://valor.globo.com/empresas/noticia/2015/12/30/pressionada-log-in-recebe-oferta-de-investidor-e-renegocia-dividas.ghtml,2015-12-30,valor,crise financeira
Ano de perdas para as commodities agrícolas,https://valor.globo.com/agronegocios/noticia/2015/12/30/ano-de-perdas-para-as-commodities-agricolas-1.ghtml,2015-12-30,valor,bolsa valores
Níquel e zinco lideram perdas no ano,https://valor.globo.com/empresas/noticia/2015/12/30/niquel-e-zinco-lideram-perdas-no-ano.ghtml,2015-12-30,valor,bolsa valores
Walmart fecha lojas e se compromete a manter funcionários,https://valor.globo.com/empresas/noticia/2015/12/30/walmart-fecha-lojas-e-se-compromete-a-manter-funcionarios.ghtml,2015-12-30,valor,crise econômica
"Erros do governo contribuíram para crise econômica, diz Jaques Wagner",https://valor.globo.com/politica/noticia/2015/12/30/erros-do-governo-contribuiram-para-crise-economica-diz-jaques-wagner.ghtml,2015-12-30,valor,crise econômica
YouTube cresce 60% ao ano e já valeria US$ 100 bilhões se fosse independente,https://valor.globo.com/noticia/2015/12/30/youtube-cresce-60-ao-ano-e-ja-valeria-us-100-bilhoes-se-fosse-independente.ghtml,2015-12-30,valor,bolsa valores
Goldman Sachs lista os sete investimentos do futuro,https://valor.globo.com/financas/noticia/2015/12/30/goldman-sachs-lista-os-sete-investimentos-do-futuro.ghtml,2015-12-30,valor,bolsa valores
"Extrema pobreza caiu 63% no Brasil desde 2004, segundo Ipea",https://valor.globo.com/brasil/noticia/2015/12/30/extrema-pobreza-caiu-63-no-brasil-desde-2004-segundo-ipea.ghtml,2015-12-30,valor,crise econômica
Petróleo mais barato ajuda balança comercial do país,https://valor.globo.com/opiniao/noticia/2015/12/30/petroleo-mais-barato-ajuda-balanca-comercial-do-pais.ghtml,2015-12-30,valor,recessão brasil
"Receita engessada afeta mais a saúde que falta de verba, diz secretário do RJ",https://valor.globo.com/brasil/noticia/2015/12/30/receita-engessada-afeta-mais-a-saude-que-falta-de-verba-diz-secretario-do-rj.ghtml,2015-12-30,valor,crise econômica
Feliz ano novo pós-fixado,https://valor.globo.com/financas/noticia/2015/12/30/feliz-ano-novo-pos-fixado.ghtml,2015-12-30,valor,crise econômica
Captação de emergentes em euros deve cair em 2016,https://valor.globo.com/financas/noticia/2015/12/30/captacao-de-emergentes-em-euros-deve-cair-em-2016.ghtml,2015-12-30,valor,crise econômica
Brasileiro adapta planos e investe em loja em Miami,https://valor.globo.com/empresas/noticia/2015/12/30/brasileiro-adapta-planos-e-investe-em-loja-em-miami.ghtml,2015-12-30,valor,crise econômica
"Conquistas sociais resistiram às mudanças na economia em 2014, vê Ipea",https://valor.globo.com/brasil/noticia/2015/12/30/conquistas-sociais-resistiram-as-mudancas-na-economia-em-2014-ve-ipea.ghtml,2015-12-30,valor,crise econômica
Revista 'Economist' coloca Brasil na capa e alerta para ano desastroso,https://valor.globo.com/politica/noticia/2015/12/30/revista-economist-coloca-brasil-na-capa-e-alerta-para-ano-desastroso.ghtml,2015-12-30,valor,crise econômica
Nem dinheiro novo destrava os investimentos dos Estados,https://valor.globo.com/brasil/noticia/2015/12/30/nem-dinheiro-novo-destrava-os-investimentos-dos-estados.ghtml,2015-12-30,valor,crise financeira
Siderurgia figura entre maiores quedas do Ibovespa em 2015,https://valor.globo.com/empresas/noticia/2015/12/30/siderurgia-figura-entre-maiores-quedas-do-ibovespa-em-2015.ghtml,2015-12-30,valor,crise econômica
"Após 535 dias, sistema Cantareira sai do volume morto",https://valor.globo.com/empresas/noticia/2015/12/30/apos-535-dias-sistema-cantareira-sai-do-volume-morto.ghtml,2015-12-30,valor,crise financeira
Bovespa cai pelo 3º dia seguido e deve fechar 2015 com recuo de 13%,https://valor.globo.com/financas/noticia/2015/12/30/bovespa-cai-pelo-3o-dia-seguido-e-deve-fechar-2015-com-recuo-de-13.ghtml,2015-12-30,valor,ibovespa
"Dólar bate R$ 3,98 e Bovespa opera em baixa",https://valor.globo.com/financas/noticia/2015/12/30/dolar-bate-r-398-e-bovespa-opera-em-baixa.ghtml,2015-12-30,valor,ibovespa
Bovespa segue mercado externo e opera em baixa,https://valor.globo.com/financas/noticia/2015/12/30/bovespa-segue-mercado-externo-e-opera-em-baixa.ghtml,2015-12-30,valor,ibovespa
"Eletrobras, Gol e BR Properties saem do Ibovespa na 3ª prévia",https://valor.globo.com/financas/noticia/2015/12/30/eletrobras-gol-e-br-properties-saem-do-ibovespa-na-3a-previa.ghtml,2015-12-30,valor,ibovespa
Bovespa caminha para 3º ano seguido de queda,https://valor.globo.com/financas/noticia/2015/12/30/bovespa-caminha-para-3o-ano-seguido-de-queda.ghtml,2015-12-30,valor,ibovespa
Brasileiros pagam R$ 2 trilhões de impostos este ano,https://valor.globo.com/brasil/noticia/2015/12/30/brasileiros-pagam-r-2-trilhoes-de-impostos-este-ano.ghtml,2015-12-30,valor,bolsa valores
Fundos de hedge que nadaram contra corrente faturaram bilhões em 2015,https://valor.globo.com/financas/noticia/2015/12/30/fundos-de-hedge-que-nadaram-contra-corrente-faturaram-bilhoes-em-2015.ghtml,2015-12-30,valor,bolsa valores
Brasileiros pagam R$ 2 trilhões de impostos neste ano,https://valor.globo.com/brasil/noticia/2015/12/30/brasileiros-pagam-r-2-trilhoes-de-impostos-neste-ano.ghtml,2015-12-30,valor,bolsa valores
BNDES eleva para 70% participação em linhas do Finame,https://valor.globo.com/brasil/noticia/2015/12/30/bndes-eleva-para-70-participacao-em-linhas-do-finame.ghtml,2015-12-30,valor,crise financeira
Bovespa segue baixa de bolsas internacionais no último pregão do ano,https://valor.globo.com/financas/noticia/2015/12/30/bovespa-segue-baixa-de-bolsas-internacionais-no-ultimo-pregao-do-ano.ghtml,2015-12-30,valor,ibovespa
Bovespa cai 13% em 2015 e retorna ao patamar de abril de 2009,https://valor.globo.com/financas/noticia/2015/12/30/bovespa-cai-13-em-2015-e-retorna-ao-patamar-de-abril-de-2009.ghtml,2015-12-30,valor,ibovespa
"Crescimento mundial será decepcionante em 2016, afirma Lagarde",https://valor.globo.com/mundo/noticia/2015/12/30/crescimento-mundial-sera-decepcionante-em-2016-afirma-lagarde.ghtml,2015-12-30,valor,crise financeira
Petrobras retomará licitação para obras do Comperj,https://valor.globo.com/empresas/noticia/2015/12/31/petrobras-retomara-licitacao-para-obras-do-comperj.ghtml,2015-12-31,valor,crise financeira
Ações da Fibria tiveram o melhor desempenho do Ibovespa em 2015,https://valor.globo.com/financas/noticia/2015/12/31/acoes-da-fibria-tiveram-o-melhor-desempenho-do-ibovespa-em-2015.ghtml,2015-12-31,valor,ibovespa
Ibovespa tem menor volume financeiro do ano e fecha em alta,https://valor.globo.com/financas/noticia/2016/12/26/ibovespa-tem-menor-volume-financeiro-do-ano-e-fecha-em-alta.ghtml,2016-12-26,valor,ibovespa
Shoppings registram queda nas vendas de Natal,https://valor.globo.com/empresas/noticia/2016/12/26/shoppings-registram-queda-nas-vendas-de-natal.ghtml,2016-12-26,valor,recessão brasil
Ibovespa tenta diminuir perda de dezembro em dia de fraco volume,https://valor.globo.com/financas/noticia/2016/12/26/ibovespa-tenta-diminuir-perda-de-dezembro-em-dia-de-fraco-volume.ghtml,2016-12-26,valor,ibovespa
Dólar tem leve alta e Ibovespa opera sem grandes variações,https://valor.globo.com/financas/noticia/2016/12/27/dolar-tem-leve-alta-e-ibovespa-opera-sem-grandes-variacoes.ghtml,2016-12-27,valor,ibovespa
"Ibovespa sobe, mas tem pior volume de 2016",https://valor.globo.com/financas/noticia/2016/12/27/ibovespa-sobe-mas-tem-pior-volume-de-2016.ghtml,2016-12-27,valor,ibovespa
"Ibovespa sobe com ações de mineração e siderurgia, as líderes de 2016",https://valor.globo.com/financas/noticia/2016/12/27/ibovespa-sobe-com-acoes-de-mineracao-e-siderurgia-as-lideres-de-2016.ghtml,2016-12-27,valor,ibovespa
Renegociação de dívidas de varejistas atinge R$ 20 bilhões,https://valor.globo.com/empresas/noticia/2016/12/27/renegociacao-de-dividas-de-varejistas-atinge-r-20-bilhoes.ghtml,2016-12-27,valor,recessão brasil
"Para setor de rodovias, MP das concessões é insuficiente",https://valor.globo.com/brasil/noticia/2016/12/27/para-setor-de-rodovias-mp-das-concessoes-e-insuficiente.ghtml,2016-12-27,valor,recessão brasil
Ibovespa fecha em leve alta com ajuda de mineradoras,https://valor.globo.com/financas/noticia/2016/12/27/ibovespa-fecha-em-leve-alta-com-ajuda-de-mineradoras.ghtml,2016-12-27,valor,ibovespa
"Juros futuros seguem estáveis, após queda expressiva em dezembro",https://valor.globo.com/financas/noticia/2016/12/27/juros-futuros-seguem-estaveis-apos-queda-expressiva-em-dezembro.ghtml,2016-12-27,valor,ibovespa
"'Com Trump, mercados devem elevar volatilidade'",https://valor.globo.com/financas/noticia/2016/12/28/com-trump-mercados-devem-elevar-volatilidade.ghtml,2016-12-28,valor,bolsa valores
Raia Drogasil eleva teto de pagamento a executivos,https://valor.globo.com/empresas/noticia/2016/12/28/raia-drogasil-eleva-teto-de-pagamento-a-executivos.ghtml,2016-12-28,valor,bolsa valores
"Após recuo em dezembro, juros se estabilizam",https://valor.globo.com/financas/noticia/2016/12/28/apos-recuo-em-dezembro-juros-se-estabilizam.ghtml,2016-12-28,valor,ibovespa
Unipar conclui compra da Solvay Indupa,https://valor.globo.com/empresas/noticia/2016/12/28/unipar-conclui-compra-da-solvay-indupa.ghtml,2016-12-28,valor,bolsa valores
Fundo imobiliário perde força nos EUA,https://valor.globo.com/financas/noticia/2016/12/28/fundo-imobiliario-perde-forca-nos-eua.ghtml,2016-12-28,valor,bolsa valores
Toshiba terá perda bilionária com divisão nuclear nos EUA,https://valor.globo.com/empresas/noticia/2016/12/28/toshiba-tera-perda-bilionaria-com-divisao-nuclear-nos-eua.ghtml,2016-12-28,valor,bolsa valores
Bolsas da Ásia fecham com direções mistas,https://valor.globo.com/financas/noticia/2016/12/28/bolsas-da-asia-fecham-com-direcoes-mistas.ghtml,2016-12-28,valor,bolsa valores
Ibovespa tem leve alta puxada por mineradoras,https://valor.globo.com/financas/noticia/2016/12/28/ibovespa-tem-leve-alta-puxada-por-mineradoras.ghtml,2016-12-28,valor,ibovespa
"Crivella diz que Rio vai precisar de ""compreensão e sacrifício""",https://valor.globo.com/politica/noticia/2016/12/28/crivella-diz-que-rio-vai-precisar-de-compreensao-e-sacrificio.ghtml,2016-12-28,valor,crise econômica
Reação tarda e amplia dúvidas sobre o crescimento em 2017,https://valor.globo.com/brasil/noticia/2016/12/28/reacao-tarda-e-amplia-duvidas-sobre-o-crescimento-em-2017.ghtml,2016-12-28,valor,recessão brasil
País assina 11 PPPs em 2016 e cancela metade dos editais,https://valor.globo.com/brasil/noticia/2016/12/28/pais-assina-11-ppps-em-2016-e-cancela-metade-dos-editais.ghtml,2016-12-28,valor,recessão brasil
Locação de escritório de alto padrão tem pior ano da história,https://valor.globo.com/empresas/noticia/2016/12/28/locacao-de-escritorio-de-alto-padrao-tem-pior-ano-da-historia.ghtml,2016-12-28,valor,recessão brasil
"ANP deve ajudar a melhorar o ambiente de negócios no país, diz diretor",https://valor.globo.com/brasil/noticia/2016/12/28/anp-deve-ajudar-a-melhorar-o-ambiente-de-negocios-no-pais-diz-diretor.ghtml,2016-12-28,valor,recessão brasil
Vacância é recorde na cidade do Rio de Janeiro,https://valor.globo.com/empresas/noticia/2016/12/28/vacancia-e-recorde-na-cidade-do-rio-de-janeiro.ghtml,2016-12-28,valor,crise econômica
Marcas de alimentos preveem início de recuperação,https://valor.globo.com/empresas/noticia/2016/12/28/marcas-de-alimentos-preveem-inicio-de-recuperacao.ghtml,2016-12-28,valor,crise econômica
RS pedirá extensão de carência para dívida até votação de renegociação,https://valor.globo.com/brasil/noticia/2016/12/28/rs-pedira-extensao-de-carencia-para-divida-ate-votacao-de-renegociacao.ghtml,2016-12-28,valor,bolsa valores
"Ibovespa sobe com Vale, Petrobras e bancos e diminui perda do mês",https://valor.globo.com/financas/noticia/2016/12/28/ibovespa-sobe-com-vale-petrobras-e-bancos-e-diminui-perda-do-mes.ghtml,2016-12-28,valor,ibovespa
"Para analistas, desemprego se mantém em 11,8%",https://valor.globo.com/brasil/noticia/2016/12/28/para-analistas-desemprego-se-mantem-em-118.ghtml,2016-12-28,valor,crise financeira
Elekeiroz gera baixa de R$ 260 milhões na Itaúsa,https://valor.globo.com/empresas/noticia/2016/12/28/elekeiroz-gera-baixa-de-r-260-milhoes-na-itausa.ghtml,2016-12-28,valor,crise financeira
Banco dos EUA lidera captação externa,https://valor.globo.com/financas/noticia/2016/12/28/banco-dos-eua-lidera-captacao-externa.ghtml,2016-12-28,valor,crise financeira
Mineradoras sobem em dia de pouca oscilação para o Ibovespa,https://valor.globo.com/financas/noticia/2016/12/28/mineradoras-sobem-em-dia-de-pouca-oscilacao-para-o-ibovespa.ghtml,2016-12-28,valor,ibovespa
Ibovespa sobe em dia de giro reduzido; mineradoras e bancos em alta,https://valor.globo.com/financas/noticia/2016/12/28/ibovespa-sobe-em-dia-de-giro-reduzido-mineradoras-e-bancos-em-alta.ghtml,2016-12-28,valor,ibovespa
Mercado segue em ritmo lento em penúltima sessão do ano,https://valor.globo.com/financas/noticia/2016/12/28/mercado-segue-em-ritmo-lento-em-penultima-sessao-do-ano.ghtml,2016-12-28,valor,ibovespa
"Ibovespa sobe com Vale, Petrobras e bancos",https://valor.globo.com/financas/noticia/2016/12/29/ibovespa-sobe-com-vale-petrobras-e-bancos.ghtml,2016-12-29,valor,ibovespa
Ibovespa tem correção no último pregão; mineradoras e educação recuam,https://valor.globo.com/empresas/noticia/2016/12/29/ibovespa-tem-correcao-no-ultimo-pregao-mineradoras-e-educacao-recuam.ghtml,2016-12-29,valor,ibovespa
"Dólar cai 17% em 2016, a maior queda em sete anos",https://valor.globo.com/financas/noticia/2016/12/29/dolar-cai-17-em-2016-a-maior-queda-em-sete-anos.ghtml,2016-12-29,valor,ibovespa
"Alckmin segue Doria e congela em R$ 3,80 as tarifas de trem e metrô",https://valor.globo.com/politica/noticia/2016/12/29/alckmin-segue-doria-e-congela-em-r-380-as-tarifas-de-trem-e-metro.ghtml,2016-12-29,valor,crise financeira
"Ibovespa sobe 38,9% no ano, primeira alta desde 2012",https://valor.globo.com/financas/noticia/2016/12/29/ibovespa-sobe-389-no-ano-primeira-alta-desde-2012.ghtml,2016-12-29,valor,ibovespa
"Para cariocas e paulistanos, o impacto da Olimpíada na economia foi pequeno",https://valor.globo.com/brasil/noticia/2016/12/29/para-cariocas-e-paulistanos-o-impacto-da-olimpiada-na-economia-foi-pequeno.ghtml,2016-12-29,valor,crise econômica
Setor de plástico vê leve recuperação da produção em 2017,https://valor.globo.com/empresas/noticia/2016/12/29/setor-de-plastico-ve-leve-recuperacao-da-producao-em-2017.ghtml,2016-12-29,valor,crise econômica
"Em retração, mercado de luxo aposta em sapatos",https://valor.globo.com/empresas/noticia/2016/12/29/em-retracao-mercado-de-luxo-aposta-em-sapatos.ghtml,2016-12-29,valor,crise econômica
"Gestões não devem esperar ajuda federal, diz Afonso",https://valor.globo.com/politica/noticia/2016/12/29/gestoes-nao-devem-esperar-ajuda-federal-diz-afonso.ghtml,2016-12-29,valor,crise financeira
Novos prefeitos assumem sob risco de colapso fiscal,https://valor.globo.com/politica/noticia/2016/12/29/novos-prefeitos-assumem-sob-risco-de-colapso-fiscal.ghtml,2016-12-29,valor,crise financeira
Colapso fiscal aguarda novos prefeitos,https://valor.globo.com/politica/noticia/2016/12/29/colapso-fiscal-aguarda-novos-prefeitos.ghtml,2016-12-29,valor,crise financeira
Usinas pagaram menos a gerentes em 2016,https://valor.globo.com/agronegocios/noticia/2016/12/29/usinas-pagaram-menos-a-gerentes-em-2016.ghtml,2016-12-29,valor,crise financeira
Commodities exportadas pelo país sobem nas bolsas dos EUA,https://valor.globo.com/agronegocios/noticia/2016/12/29/commodities-exportadas-pelo-pais-sobem-nas-bolsas-dos-eua-1.ghtml,2016-12-29,valor,crise financeira
"Mais turistas no Rio, mas ocupação menor nos hotéis",https://valor.globo.com/empresas/noticia/2016/12/29/mais-turistas-no-rio-mas-ocupacao-menor-nos-hoteis.ghtml,2016-12-29,valor,crise financeira
Governador de MG defende ajuda a Estados sem 'exigências descabidas',https://valor.globo.com/politica/noticia/2016/12/29/governador-de-mg-defende-ajuda-a-estados-sem-exigencias-descabidas.ghtml,2016-12-29,valor,crise financeira
Ibovespa opera com poucas variações,https://valor.globo.com/financas/noticia/2016/12/29/ibovespa-opera-com-poucas-variacoes.ghtml,2016-12-29,valor,ibovespa
Economia fraca desestimula aplicação em ações,https://valor.globo.com/financas/noticia/2016/12/29/economia-fraca-desestimula-aplicacao-em-acoes.ghtml,2016-12-29,valor,ibovespa
Renda fixa deve manter atratividade,https://valor.globo.com/financas/noticia/2016/12/29/renda-fixa-deve-manter-atratividade.ghtml,2016-12-29,valor,bolsa valores
Governo gaúcho quer ampliação de carência para pagamento de dívida,https://valor.globo.com/brasil/noticia/2016/12/29/governo-gaucho-quer-ampliacao-de-carencia-para-pagamento-de-divida.ghtml,2016-12-29,valor,bolsa valores
Minério de ferro é destaque em ano de alta generalizada,https://valor.globo.com/empresas/noticia/2016/12/29/minerio-de-ferro-e-destaque-em-ano-de-alta-generalizada.ghtml,2016-12-29,valor,bolsa valores
Renda fixa deve manter atratividade em 2017 apesar de taxa Selic menor,https://valor.globo.com/financas/noticia/2016/12/29/renda-fixa-deve-manter-atratividade-em-2017-apesar-de-taxa-selic-menor.ghtml,2016-12-29,valor,bolsa valores
Dólar cai em dezembro pela primeira vez desde 2012,https://valor.globo.com/financas/noticia/2016/12/29/dolar-cai-em-dezembro-pela-primeira-vez-desde-2012.ghtml,2016-12-29,valor,bolsa valores
Brasil já representa mais de 20% da receita da francesa Tereos,https://valor.globo.com/agronegocios/noticia/2016/12/29/brasil-ja-representa-mais-de-20-da-receita-da-francesa-tereos-1.ghtml,2016-12-29,valor,bolsa valores
Prefeitura do Recife extingue secretarias e autarquias,https://valor.globo.com/politica/noticia/2016/12/30/prefeitura-do-recife-extingue-secretarias-e-autarquias.ghtml,2016-12-30,valor,crise financeira
"“Podemos chegar em 2018 numa situação de tensão social”, diz Haddad",https://valor.globo.com/politica/noticia/2016/12/30/podemos-chegar-em-2018-numa-situacao-de-tensao-social-diz-haddad.ghtml,2016-12-30,valor,crise econômica
Canvas vai ter fundo global e de ações,https://valor.globo.com/financas/noticia/2017/12/20/canvas-vai-ter-fundo-global-e-de-acoes.ghtml,2017-12-20,valor,recessão brasil
Economistas projetam riscos fiscais relevantes para 2019,https://valor.globo.com/brasil/noticia/2017/12/20/economistas-projetam-riscos-fiscais-relevantes-para-2019.ghtml,2017-12-20,valor,recessão brasil
Bônus de emergentes podem perder atratividade em 2018,https://valor.globo.com/financas/noticia/2017/12/20/bonus-de-emergentes-podem-perder-atratividade-em-2018.ghtml,2017-12-20,valor,recessão brasil
"Governo prevê investimentos de R$ 132,7 bilhões em infraestrutura",https://valor.globo.com/brasil/noticia/2017/12/20/governo-preve-investimentos-de-r-1327-bilhoes-em-infraestrutura.ghtml,2017-12-20,valor,recessão brasil
Brasil Plural monta gestora de fortunas com a carioca Opus,https://valor.globo.com/financas/noticia/2017/12/21/brasil-plural-monta-gestora-de-fortunas-com-a-carioca-opus.ghtml,2017-12-21,valor,recessão brasil
Setor de sorvetes tenta recuperar mercado,https://valor.globo.com/empresas/noticia/2017/12/21/setor-de-sorvetes-tenta-recuperar-mercado.ghtml,2017-12-21,valor,recessão brasil
"Depois do auge, hostels se adaptam à nova realidade",https://valor.globo.com/empresas/noticia/2017/12/21/depois-do-auge-hostels-se-adaptam-a-nova-realidade.ghtml,2017-12-21,valor,recessão brasil
Ecos da estação,https://valor.globo.com/empresas/noticia/2017/12/21/ecos-da-estacao.ghtml,2017-12-21,valor,recessão brasil
"Eleição de populista traz risco de inflação de dois dígitos, diz 4E",https://valor.globo.com/brasil/noticia/2017/12/21/eleicao-de-populista-traz-risco-de-inflacao-de-dois-digitos-diz-4e.ghtml,2017-12-21,valor,recessão brasil
Cenário é de otimismo moderado para 2018,https://valor.globo.com/brasil/noticia/2017/12/21/cenario-e-de-otimismo-moderado-para-2018.ghtml,2017-12-21,valor,recessão brasil
'Manter a inflação baixa exige reformas',https://valor.globo.com/financas/noticia/2017/12/21/manter-a-inflacao-baixa-exige-reformas.ghtml,2017-12-21,valor,recessão brasil
Santander fecha linha de US$ 150 milhões com o IFC,https://valor.globo.com/financas/noticia/2017/12/22/santander-fecha-linha-de-us-150-milhoes-com-o-ifc.ghtml,2017-12-22,valor,recessão brasil
"‘O que afeta PIB é a aprovação da Previdência’, diz Meirelles",https://valor.globo.com/brasil/noticia/2017/12/23/o-que-afeta-pib-e-a-aprovacao-da-previdencia-diz-meirelles.ghtml,2017-12-23,valor,recessão brasil
"Na TV, Temer diz que ""está mais barato viver"" em seu governo",https://valor.globo.com/politica/noticia/2017/12/24/na-tv-temer-diz-que-esta-mais-barato-viver-em-seu-governo.ghtml,2017-12-24,valor,recessão brasil
Infraero vai cortar 30% do pessoal até 2020,https://valor.globo.com/empresas/noticia/2017/12/25/infraero-vai-cortar-30-do-pessoal-ate-2020.ghtml,2017-12-25,valor,recessão brasil
Meirelles posta filme no Twitter destacando ações do governo,https://valor.globo.com/politica/noticia/2017/12/26/meirelles-posta-filme-no-twitter-destacando-acoes-do-governo.ghtml,2017-12-26,valor,recessão brasil
Varejistas buscam receita extra na operação on-line,https://valor.globo.com/empresas/noticia/2017/12/26/varejistas-buscam-receita-extra-na-operacao-on-line.ghtml,2017-12-26,valor,crise financeira
China lidera aquisições no país e busca novos setores,https://valor.globo.com/brasil/noticia/2017/12/26/china-lidera-aquisicoes-no-pais-e-busca-novos-setores.ghtml,2017-12-26,valor,crise financeira
'Estamos muito otimistas em relação aos ativos brasileiros',https://valor.globo.com/financas/noticia/2017/12/26/estamos-muito-otimistas-em-relacao-aos-ativos-brasileiros.ghtml,2017-12-26,valor,crise financeira
"Ibovespa tem ritmo lento com Vale, mas testa recuperação",https://valor.globo.com/financas/noticia/2017/12/26/ibovespa-tem-ritmo-lento-com-vale-mas-testa-recuperacao.ghtml,2017-12-26,valor,ibovespa
Ibovespa testa alta com bancos; dólar recua apesar do risco ao rating,https://valor.globo.com/financas/noticia/2017/12/26/ibovespa-testa-alta-com-bancos-dolar-recua-apesar-do-risco-ao-rating.ghtml,2017-12-26,valor,ibovespa
"Reforma deve valorizar dólar, ao menos de início",https://valor.globo.com/mundo/noticia/2017/12/26/reforma-deve-valorizar-dolar-ao-menos-de-inicio.ghtml,2017-12-26,valor,crise financeira
"Ibovespa fecha em alta com blue chips, Embraer e varejistas",https://valor.globo.com/financas/noticia/2017/12/26/ibovespa-fecha-em-alta-com-blue-chips-embraer-e-varejistas.ghtml,2017-12-26,valor,crise financeira
CSN reconhece deficiências nos controles internos,https://valor.globo.com/empresas/noticia/2017/12/26/csn-reconhece-deficiencias-nos-controles-internos.ghtml,2017-12-26,valor,bolsa valores
Commodities Agrícolas,https://valor.globo.com/agronegocios/noticia/2017/12/26/commodities-agricolas.ghtml,2017-12-26,valor,bolsa valores
Forte depreciação eleva preocupações com bitcoin,https://valor.globo.com/financas/noticia/2017/12/26/forte-depreciacao-eleva-preocupacoes-com-bitcoin.ghtml,2017-12-26,valor,bolsa valores
Fazenda veta ajuda financeira para o Estado do Rio Grande do Norte,https://valor.globo.com/brasil/noticia/2017/12/26/fazenda-veta-ajuda-financeira-para-o-estado-do-rio-grande-do-norte.ghtml,2017-12-26,valor,crise financeira
"Ibovespa opera em alta e dólar sai na casa de R$ 3,31 com cena externa",https://valor.globo.com/financas/noticia/2017/12/27/ibovespa-opera-em-alta-e-dolar-sai-na-casa-de-r-331-com-cena-externa.ghtml,2017-12-27,valor,ibovespa
Ibovespa opera em alta; empresas de varejo são destaque,https://valor.globo.com/financas/noticia/2017/12/27/ibovespa-opera-em-alta-empresas-de-varejo-sao-destaque.ghtml,2017-12-27,valor,ibovespa
Ibovespa sobe e dólar recua em pregão esvaziado,https://valor.globo.com/financas/noticia/2017/12/27/ibovespa-sobe-e-dolar-recua-em-pregao-esvaziado.ghtml,2017-12-27,valor,ibovespa
'CoCo bond' atrai investidor e rendimento cai,https://valor.globo.com/financas/noticia/2017/12/27/coco-bond-atrai-investidor-e-rendimento-cai.ghtml,2017-12-27,valor,crise financeira
Missão do governo deve avaliar quadro fiscal do RN,https://valor.globo.com/brasil/noticia/2017/12/27/missao-do-governo-deve-avaliar-quadro-fiscal-do-rn.ghtml,2017-12-27,valor,crise financeira
"Ibovespa fecha no maior nível em dois meses, puxado por varejistas",https://valor.globo.com/financas/noticia/2017/12/27/ibovespa-fecha-no-maior-nivel-em-dois-meses-puxado-por-varejistas.ghtml,2017-12-27,valor,ibovespa
Faturamento do comércio eletrônico cresce 13% no período de Natal,https://valor.globo.com/empresas/noticia/2017/12/27/faturamento-do-comercio-eletronico-cresce-13-no-periodo-de-natal.ghtml,2017-12-27,valor,crise econômica
Varejo cresce no Natal e estanca crise,https://valor.globo.com/empresas/noticia/2017/12/27/varejo-cresce-no-natal-e-estanca-crise.ghtml,2017-12-27,valor,bolsa valores
"FGV: Indústria quer investir em 2018, mas ociosidade alta é desafio",https://valor.globo.com/brasil/noticia/2017/12/28/fgv-industria-quer-investir-em-2018-mas-ociosidade-alta-e-desafio.ghtml,2017-12-28,valor,crise econômica
Movimento Passe Livre marca protesto para dia 11 de janeiro,https://valor.globo.com/politica/noticia/2017/12/28/movimento-passe-livre-marca-protesto-para-dia-11-de-janeiro.ghtml,2017-12-28,valor,bolsa valores
"Setor de beleza prevê crescimento em 2018, mas se mantém cauteloso",https://valor.globo.com/empresas/noticia/2017/12/28/setor-de-beleza-preve-crescimento-em-2018-mas-se-mantem-cauteloso.ghtml,2017-12-28,valor,crise financeira
Reforma tributária nos EUA pode impulsionar dólar,https://valor.globo.com/financas/noticia/2017/12/28/reforma-tributaria-nos-eua-pode-impulsionar-dolar.ghtml,2017-12-28,valor,crise financeira
Maduro aperta o cerco aos partidos de oposição,https://valor.globo.com/opiniao/noticia/2017/12/28/maduro-aperta-o-cerco-aos-partidos-de-oposicao.ghtml,2017-12-28,valor,crise econômica
Ibovespa tem sexta alta seguida e fecha ano acima dos 76 mil pontos,https://valor.globo.com/financas/noticia/2017/12/28/ibovespa-tem-sexta-alta-seguida-e-fecha-ano-acima-dos-76-mil-pontos.ghtml,2017-12-28,valor,ibovespa
Cinco ações passam a integrar Ibovespa na 3ª prévia; Marfrig permanece,https://valor.globo.com/financas/noticia/2017/12/28/cinco-acoes-passam-a-integrar-ibovespa-na-3a-previa-marfrig-permanece.ghtml,2017-12-28,valor,ibovespa
Venezuelanos protestam contra falta de carne de porco,https://valor.globo.com/mundo/noticia/2017/12/28/venezuelanos-protestam-contra-falta-de-carne-de-porco.ghtml,2017-12-28,valor,crise econômica
Ibovespa opera em alta; Smiles é destaque,https://valor.globo.com/financas/noticia/2017/12/28/ibovespa-opera-em-alta-smiles-e-destaque.ghtml,2017-12-28,valor,ibovespa
"Ibovespa sobe no último pregão do ano e dólar opera na casa de R$ 3,30",https://valor.globo.com/financas/noticia/2017/12/28/ibovespa-sobe-no-ultimo-pregao-do-ano-e-dolar-opera-na-casa-de-r-330.ghtml,2017-12-28,valor,ibovespa
Índice Small Cap é aplicação mais rentável de 2017,https://valor.globo.com/financas/noticia/2017/12/28/indice-small-cap-e-aplicacao-mais-rentavel-de-2017.ghtml,2017-12-28,valor,ibovespa
Varejo leva Ibovespa ao maior nível em 2 meses,https://valor.globo.com/financas/noticia/2017/12/28/varejo-leva-ibovespa-ao-maior-nivel-em-2-meses.ghtml,2017-12-28,valor,ibovespa
Commodities Agrícolas,https://valor.globo.com/agronegocios/noticia/2017/12/29/commodities-agricolas.ghtml,2017-12-29,valor,bolsa valores
"Minério de ferro fecha 2017 perto do ""zero a zero"", acima dos US$ 72",https://valor.globo.com/empresas/noticia/2017/12/29/minerio-de-ferro-fecha-2017-perto-do-zero-a-zero-acima-dos-us-72.ghtml,2017-12-29,valor,bolsa valores
Commodities de exportação em ritmo de queda,https://valor.globo.com/agronegocios/noticia/2017/12/29/commodities-de-exportacao-em-ritmo-de-queda-1.ghtml,2017-12-29,valor,bolsa valores
"Bitcoin merece atenção de reguladores, diz integrante do BCE",https://valor.globo.com/financas/noticia/2017/12/29/bitcoin-merece-atencao-de-reguladores-diz-integrante-do-bce.ghtml,2017-12-29,valor,bolsa valores
"Locamerica assina acordo de fusão com Unidas por R$ 988,5 milhões",https://valor.globo.com/empresas/noticia/2017/12/29/locamerica-assina-acordo-de-fusao-com-unidas-por-r-9885-milhoes.ghtml,2017-12-29,valor,bolsa valores
"Gávea, Vinci e Kinea saem a preço pretendido no IPO",https://valor.globo.com/empresas/noticia/2017/12/29/gavea-vinci-e-kinea-saem-a-preco-pretendido-no-ipo.ghtml,2017-12-29,valor,bolsa valores
Setor de máquinas projeta puxar retomada industrial,https://valor.globo.com/brasil/noticia/2017/12/29/setor-de-maquinas-projeta-puxar-retomada-industrial.ghtml,2017-12-29,valor,crise financeira
União estuda empréstimo de bancos públicos ao RN,https://valor.globo.com/brasil/noticia/2017/12/29/uniao-estuda-emprestimo-de-bancos-publicos-ao-rn.ghtml,2017-12-29,valor,crise financeira
"Estrela da bolsa, Magazine Luiza sobe 510%",https://valor.globo.com/financas/noticia/2017/12/29/estrela-da-bolsa-magazine-luiza-sobe-510.ghtml,2017-12-29,valor,ibovespa
"Entrada no Ibovespa dá fôlego ao Magazine Luiza, que subiu 510% em 2017",https://valor.globo.com/financas/noticia/2017/12/29/entrada-no-ibovespa-da-folego-ao-magazine-luiza-que-subiu-510-em-2017.ghtml,2017-12-29,valor,ibovespa
Boas chances com ações em 2018,https://valor.globo.com/financas/noticia/2017/12/29/boas-chances-com-acoes-em-2018.ghtml,2017-12-29,valor,ibovespa
Retomada da economia e juros baixos impulsionam tomada de risco em 2018,https://valor.globo.com/financas/noticia/2017/12/29/retomada-da-economia-e-juros-baixos-impulsionam-tomada-de-risco-em-2018.ghtml,2017-12-29,valor,crise econômica
"Maia: DEM quer candidato próprio, mas isso não obriga a deixar governo",https://valor.globo.com/politica/noticia/2017/12/29/maia-dem-quer-candidato-proprio-mas-isso-nao-obriga-a-deixar-governo.ghtml,2017-12-29,valor,crise econômica
Investidor reduz posição em início de ano eleitoral,https://valor.globo.com/financas/noticia/2017/12/29/investidor-reduz-posicao-em-inicio-de-ano-eleitoral.ghtml,2017-12-29,valor,crise econômica
"Gbarbosa, da Cencosud, tem crescimento de até 40% nas vendas de Natal",https://valor.globo.com/empresas/noticia/2017/12/29/gbarbosa-da-cencosud-tem-crescimento-de-ate-40-nas-vendas-de-natal.ghtml,2017-12-29,valor,crise econômica
Turismo corporativo reage com retomada da economia,https://valor.globo.com/empresas/noticia/2017/12/30/turismo-corporativo-reage-com-retomada-da-economia.ghtml,2017-12-30,valor,crise econômica
"PIB do Brasil deve crescer 2% em 2019, diz Cepal",https://valor.globo.com/brasil/noticia/2018/12/20/pib-do-brasil-deve-crescer-2-em-2019-diz-cepal.ghtml,2018-12-20,valor,recessão brasil
Bradesco Seguros mantém otimismo com setor em 2019,https://valor.globo.com/financas/noticia/2018/12/20/bradesco-seguros-mantem-otimismo-com-setor-em-2019.ghtml,2018-12-20,valor,recessão brasil
Multiplan vai investir R$ 3 bilhões em condomínio,https://valor.globo.com/empresas/noticia/2018/12/20/multiplan-vai-investir-r-3-bilhoes-em-condominio.ghtml,2018-12-20,valor,recessão brasil
Economia fraca e desemprego reforçam as adesões,https://valor.globo.com/financas/noticia/2018/12/21/economia-fraca-e-desemprego-reforcam-as-adesoes.ghtml,2018-12-21,valor,recessão brasil
Bradesco Seguros mantém otimismo com setor em 2019,https://valor.globo.com/financas/noticia/2018/12/21/bradesco-seguros-mantem-otimismo-com-setor-em-2019.ghtml,2018-12-21,valor,recessão brasil
Multiplan vai investir R$ 3 bi em condomínio,https://valor.globo.com/empresas/noticia/2018/12/21/multiplan-vai-investir-r-3-bi-em-condominio.ghtml,2018-12-21,valor,recessão brasil
Planejar vai para TV e rede social com educação financeira,https://valor.globo.com/financas/noticia/2018/12/23/planejar-vai-para-tv-e-rede-social-com-educacao-financeira.ghtml,2018-12-23,valor,recessão brasil
Planejar vai para TV e rede social com educação financeira,https://valor.globo.com/financas/noticia/2018/12/26/planejar-vai-para-tv-e-rede-social-com-educacao-financeira.ghtml,2018-12-26,valor,recessão brasil
Emissão de bônus externo pode dobrar em 2019,https://valor.globo.com/financas/noticia/2018/12/26/emissao-de-bonus-externo-pode-dobrar-em-2019.ghtml,2018-12-26,valor,recessão brasil
Fluxo estrangeiro na bolsa ruma para primeira saída anual desde 2011,https://valor.globo.com/financas/noticia/2018/12/27/fluxo-estrangeiro-na-bolsa-ruma-para-primeira-saida-anual-desde-2011.ghtml,2018-12-27,valor,crise financeira
Emissão de bônus externo pode dobrar em 2019,https://valor.globo.com/financas/noticia/2018/12/27/emissao-de-bonus-externo-pode-dobrar-em-2019.ghtml,2018-12-27,valor,recessão brasil
Expectativa de crescimento mais sustentável ganha força,https://valor.globo.com/brasil/noticia/2018/12/27/expectativa-de-crescimento-mais-sustentavel-ganha-forca.ghtml,2018-12-27,valor,recessão brasil
Bolsas de NY encerram dia de volatilidade com rali no fim da sessão,https://valor.globo.com/financas/noticia/2018/12/27/bolsas-de-ny-encerram-dia-de-volatilidade-com-rali-no-fim-da-sessao.ghtml,2018-12-27,valor,crise financeira
Bancos levam Ibovespa a resistir a NY e fechar em leve alta,https://valor.globo.com/financas/noticia/2018/12/27/bancos-levam-ibovespa-a-resistir-a-ny-e-fechar-em-leve-alta.ghtml,2018-12-27,valor,ibovespa
Gol: Qualquer redução de capacidade da Avianca nos beneficia,https://valor.globo.com/empresas/noticia/2018/12/27/gol-qualquer-reducao-de-capacidade-da-avianca-nos-beneficia.ghtml,2018-12-27,valor,ibovespa
"Bancos sobem, mas exterior limita movimento do Ibovespa; dólar oscila",https://valor.globo.com/financas/noticia/2018/12/27/bancos-sobem-mas-exterior-limita-movimento-do-ibovespa-dolar-oscila.ghtml,2018-12-27,valor,ibovespa
Bolsa tem mais chances de trazer os melhores retornos em 2019,https://valor.globo.com/financas/noticia/2018/12/27/bolsa-tem-mais-chances-de-trazer-os-melhores-retornos-em-2019.ghtml,2018-12-27,valor,crise financeira
"Empresas de fidelidade crescem 15,6% no 3º trimestre do ano",https://valor.globo.com/empresas/noticia/2018/12/27/empresas-de-fidelidade-crescem-156-no-3o-trimestre-do-ano.ghtml,2018-12-27,valor,ibovespa
Eletrobras lidera Ibovespa de olho em leilão e acordo com SEC,https://valor.globo.com/empresas/noticia/2018/12/27/eletrobras-lidera-ibovespa-de-olho-em-leilao-e-acordo-com-sec.ghtml,2018-12-27,valor,ibovespa
"Gol lidera altas do Ibovespa, após anunciar venda de aeronaves",https://valor.globo.com/empresas/noticia/2018/12/27/gol-lidera-altas-do-ibovespa-apos-anunciar-venda-de-aeronaves.ghtml,2018-12-27,valor,ibovespa
Ações ligadas a cenário local puxam as apostas na bolsa em 2019,https://valor.globo.com/financas/noticia/2018/12/27/acoes-ligadas-a-cenario-local-puxam-as-apostas-na-bolsa-em-2019.ghtml,2018-12-27,valor,ibovespa
Análise: Novo governo está atento à turbulência nos mercados globais,https://valor.globo.com/financas/noticia/2018/12/27/analise-novo-governo-esta-atento-a-turbulencia-nos-mercados-globais.ghtml,2018-12-27,valor,crise financeira
Mercados aguardam virada do ano em clima de cautela,https://valor.globo.com/financas/noticia/2018/12/27/mercados-aguardam-virada-do-ano-em-clima-de-cautela.ghtml,2018-12-27,valor,ibovespa
"Na bolsa, GPA começa a sair da Via Varejo",https://valor.globo.com/empresas/noticia/2018/12/27/na-bolsa-gpa-comeca-a-sair-da-via-varejo.ghtml,2018-12-27,valor,ibovespa
GPA inicia venda de Via Varejo,https://valor.globo.com/empresas/noticia/2018/12/27/gpa-inicia-venda-de-via-varejo.ghtml,2018-12-27,valor,ibovespa
Linha branca e óleo e gás devem puxar vendas da PPG em 2019,https://valor.globo.com/empresas/noticia/2018/12/28/linha-branca-e-oleo-e-gas-devem-puxar-vendas-da-ppg-em-2019.ghtml,2018-12-28,valor,crise econômica
Bovespa tem o maior ganho entre bolsas globais no ano,https://valor.globo.com/financas/noticia/2018/12/28/bovespa-tem-o-maior-ganho-entre-bolsas-globais-no-ano.ghtml,2018-12-28,valor,crise financeira
Austeridade fiscal e ideias na área da saúde aprofundam incertezas,https://valor.globo.com/brasil/noticia/2018/12/28/austeridade-fiscal-e-ideias-na-area-da-saude-aprofundam-incertezas.ghtml,2018-12-28,valor,bolsa valores
Bolsa tem pior saldo de estrangeiros em 10 anos,https://valor.globo.com/financas/noticia/2018/12/28/bolsa-tem-pior-saldo-de-estrangeiros-em-10-anos.ghtml,2018-12-28,valor,crise financeira
Bolsa é o mercado com mais chances de trazer os melhores retornos em 2019,https://valor.globo.com/financas/noticia/2018/12/28/bolsa-e-o-mercado-com-mais-chances-de-trazer-os-melhores-retornos-em-2019.ghtml,2018-12-28,valor,crise financeira
Mercado local resiste à instabilidade em NY,https://valor.globo.com/financas/noticia/2018/12/28/mercado-local-resiste-a-instabilidade-em-ny.ghtml,2018-12-28,valor,ibovespa
Procuradores de caso Ghosn focam em relação com empresário saudita,https://valor.globo.com/empresas/noticia/2018/12/28/procuradores-de-caso-ghosn-focam-em-relacao-com-empresario-saudita.ghtml,2018-12-28,valor,crise financeira
Bom humor dos gestores coloca Ibovespa em 86 mil pontos,https://valor.globo.com/empresas/noticia/2018/12/28/bom-humor-dos-gestores-coloca-ibovespa-em-86-mil-pontos.ghtml,2018-12-28,valor,ibovespa
Metade das ações do Ibovespa sobe mais do que o índice em 2018,https://valor.globo.com/financas/noticia/2018/12/28/metade-das-acoes-do-ibovespa-sobe-mais-do-que-o-indice-em-2018.ghtml,2018-12-28,valor,ibovespa
"Ibovespa avança 15,03% em 2018, com varejistas em destaque",https://valor.globo.com/financas/noticia/2018/12/28/ibovespa-avanca-1503-em-2018-com-varejistas-em-destaque.ghtml,2018-12-28,valor,ibovespa
"Ouro lidera aplicações em dezembro; no ano, dólar foi o campeão",https://valor.globo.com/financas/noticia/2018/12/28/ouro-lidera-aplicacoes-em-dezembro-no-ano-dolar-foi-o-campeao.ghtml,2018-12-28,valor,ibovespa
Wall Street volta a enfrentar pregão de forte volatilidade,https://valor.globo.com/financas/noticia/2018/12/28/wall-street-volta-a-enfrentar-pregao-de-forte-volatilidade.ghtml,2018-12-28,valor,crise financeira
"Bolsas de NY têm semana positiva, mas ano deve ser o pior desde 2008",https://valor.globo.com/financas/noticia/2018/12/28/bolsas-de-ny-tem-semana-positiva-mas-ano-deve-ser-o-pior-desde-2008.ghtml,2018-12-28,valor,crise financeira
FT: Nissan amplia investigação sobre Carlos Ghosn,https://valor.globo.com/empresas/noticia/2018/12/28/ft-nissan-amplia-investigacao-sobre-carlos-ghosn.ghtml,2018-12-28,valor,crise financeira
Protestos no Sudão deixam dezenas de mortos e abalam ditadura,https://valor.globo.com/mundo/noticia/2018/12/28/protestos-no-sudao-deixam-dezenas-de-mortos-e-abalam-ditadura.ghtml,2018-12-28,valor,crise financeira
Dólar forte surpreende até os pessimistas,https://valor.globo.com/financas/noticia/2018/12/28/dolar-forte-surpreende-ate-os-pessimistas.ghtml,2018-12-28,valor,recessão brasil
"Bolsa de Londres sobe 1,7%, com mineradoras e petrolíferas",https://valor.globo.com/financas/noticia/2018/12/28/bolsa-de-londres-sobe-17-com-mineradoras-e-petroliferas.ghtml,2018-12-28,valor,recessão brasil
FT: Investimento no Vale do Silício deve superar bolha da internet,https://valor.globo.com/empresas/noticia/2018/12/28/ft-investimento-no-vale-do-silicio-deve-superar-bolha-da-internet.ghtml,2018-12-28,valor,crise financeira
Mike Pompeo e Bolsonaro discutirão China e Venezuela após a posse,https://valor.globo.com/mundo/noticia/2018/12/28/mike-pompeo-e-bolsonaro-discutirao-china-e-venezuela-apos-a-posse.ghtml,2018-12-28,valor,crise econômica
Presidente deixa o Planalto dividido entre a apreensão e a melancolia,https://valor.globo.com/politica/noticia/2018/12/28/presidente-deixa-o-planalto-dividido-entre-a-apreensao-e-a-melancolia.ghtml,2018-12-28,valor,crise financeira
China mais urbana e rica deve favorecer o crescimento no Brasil,https://valor.globo.com/brasil/noticia/2018/12/28/china-mais-urbana-e-rica-deve-favorecer-o-crescimento-no-brasil.ghtml,2018-12-28,valor,crise econômica
Eletrobras encerra pendências da Lava-Jato,https://valor.globo.com/empresas/noticia/2018/12/28/eletrobras-encerra-pendencias-da-lava-jato.ghtml,2018-12-28,valor,bolsa valores
CVM instaura 3 inquéritos para apurar conduta de controladores da JBS,https://valor.globo.com/agronegocios/noticia/2018/12/28/cvm-instaura-3-inqueritos-para-apurar-conduta-de-controladores-da-jbs.ghtml,2018-12-28,valor,bolsa valores
Ações da General Shopping caem mais de 8% após leilão na B3,https://valor.globo.com/empresas/noticia/2018/12/28/acoes-da-general-shopping-caem-mais-de-8-apos-leilao-na-b3.ghtml,2018-12-28,valor,bolsa valores
"NTS, empresa de óleo e gás criada pela Petrobras, pede registro na CVM",https://valor.globo.com/empresas/noticia/2018/12/28/nts-empresa-de-oleo-e-gas-criada-pela-petrobras-pede-registro-na-cvm.ghtml,2018-12-28,valor,bolsa valores
Boas ofertas e dólar pesam sobre commodities,https://valor.globo.com/agronegocios/noticia/2018/12/28/boas-ofertas-e-dolar-pesam-sobre-commodities.ghtml,2018-12-28,valor,bolsa valores
Dell volta a ter ações negociadas em bolsa,https://valor.globo.com/empresas/noticia/2018/12/28/dell-volta-a-ter-acoes-negociadas-em-bolsa.ghtml,2018-12-28,valor,bolsa valores
Assembleias estaduais gastam R$12 milhões por ano com auxílio-moradia,https://valor.globo.com/politica/noticia/2018/12/29/assembleias-estaduais-gastam-r-12-milhoes-por-ano-com-auxilio-moradia.ghtml,2018-12-29,valor,crise financeira
Dívida corporativa atinge o recorde de 46% do PIB nos EUA,https://valor.globo.com/mundo/noticia/2018/12/29/divida-corporativa-atinge-o-recorde-de-46-do-pib-nos-eua.ghtml,2018-12-29,valor,crise financeira
"Atual gestão quer seguir colaborando na Petrobras, diz Nelson Carvalho",https://valor.globo.com/empresas/noticia/2018/12/29/atual-gestao-quer-seguir-colaborando-na-petrobras-diz-nelson-carvalho.ghtml,2018-12-29,valor,bolsa valores
Tarpon vai fechar capital e se dedicar à gestão de recursos próprios,https://valor.globo.com/financas/noticia/2018/12/29/tarpon-vai-fechar-capital-e-se-dedicar-a-gestao-de-recursos-proprios.ghtml,2018-12-29,valor,crise econômica
Prefeitura de SP economizará R$ 500 milhões com nova tarifa de ônibus,https://valor.globo.com/politica/noticia/2018/12/29/prefeitura-de-sp-economizara-r-500-milhoes-com-nova-tarifa-de-onibus.ghtml,2018-12-29,valor,crise econômica
Colômbia investiga planos de ataque contra o presidente Ivan Duque,https://valor.globo.com/mundo/noticia/2018/12/30/colombia-investiga-planos-de-ataque-contra-o-presidente-ivan-duque.ghtml,2018-12-30,valor,crise econômica
Setor florestal lista medidas para destravar investimentos no país,https://valor.globo.com/empresas/noticia/2018/12/30/setor-florestal-lista-medidas-para-destravar-investimentos-no-pais.ghtml,2018-12-30,valor,crise econômica
"Aos 20 anos, euro ainda é um projeto em construção",https://valor.globo.com/mundo/noticia/2018/12/30/aos-20-anos-euro-ainda-e-um-projeto-em-construcao.ghtml,2018-12-30,valor,crise financeira
"Bolsonaro e Mike Pompeo tratarão sobre Venezuela, Cuba e Nicarágua",https://valor.globo.com/politica/noticia/2018/12/30/bolsonaro-e-mike-pompeo-tratarao-sobre-venezuela-cuba-e-nicaragua.ghtml,2018-12-30,valor,crise econômica
Venezuela oferece ajuda em investigação de plano para matar Duque,https://valor.globo.com/mundo/noticia/2018/12/30/venezuela-oferece-ajuda-em-investigacao-de-plano-para-matar-duque.ghtml,2018-12-30,valor,crise econômica
"FT: Bolsonaro acena com menos burocracia, sem medidas concretas",https://valor.globo.com/brasil/noticia/2018/12/31/ft-bolsonaro-acena-com-menos-burocracia-sem-medidas-concretas.ghtml,2018-12-31,valor,recessão brasil
FT: Petróleo nos EUA e geração renovável em emergentes seguem na pauta,https://valor.globo.com/empresas/noticia/2018/12/31/ft-petroleo-nos-eua-e-geracao-renovavel-em-emergentes-seguem-na-pauta.ghtml,2018-12-31,valor,crise econômica
Tribunal de Tóquio estende detenção de Carlos Ghosn por mais dez dias,https://valor.globo.com/empresas/noticia/2018/12/31/tribunal-de-toquio-estende-detencao-de-carlos-ghosn-por-mais-dez-dias.ghtml,2018-12-31,valor,crise financeira
Bolsas americanas e petróleo caminham para fechar 2018 no vermelho,https://valor.globo.com/financas/noticia/2018/12/31/bolsas-americanas-e-petroleo-caminham-para-fechar-2018-no-vermelho.ghtml,2018-12-31,valor,crise financeira
"Forte queda de ações da Spotify é exagerada, diz analista",https://valor.globo.com/financas/noticia/2018/12/31/forte-queda-de-acoes-da-spotify-e-exagerada-diz-analista.ghtml,2018-12-31,valor,bolsa valores
Ações de estatais se destacam em ano de alta da bolsa,https://valor.globo.com/financas/noticia/2018/12/31/acoes-de-estatais-se-destacam-em-ano-de-alta-da-bolsa.ghtml,2018-12-31,valor,ibovespa
Dívida global recorde gera sinal de alerta,https://valor.globo.com/financas/noticia/2019/12/17/divida-global-recorde-gera-sinal-de-alerta.ghtml,2019-12-17,valor,recessão brasil
Dívida global recorde gera sinal de alerta,https://valor.globo.com/financas/noticia/2019/12/18/divida-global-recorde-gera-sinal-de-alerta.ghtml,2019-12-18,valor,recessão brasil
Empresas brasileiras têm baixa alavancagem entre emergentes,https://valor.globo.com/financas/noticia/2019/12/18/empresas-brasileiras-tem-baixa-alavancagem-entre-emergentes.ghtml,2019-12-18,valor,recessão brasil
"Temos crédito vindo firme em 2020, avalia diretor do BC",https://valor.globo.com/financas/noticia/2019/12/19/temos-credito-vindo-firme-em-2020-avalia-diretor-do-bc.ghtml,2019-12-19,valor,recessão brasil
"BC: Sem choque de China e Argentina, queda nas exportações seria de US$ 300 mi",https://valor.globo.com/brasil/noticia/2019/12/19/bc-sem-choque-de-china-e-argentina-queda-nas-exportacoes-seria-de-us-300-mi.ghtml,2019-12-19,valor,recessão brasil
Mais concessionárias analisam a possibilidade de devolver trechos,https://valor.globo.com/publicacoes/suplementos/noticia/2019/12/20/mais-concessionarias-analisam-a-possibilidade-de-devolver-trechos.ghtml,2019-12-20,valor,recessão brasil
"Puxado por planos, gasto das famílias com saúde cresce 65% de 2000 a 2017, aponta IBGE",https://valor.globo.com/brasil/noticia/2019/12/20/puxados-por-planos-gastos-das-familias-com-saude-crescem-65percent-de-2000-a-2017-aponta-ibge.ghtml,2019-12-20,valor,recessão brasil
Argentina adia pagamento de US$ 9 bi em títulos públicos para agosto,https://valor.globo.com/mundo/noticia/2019/12/20/argentina-adia-pagamento-de-us-9-bi-em-titulos-publicos-para-agosto.ghtml,2019-12-20,valor,recessão brasil
Juros futuros fecham em queda em sessão de baixa liquidez antes do Natal,https://valor.globo.com/financas/noticia/2019/12/23/juros-futuros-fecham-em-queda-em-sessao-de-baixa-liquidez-antes-do-natal.ghtml,2019-12-23,valor,recessão brasil
Brasil bate recorde de fusões e aquisições em 2019,https://valor.globo.com/empresas/noticia/2019/12/23/brasil-bate-recorde-de-fusoes-e-aquisicoes-em-2019.ghtml,2019-12-23,valor,crise financeira
Inflação de 2020 deve ficar abaixo da meta,https://valor.globo.com/brasil/noticia/2019/12/23/inflacao-de-2020-deve-ficar-abaixo-da-meta.ghtml,2019-12-23,valor,recessão brasil
Governo prevê usar recurso público para salvar bancos só em último caso,https://valor.globo.com/financas/noticia/2019/12/23/governo-preve-usar-recurso-publico-para-salvar-bancos-em-ultimo-caso.ghtml,2019-12-23,valor,crise financeira
O ano em que o capitalismo ficou ‘fofinho’,https://valor.globo.com/empresas/noticia/2019/12/23/o-ano-em-que-o-capitalismo-ficou-fofinho.ghtml,2019-12-23,valor,crise econômica
Boeing nomeia novo diretor-presidente em meio à crise dos aviões 737 Max,https://valor.globo.com/empresas/noticia/2019/12/23/boeing-nomeia-novo-diretor-presidente-em-meio-crise-dos-avies-737-max.ghtml,2019-12-23,valor,crise financeira
Que tipo de profissional vai ser mais procurado no ano que vem,https://valor.globo.com/carreira/noticia/2019/12/23/que-tipo-de-profissional-vai-ser-mais-procurado-no-ano-que-vem.ghtml,2019-12-23,valor,crise econômica
‘Mercado de capitais mais ativo beneficia bancos’,https://valor.globo.com/financas/noticia/2019/12/23/mercado-de-capitais-mais-ativo-beneficia-bancos.ghtml,2019-12-23,valor,crise econômica
Receita e lucro dos maiores grupos brasileiros cresceram em 2018,https://valor.globo.com/empresas/noticia/2019/12/23/receita-e-lucro-dos-maiores-grupos-brasileiros-cresceu-em-2018.ghtml,2019-12-23,valor,crise econômica
"No último pregão antes do Natal, Ibovespa oscila e dólar cai",https://valor.globo.com/financas/noticia/2019/12/23/no-ultimo-pregao-antes-do-natal-ibovespa-oscila-e-dolar-cai.ghtml,2019-12-23,valor,recessão brasil
Bolsas europeias fecham sem direção única com pouco giro antes do Natal,https://valor.globo.com/financas/noticia/2019/12/23/bolsas-europeias-fecham-sem-direcao-unica-com-pouco-giro-antes-do-natal.ghtml,2019-12-23,valor,ibovespa
BC quer manter saques durante período de recuperação de bancos,https://valor.globo.com/financas/noticia/2019/12/23/bc-quer-manter-saques-durante-periodo-de-recuperacao-de-bancos.ghtml,2019-12-23,valor,crise financeira
Dólar comercial opera em leve queda às vésperas de feriado,https://valor.globo.com/financas/noticia/2019/12/23/dlar-comercial-opera-em-leve-queda-s-vsperas-de-feriado.ghtml,2019-12-23,valor,ibovespa
Pontuação do Ibovespa bate recorde,https://valor.globo.com/impresso/noticia/2019/12/23/pontuacao-do-ibovespa-bate-recorde.ghtml,2019-12-23,valor,ibovespa
"Bolsas de NY operam em alta, estendendo rali antes do Natal",https://valor.globo.com/financas/noticia/2019/12/23/bolsas-de-ny-operam-em-alta-estendendo-rali-antes-do-natal.ghtml,2019-12-23,valor,ibovespa
Boeing fecha em alta em Nova York com troca de CEO,https://valor.globo.com/empresas/noticia/2019/12/23/boeing-fecha-em-alta-em-nova-york-com-troca-de-ceo.ghtml,2019-12-23,valor,crise financeira
"‘Não espero mudanças na política monetária’, diz Martin Wolf",https://valor.globo.com/financas/noticia/2019/12/25/nao-espero-mudancas-na-politica-monetaria-diz-martin-wolf.ghtml,2019-12-25,valor,recessão brasil
Bancos públicos poderão ser liquidados,https://valor.globo.com/financas/noticia/2019/12/25/bancos-publicos-poderao-ser-liquidados.ghtml,2019-12-25,valor,crise financeira
Bolsas de NY batem recordes com otimismo sobre acordo EUA-China e consumo,https://valor.globo.com/financas/noticia/2019/12/26/bolsas-de-ny-batem-recordes-com-otimismo-sobre-acordo-eua-china-e-consumo.ghtml,2019-12-26,valor,bolsa valores
‘Não espero mudanças na política monetária’,https://valor.globo.com/financas/noticia/2019/12/26/nao-espero-mudancas-na-politica-monetaria.ghtml,2019-12-26,valor,recessão brasil
"“Crescimento pode favorecer projeto autoritário de Bolsonaro”, diz Sergio Fausto",https://valor.globo.com/politica/noticia/2019/12/26/crescimento-pode-favorecer-projeto-autoritario-de-bolsonaro-diz-sergio-fausto.ghtml,2019-12-26,valor,recessão brasil
"Crescimento de vendas no Natal é o maior desde 2014, diz Alshop",https://valor.globo.com/empresas/noticia/2019/12/26/crescimento-de-vendas-no-natal-o-maior-desde-2014-diz-alshop.ghtml,2019-12-26,valor,crise econômica
Ibovespa bate 117 mil pontos com otimismo no exterior,https://valor.globo.com/financas/noticia/2019/12/26/ibovespa-bate-117-mil-pontos-com-otimismo-no-exterior.ghtml,2019-12-26,valor,ibovespa
Ibovespa bate novo recorde com  vendas no Natal e dólar opera em baixa,https://valor.globo.com/financas/noticia/2019/12/26/ibovespa-bate-novo-recorde-com-vendas-no-natal-e-dolar-opera-em-baixa.ghtml,2019-12-26,valor,ibovespa
"Aposta de Witzel no Rio, juíza é criticada por orientação religiosa",https://valor.globo.com/politica/noticia/2019/12/26/aposta-de-witzel-a-prefeitura-do-rio-juiza-e-criticada-por-orientacao-religiosa.ghtml,2019-12-26,valor,bolsa valores
Número de agentes autônomos cresce 52% em 2019,https://valor.globo.com/financas/noticia/2019/12/26/numero-de-agentes-autonomos-cresce-52-em-2019.ghtml,2019-12-26,valor,bolsa valores
Valor de mercado do J.P. Morgan triplica desde 2008,https://valor.globo.com/financas/noticia/2019/12/26/valor-de-mercado-do-j-p-morgan-triplica-desde-2008.ghtml,2019-12-26,valor,crise financeira
Grupo irlandês CRH põe à venda o negócio de cimento no Brasil,https://valor.globo.com/empresas/noticia/2019/12/26/grupo-irlandes-crh-poe-a-venda-o-negocio-de-cimento-no-brasil.ghtml,2019-12-26,valor,crise financeira
Bolsas de Nova York superam máximas históricas na volta do Natal,https://valor.globo.com/financas/noticia/2019/12/26/bolsas-de-nova-york-superam-maximas-historicas-na-volta-do-natal.ghtml,2019-12-26,valor,bolsa valores
Rali de fim de ano ganha fôlego e bolsa bate recorde,https://valor.globo.com/impresso/noticia/2019/12/27/rali-de-fim-de-ano-ganha-folego-e-bolsa-bate-recorde.ghtml,2019-12-27,valor,ibovespa
Ibovespa recua em movimento de ajuste e dólar segue em baixa,https://valor.globo.com/financas/noticia/2019/12/27/ibovespa-recua-em-movimento-de-ajuste-e-dolar-segue-em-baixa.ghtml,2019-12-27,valor,ibovespa
"Dow Jones e S&P 500 batem recorde, mas Nasdaq tem leve queda",https://valor.globo.com/financas/noticia/2019/12/27/dow-jones-e-sandp-500-batem-recorde-mas-nasdaq-tem-leve-queda.ghtml,2019-12-27,valor,bolsa valores
CVM propõe novas regras para concorrência em mercado de valores mobiliários,https://valor.globo.com/financas/noticia/2019/12/27/cvm-propoe-novas-regras-para-concorrencia-em-mercado-de-valores-mobiliarios.ghtml,2019-12-27,valor,bolsa valores
Nasdaq alcança os 9 mil pontos pela 1ª vez,https://valor.globo.com/financas/noticia/2019/12/27/nasdaq-alcanca-os-9-mil-pontos-pela-1a-vez.ghtml,2019-12-27,valor,bolsa valores
"Aposta de Witzel à Prefeitura do Rio, juíza é criticada por orientação religiosa",https://valor.globo.com/politica/noticia/2019/12/27/aposta-de-witzel-a-prefeitura-do-rio-juiza-e-criticada-por-orientacao-religiosa.ghtml,2019-12-27,valor,bolsa valores
Dólar fecha em queda seguindo exterior favorável,https://valor.globo.com/financas/noticia/2019/12/27/dolar-fecha-em-queda-seguindo-exterior-favoravel.ghtml,2019-12-27,valor,ibovespa
"Economista vê sinais positivos na Argentina, mas teme retrocesso",https://valor.globo.com/mundo/noticia/2019/12/27/economista-ve-sinais-positivos-na-argentina-mas-teme-retrocesso.ghtml,2019-12-27,valor,crise financeira
Analistas projetam superávit comercial de US$ 37 bi em 2020,https://valor.globo.com/brasil/noticia/2019/12/27/analistas-projetam-superavit-comercial-de-us-37-bi-em-2020.ghtml,2019-12-27,valor,recessão brasil
Ibovespa passa por ajuste pontual e fecha em queda,https://valor.globo.com/financas/noticia/2019/12/27/ibovespa-passa-por-ajuste-pontual-e-fecha-em-queda.ghtml,2019-12-27,valor,ibovespa
"Fintechs brasileiras atuam mais em meios de pagamentos, diz pesquisa",https://valor.globo.com/financas/noticia/2019/12/27/fintechs-brasileiras-atuam-mais-em-meios-de-pagamentos-diz-pesquisa.ghtml,2019-12-27,valor,crise financeira
Boeing perde assessor jurídico do caso Max,https://valor.globo.com/empresas/noticia/2019/12/27/boeing-perde-assessor-juridico-do-caso-max.ghtml,2019-12-27,valor,crise financeira
Honda eleva produção sem perder a prudência,https://valor.globo.com/empresas/noticia/2019/12/27/honda-eleva-producao-sem-perder-a-prudencia.ghtml,2019-12-27,valor,crise financeira
"‘Novo petróleo’, atividade turística no Rio sofre retração",https://valor.globo.com/brasil/noticia/2019/12/27/novo-petroleo-atividade-turistica-no-rio-sofre-retracao.ghtml,2019-12-27,valor,crise financeira
Empresa muda estratégia para atrair mais público para shows e congressos,https://valor.globo.com/brasil/noticia/2019/12/27/empresa-muda-estrategia-para-atrair-mais-publico-para-shows-e-congressos.ghtml,2019-12-27,valor,crise financeira
Saneamento descentralizado será pauta de Bancada Ativista em 2020,https://valor.globo.com/politica/noticia/2019/12/28/saneamento-descentralizado-ser-pauta-de-bancada-ativista-em-2020.ghtml,2019-12-28,valor,crise financeira
Bancos globais estão a caminho do maior número de demissões desde 2015,https://valor.globo.com/financas/noticia/2019/12/28/bancos-globais-estao-a-caminho-do-maior-numero-de-demissoes-desde-2015.ghtml,2019-12-28,valor,crise financeira
Efeito China valoriza ações do agronegócio em 86%,https://valor.globo.com/agronegocios/noticia/2019/12/29/efeito-china-valoriza-acoes-do-agronegocio-em-86percent.ghtml,2019-12-29,valor,ibovespa
"Nos EUA, ano de 2019 foi de decepção com os IPOs",https://valor.globo.com/financas/noticia/2019/12/29/nos-eua-ano-de-2019-foi-de-decepcao-com-os-ipos.ghtml,2019-12-29,valor,bolsa valores
"Nos EUA, ano foi de decepção com os IPOs",https://valor.globo.com/financas/noticia/2019/12/30/nos-eua-ano-foi-de-decepcao-com-os-ipos.ghtml,2019-12-30,valor,bolsa valores
Efeito China valoriza ações do agronegócio em 86%,https://valor.globo.com/impresso/noticia/2019/12/30/efeito-china-valoriza-acoes-do-agronegocio-em-86.ghtml,2019-12-30,valor,ibovespa
"Ibovespa tem leve queda em dia de baixa liquidez e dólar ronda R$ 4,02",https://valor.globo.com/financas/noticia/2019/12/30/ibovespa-tem-leve-queda-em-dia-de-baixa-liquidez-e-dolar-ronda-r-402.ghtml,2019-12-30,valor,ibovespa
Índice imobiliário rende 70% no ano e lidera aplicações; veja relação,https://valor.globo.com/financas/noticia/2019/12/30/indice-imobiliario-rende-70percent-no-ano-e-lidera-aplicacoes-veja-relacao.ghtml,2019-12-30,valor,ibovespa
Convívio de canais de TV e 5G será fixado em portaria,https://valor.globo.com/empresas/noticia/2019/12/30/convivio-de-canais-de-tv-e-5g-sera-fixado-em-portaria.ghtml,2019-12-30,valor,bolsa valores
"Com reputação intacta, Chile quer atrair investidor estrangeiro",https://valor.globo.com/mundo/noticia/2019/12/30/com-reputacao-intacta-chile-quer-atrair-investidor-estrangeiro.ghtml,2019-12-30,valor,crise econômica
Crise na Oi influenciou piora financeira da Liq Participações,https://valor.globo.com/empresas/noticia/2019/12/30/crise-na-oi-influenciou-piora-financeira-da-liq-participaes.ghtml,2019-12-30,valor,crise financeira
Como ter mais garantias para os profissionais da “gig economy”,https://valor.globo.com/carreira/noticia/2019/12/30/como-ter-mais-garantias-para-os-profissionais-da-gig-economy.ghtml,2019-12-30,valor,crise financeira
Investidores fugiram da Nissan e da Renault bem antes da fuga de Ghosn,https://valor.globo.com/empresas/noticia/2019/12/31/investidores-fugiram-da-nissan-e-da-renault-bem-antes-da-fuga-de-ghosn.ghtml,2019-12-31,valor,crise financeira
"Índice de preços de moradias dos EUA sobe 0,1% em outubro ante setembro",https://valor.globo.com/financas/noticia/2019/12/31/indice-de-precos-de-moradias-dos-eua-sobe-01percent-em-outubro-ante-setembro.ghtml,2019-12-31,valor,crise financeira
Bolsas globais consolidam fortes ganhos em 2019,https://valor.globo.com/financas/noticia/2019/12/31/bolsas-globais-consolidam-fortes-ganhos-em-2019.ghtml,2019-12-31,valor,ibovespa
"Bolsas de NY sobem mais de 20%, um dos melhores desempenhos nos últimos 10 anos",https://valor.globo.com/financas/noticia/2019/12/31/bolsas-de-ny-sobem-mais-de-20percent-um-dos-melhores-desempenhos-nos-ultimos-10-anos.ghtml,2019-12-31,valor,ibovespa
"Bancos foram ‘muro de contenção’ durante pandemia, diz Febraban",https://valor.globo.com/financas/noticia/2020/12/07/bancos-foram-muro-de-contencao-durante-pandemia-diz-febraban.ghtml,2020-12-07,valor,recessão brasil
‘Condições financeiras são mais importantes que expansão fiscal’,https://valor.globo.com/brasil/noticia/2020/12/10/condicoes-financeiras-sao-mais-importantes-que-expansao-fiscal.ghtml,2020-12-10,valor,recessão brasil
"Para ex-diretor do Banco Mundial, a ganância está condenada à morte",https://valor.globo.com/eu-e/noticia/2020/12/11/para-ex-diretor-do-banco-mundial-a-ganancia-esta-condenada-a-morte.ghtml,2020-12-11,valor,recessão brasil
Lara Resende: Por que Summers e Bernanke agora defendem política fiscal expansionista,https://valor.globo.com/eu-e/noticia/2020/12/11/lara-resende-por-que-summers-e-bernanke-agora-defendem-politica-fiscal-expansionista.ghtml,2020-12-11,valor,recessão brasil
"Combate à pandemia custou R$ 599,5 bi até agora, diz Guedes",https://valor.globo.com/brasil/noticia/2020/12/11/combate-a-pandemia-custou-r-5995-bi-ate-agora-diz-guedes.ghtml,2020-12-11,valor,recessão brasil
PIB per capita ruma para pior resultado em mais de um século,https://valor.globo.com/brasil/noticia/2020/12/15/pib-per-capita-ruma-para-pior-resultado-em-mais-de-um-seculo.ghtml,2020-12-15,valor,recessão brasil
OCDE: Brasil precisa de reformas estruturais e alta na produtividade para reativar economia,https://valor.globo.com/brasil/noticia/2020/12/16/ocde-brasil-precisa-de-reformas-estruturais-e-alta-na-produtividade-para-reativar-economia.ghtml,2020-12-16,valor,recessão brasil
"OCDE projeta queda de 5% para PIB do Brasil neste ano e avanço de 2,6% em 2021",https://valor.globo.com/brasil/noticia/2020/12/16/ocde-projeta-queda-de-5percent-para-pib-do-brasil-neste-ano-e-avanco-de-26percent-em-2021.ghtml,2020-12-16,valor,recessão brasil
"Cepal reduz para 7,7% previsão de queda do PIB da América Latina e Caribe em 2020",https://valor.globo.com/mundo/noticia/2020/12/16/cepal-reduz-para-77-pontos-percentuais-previso-de-queda-do-pib-da-amrica-latina-e-caribe-em-2020.ghtml,2020-12-16,valor,recessão brasil
"Brasil deve acelerar Bolsa Família e aumentar benefícios, sugere OCDE",https://valor.globo.com/brasil/noticia/2020/12/17/brasil-deve-acelerar-bolsa-familia-e-aumentar-beneficios-sugere-ocde.ghtml,2020-12-17,valor,recessão brasil
Empresas do agronegócio ficam fora da onda de IPOs,https://valor.globo.com/agronegocios/noticia/2020/12/21/empresas-do-agronegocio-ficam-fora-da-onda-de-ipos.ghtml,2020-12-21,valor,ibovespa
Empresas do agronegócio ficam fora da onda de IPOs,https://valor.globo.com/agronegocios/noticia/2020/12/22/empresas-do-agronegocio-ficam-fora-da-onda-de-ipos.ghtml,2020-12-22,valor,ibovespa
Dólar sobe com risco fiscal e exterior,https://valor.globo.com/financas/noticia/2020/12/22/dolar-sobe-com-risco-fiscal-e-exterior.ghtml,2020-12-22,valor,ibovespa
Euforia da bolsa não atraiu o agronegócio,https://valor.globo.com/impresso/noticia/2020/12/22/euforia-da-bolsa-nao-atraiu-o-agronegocio.ghtml,2020-12-22,valor,ibovespa
Vendas para mercado argentino voltam a ganhar força,https://valor.globo.com/brasil/noticia/2020/12/22/vendas-para-mercado-argentino-voltam-a-ganhar-forca.ghtml,2020-12-22,valor,recessão brasil
Líderes de finanças focam resultados e busca por eficiência,https://valor.globo.com/patrocinado/deloitte/impacting-the-future/noticia/2020/12/22/lideres-de-financas-focam-resultados-e-busca-por-eficiencia.ghtml,2020-12-22,valor,recessão brasil
Ibovespa se aproxima de 118 mil pontos com bancos e Petrobras,https://valor.globo.com/financas/noticia/2020/12/23/ibovespa-fecha-em-alta-de-1percent-aos-117807-pontos.ghtml,2020-12-23,valor,ibovespa
"IOF, CPMF e retração",https://valor.globo.com/legislacao/noticia/2020/12/23/iof-cpmf-e-retracao.ghtml,2020-12-23,valor,recessão brasil
Exterior ajuda e Ibovespa volta a se aproximar de máxima histórica,https://valor.globo.com/financas/noticia/2020/12/28/exterior-ajuda-e-ibovespa-volta-a-se-aproximar-de-maxima-historica.ghtml,2020-12-28,valor,ibovespa
"Com ajuda do exterior, Ibovespa volta a tocar os 119 mil pontos",https://valor.globo.com/financas/noticia/2020/12/28/cenario-positivo-no-exterior-ajuda-ibovespa-dolar-opera-em-alta.ghtml,2020-12-28,valor,ibovespa
Cheque especial ‘encolhe’ 24% em um ano,https://valor.globo.com/financas/noticia/2020/12/29/cheque-especial-encolhe-24-em-um-ano.ghtml,2020-12-29,valor,crise financeira
Auxílio emergencial termina nesta terça em meio à segunda onda de covid-19,https://valor.globo.com/brasil/noticia/2020/12/29/auxilio-emergencial-termina-nesta-terca-em-meio-a-segunda-onda-de-covid-19.ghtml,2020-12-29,valor,bolsa valores
Linha de liquidez do BC chega ao fim,https://valor.globo.com/financas/noticia/2020/12/29/linha-de-liquidez-do-bc-chega-ao-fim.ghtml,2020-12-29,valor,crise financeira
"IGP-M sobe 0,96% em dezembro e fecha 2020 com alta de 23,14%",https://valor.globo.com/brasil/noticia/2020/12/29/igp-m-sobe-096percent-em-dezembro-e-fecha-2020-com-alta-de-2314percent.ghtml,2020-12-29,valor,bolsa valores
Setor busca reequilíbrio financeiro por perdas na pandemia,https://valor.globo.com/empresas/noticia/2020/12/29/setor-busca-reequilibrio-financeiro-por-perdas-na-pandemia.ghtml,2020-12-29,valor,crise financeira
Poupança deve terminar o ano com estoque acima de R$ 1 trilhão pela primeira vez,https://valor.globo.com/financas/noticia/2020/12/29/poupanca-deve-terminar-o-ano-com-estoque-acima-de-r-1-trilhao-pela-primeira-vez.ghtml,2020-12-29,valor,crise financeira
Investidor tem diferentes pontos para estar atento durante 2021,https://valor.globo.com/financas/noticia/2020/12/29/investidor-tem-diferentes-pontos-para-estar-atento-durante-2021.ghtml,2020-12-29,valor,crise financeira
Setor de seguros deve ter importante mudança com programa de inovação,https://valor.globo.com/financas/noticia/2020/12/29/setor-de-seguros-deve-ter-importante-mudanca-com-programa-de-inovacao.ghtml,2020-12-29,valor,bolsa valores
Turismo global encerra 2020 com uma perda dez vezes maior que a crise de 2009,https://valor.globo.com/mundo/noticia/2020/12/29/turismo-global-encerra-2020-com-uma-perda-dez-vezes-maior-que-a-crise-de-2009.ghtml,2020-12-29,valor,crise financeira
"Desemprego fica em 14,3% no trimestre até outubro e atinge 14,1 milhões de pessoas, mostra IBGE",https://valor.globo.com/brasil/noticia/2020/12/29/ibge-taxa-de-desemprego-fica-em-143percent-no-trimestre-ate-outubro.ghtml,2020-12-29,valor,crise financeira
"Para presidente da Caixa, fim do auxílio não terá impacto relevante na economia",https://valor.globo.com/brasil/noticia/2020/12/29/para-presidente-da-caixa-fim-do-auxilio-nao-tera-impacto-relevante-na-economia.ghtml,2020-12-29,valor,bolsa valores
"Ibovespa renova máxima histórica, mas cede a realização de lucros",https://valor.globo.com/financas/noticia/2020/12/29/ibovespa-supera-1197-mil-pontos-e-renova-recorde-intradirio.ghtml,2020-12-29,valor,ibovespa
"Cercado por Japão e França, Ghosn mantém a agenda lotada no Líbano",https://valor.globo.com/mundo/noticia/2020/12/29/cercado-por-japo-e-frana-ghosn-mantm-a-agenda-lotada-no-lbano.ghtml,2020-12-29,valor,crise financeira
"Em nova alta, Bolsa se aproxima de recorde histórico",https://valor.globo.com/patrocinado/investe-safra/noticia/2020/12/29/morning-call-safra-em-nova-alta-bolsa-se-aproxima-de-recorde-historico.ghtml,2020-12-29,valor,ibovespa
Ibovespa encerra em alta e pode prosseguir rali em janeiro,https://valor.globo.com/financas/noticia/2020/12/29/ibovespa-encerra-em-alta-e-fica-a-18-pontos-do-recorde-de-fechamento.ghtml,2020-12-29,valor,ibovespa
Ibovespa volta a subir e fecha próximo à máxima histórica,https://valor.globo.com/financas/noticia/2020/12/29/ibovespa-volta-a-subir-e-fecha-proximo-a-maxima-historica.ghtml,2020-12-29,valor,ibovespa
Investimento em inovação deve ser prioridade,https://valor.globo.com/patrocinado/santander/cidadao-global/noticia/2020/12/30/investimento-em-inovacao-deve-ser-prioridade.ghtml,2020-12-30,valor,crise econômica
Trabalhador tem até esta quinta para sacar FGTS emergencial,https://valor.globo.com/brasil/noticia/2020/12/30/trabalhador-tem-ate-esta-quinta-para-sacar-fgts-emergencial.ghtml,2020-12-30,valor,crise econômica
"Do ponto de vista fiscal, encerramos aqui a calamidade, diz Guaranys",https://valor.globo.com/brasil/noticia/2020/12/30/do-ponto-de-vista-fiscal-encerramos-aqui-a-calamidade-diz-guaranys.ghtml,2020-12-30,valor,crise econômica
Analistas projetam Ibovespa acima de 130 mil pontos,https://valor.globo.com/financas/noticia/2020/12/30/analistas-projetam-ibovespa-acima-de-130-mil-pontos.ghtml,2020-12-30,valor,crise econômica
Tesouro projeta déficit menor que o previsto para 2020,https://valor.globo.com/brasil/noticia/2020/12/30/tesouro-projeta-deficit-menor-que-o-previsto-para-2020.ghtml,2020-12-30,valor,crise econômica
"Estado do Rio concede parcelamento de ICMS, prorroga incentivos e suspende processos",https://valor.globo.com/legislacao/noticia/2020/12/30/estado-do-rio-concede-parcelamento-de-icms-prorroga-incentivos-e-suspende-processos.ghtml,2020-12-30,valor,crise econômica
Turismo internacional sofre contração de até 75% por causa da covid,https://valor.globo.com/mundo/noticia/2020/12/30/turismo-internacional-sofre-contracao-de-ate-75-por-causa-da-covid.ghtml,2020-12-30,valor,crise financeira
"Desemprego fica em 14,3%, atingindo 14,1 milhões de pessoas",https://valor.globo.com/brasil/noticia/2020/12/30/desemprego-fica-em-143-atingindo-141-milhoes-de-pessoas.ghtml,2020-12-30,valor,crise financeira
Mundo perdeu 1 bilhão de turistas no ano,https://valor.globo.com/impresso/noticia/2020/12/30/mundo-perdeu-1-bilhao-de-turistas-no-ano.ghtml,2020-12-30,valor,crise financeira
"Com vacina, Europa pode crescer 4,3% em 2021",https://valor.globo.com/mundo/noticia/2020/12/30/com-vacina-europa-pode-crescer-43-em-2021.ghtml,2020-12-30,valor,crise financeira
Governadores aguardam para hoje edição de MP para estender calamidade e agilizar registro de vacinas,https://valor.globo.com/politica/noticia/2020/12/30/governadores-aguardam-para-hoje-edio-de-mp-para-estender-calamidade-e-agilizar-registro-de-vacinas.ghtml,2020-12-30,valor,crise financeira
Prefeitos terão mais caixa livre no começo do governo,https://valor.globo.com/politica/noticia/2020/12/30/prefeitos-terao-mais-caixa-livre-no-comeco-do-governo.ghtml,2020-12-30,valor,crise financeira
Rali mostra disposição do investidor para risco,https://valor.globo.com/financas/noticia/2020/12/30/rali-mostra-disposicao-do-investidor-para-risco.ghtml,2020-12-30,valor,crise financeira
Linha de liquidez do BC chega ao fim,https://valor.globo.com/financas/noticia/2020/12/30/linha-de-liquidez-do-bc-chega-ao-fim.ghtml,2020-12-30,valor,crise financeira
Fracasso no combate a Covid foi fatal para Crivella,https://valor.globo.com/politica/noticia/2020/12/30/fracasso-no-combate-a-covid-foi-fatal-para-crivella.ghtml,2020-12-30,valor,crise financeira
Cenário de longo prazo carrega incertezas e exige cautela de grandes grupos,https://valor.globo.com/grandes-grupos/noticia/2020/12/30/cenario-de-longo-prazo-carrega-incertezas-e-exige-cautela-de-grandes-grupos.ghtml,2020-12-30,valor,crise financeira
Rali da bolsa realça ganhos nas apostas de alto risco,https://valor.globo.com/impresso/noticia/2020/12/30/rali-da-bolsa-realca-ganhos-nas-apostas-de-alto-risco.ghtml,2020-12-30,valor,ibovespa
Ação sensível à retomada da economia deve se destacar,https://valor.globo.com/financas/noticia/2020/12/30/acao-sensivel-a-retomada-da-economia-deve-se-destacar.ghtml,2020-12-30,valor,ibovespa
"Em meio a polêmica por festa, Neymar viaja para SC e patrocinadores se calam",https://valor.globo.com/empresas/noticia/2020/12/30/em-meio-a-polemica-por-festa-neymar-viaja-para-sc-e-patrocinadores-se-calam.ghtml,2020-12-30,valor,bolsa valores
Commodities: Soja sobe e fecha acima de US$ 13 pela primeira vez desde 2014,https://valor.globo.com/agronegocios/noticia/2020/12/30/commodities-soja-sobe-e-fecha-acima-de-us-13-pela-primeira-vez-desde-2014.ghtml,2020-12-30,valor,bolsa valores
Ouro fecha em alta com desvalorização do dólar,https://valor.globo.com/financas/noticia/2020/12/30/ouro-fecha-em-alta-com-desvalorizao-do-dlar.ghtml,2020-12-30,valor,bolsa valores
Maioria das bolsas da Ásia fecha em alta mesmo com sessão morna em Wall Street,https://valor.globo.com/financas/noticia/2020/12/30/maioria-das-bolsas-da-sia-fecha-em-alta-mesmo-com-sesso-morna-em-wall-street.ghtml,2020-12-30,valor,bolsa valores
Leia as manchetes desta quarta-feira dos principais jornais brasileiros,https://valor.globo.com/brasil/noticia/2020/12/30/leia-as-manchetes-desta-quarta-feira-dos-principais-jornais-brasileiros.ghtml,2020-12-30,valor,bolsa valores
"Retomada compensa término do auxílio, afirma Guimarães",https://valor.globo.com/brasil/noticia/2020/12/30/retomada-compensa-termino-do-auxilio-afirma-guimaraes.ghtml,2020-12-30,valor,bolsa valores
Ações lideram buscas do aplicador em plataforma,https://valor.globo.com/financas/noticia/2020/12/30/acoes-lideram-buscas-do-aplicador-em-plataforma.ghtml,2020-12-30,valor,bolsa valores
Ibovespa tem pior desempenho em dólar em 2020 entre emergentes,https://valor.globo.com/financas/noticia/2020/12/30/ibovespa-tem-pior-desempenho-em-dolar-em-2020-entre-emergentes.ghtml,2020-12-30,valor,ibovespa
Vendas de shoppings caem 12% na temporada do Natal,https://valor.globo.com/empresas/noticia/2020/12/30/vendas-de-shoppings-caem-12-na-temporada-do-natal.ghtml,2020-12-30,valor,bolsa valores
"Ibovespa não alcança recorde, mas sobe 2,92% no ano",https://valor.globo.com/financas/noticia/2020/12/30/ibovespa-nao-alcanca-recorde-mas-sobe-292percent-no-ano.ghtml,2020-12-30,valor,ibovespa
Bolsonaro prorroga validade de regras especiais de reembolso de passagens aéreas,https://valor.globo.com/politica/noticia/2020/12/31/bolsonaro-prorroga-validade-de-regras-especiais-de-reembolso-de-passagens-areas.ghtml,2020-12-31,valor,crise econômica
Merkel diz que 2020 foi ano mais difícil desde que se tornou premiê,https://valor.globo.com/mundo/noticia/2020/12/31/merkel-diz-que-2020-foi-ano-mais-difcil-desde-que-se-tornou-premi.ghtml,2020-12-31,valor,crise econômica
"McDonald’s se transforma em S.A. no Brasil para emitir dívida em reais, diz fonte",https://valor.globo.com/empresas/noticia/2020/12/31/mcdonalds-se-transforma-em-sa-no-brasil-para-emitir-dvida-em-reais-diz-fonte.ghtml,2020-12-31,valor,bolsa valores
Bolsas da China fecham última sessão do ano em alta com dados positivos da indústria,https://valor.globo.com/financas/noticia/2020/12/31/bolsas-da-china-fecham-ltima-sesso-do-ano-em-alta-com-dados-positivos-do-setor-industrial.ghtml,2020-12-31,valor,crise financeira
Análise/FT: Governo Biden tem a missão de revitalizar o comércio internacional,https://valor.globo.com/mundo/noticia/2020/12/31/anliseft-governo-biden-tem-a-misso-de-revitalizar-o-comrcio-internacional.ghtml,2020-12-31,valor,crise financeira
"Paulo Guedes critica FMI e manda recado a Ilan Goldfajn, ex-presidente do Banco Central",https://valor.globo.com/brasil/noticia/2021/12/15/paulo-guedes-critica-fmi-e-manda-recado-a-ilan-goldfajn-ex-presidente-do-banco-central.ghtml,2021-12-15,valor,recessão brasil
Como a recessão técnica do Brasil afeta seu bolso,https://valor.globo.com/patrocinado/inteligencia-financeira/noticia/2021/12/15/recessao-tecnica-brasil-seu-bolso.ghtml,2021-12-15,valor,recessão brasil
Guedes critica Ilan Goldfajn e dispensa missão do FMI,https://valor.globo.com/brasil/noticia/2021/12/16/guedes-critica-ilan-goldfajn-e-dispensa-missao-do-fmi.ghtml,2021-12-16,valor,recessão brasil
"É preciso 'desfakezar' previsões sobre economia e PIB, diz Guedes: 'Erram muito'",https://valor.globo.com/brasil/noticia/2021/12/16/e-preciso-desfakezar-previsoes-sobre-economia-e-pib-diz-guedes-erram-muito.ghtml,2021-12-16,valor,recessão brasil
Maria Cristina Fernandes: Sergio Moro e seus mitos americanos,https://valor.globo.com/eu-e/noticia/2021/12/17/maria-cristina-fernandes-sergio-moro-e-seus-mitos-americanos.ghtml,2021-12-17,valor,recessão brasil
Ministro tenta minimizar projeções ruins e fala em ‘desfakezar’ dados,https://valor.globo.com/brasil/noticia/2021/12/17/ministro-tenta-minimizar-projecoes-ruins-e-fala-em-desfakezar-dados.ghtml,2021-12-17,valor,recessão brasil
Citi: Mercado poderá se alinhar com qualquer candidato que se comprometa com âncora fiscal,https://valor.globo.com/brasil/noticia/2021/12/17/citi-mercado-podera-se-alinhar-com-qualquer-candidato-que-se-comprometa-com-ancora-fiscal.ghtml,2021-12-17,valor,recessão brasil
BC deixa ociosidade de lado em cálculo de juro,https://valor.globo.com/brasil/noticia/2021/12/20/bc-deixa-ociosidade-de-lado-em-calculo-de-juro.ghtml,2021-12-20,valor,recessão brasil
Cartórios questionam projeto sobre garantias,https://valor.globo.com/financas/noticia/2021/12/20/cartorios-questionam-projeto-sobre-garantias.ghtml,2021-12-20,valor,recessão brasil
‘Bolsa não tem catalisador para rali de curto prazo’,https://valor.globo.com/financas/noticia/2021/12/21/bolsa-nao-tem-catalisador-para-rali-de-curto-prazo.ghtml,2021-12-21,valor,recessão brasil
Metodologia do Procel deverá ser atualizada,https://valor.globo.com/publicacoes/suplementos/noticia/2021/12/21/metodologia-do-procel-devera-ser-atualizada.ghtml,2021-12-21,valor,recessão brasil
Incorporadoras  terão menos espaço para lançamentos e vendas em 2022,https://valor.globo.com/empresas/noticia/2021/12/26/incorporadoras-terao-menos-espaco-para-lancamentos-e-vendas-em-2022.ghtml,2021-12-26,valor,recessão brasil
"Polarização eleva os riscos de crise fiscal, diz Eichengreen",https://valor.globo.com/brasil/noticia/2021/12/27/polarizacao-eleva-os-riscos-de-crise-fiscal-diz-eichengreen.ghtml,2021-12-27,valor,recessão brasil
Incorporadoras terão menos espaço para lançamentos e vendas em 2022,https://valor.globo.com/empresas/noticia/2021/12/27/incorporadoras-terao-menos-espaco-para-lancamentos-e-vendas-em-2022.ghtml,2021-12-27,valor,recessão brasil
Futuro incerto molda cenário de paralisia,https://valor.globo.com/empresas/noticia/2021/12/27/futuro-incerto-molda-cenario-de-paralisia.ghtml,2021-12-27,valor,recessão brasil
"Ministério da Defesa usa verba da covid em filé mignon e picanha, diz TCU",https://valor.globo.com/brasil/noticia/2021/12/27/ministerio-da-defesa-usa-verba-da-covid-em-file-mignon-e-picanha-diz-tcu.ghtml,2021-12-27,valor,crise financeira
Queda na renda e inflação preocupam a indústria,https://valor.globo.com/empresas/noticia/2021/12/27/queda-na-renda-e-inflacao-preocupam-a-industria.ghtml,2021-12-27,valor,recessão brasil
"Após muitos anos de turbulências, usinas têm alívio financeiro",https://valor.globo.com/agronegocios/noticia/2021/12/28/apos-muitos-anos-de-turbulencias-usinas-tem-alivio-financeiro.ghtml,2021-12-28,valor,crise financeira
Negros têm menos crédito e pagam mais juros nos EUA,https://valor.globo.com/mundo/noticia/2021/12/28/negros-tem-menos-credito-e-pagam-mais-juros-nos-eua.ghtml,2021-12-28,valor,crise financeira
Frete volátil é nicho para fundos hedge,https://valor.globo.com/financas/noticia/2021/12/28/frete-volatil-e-nicho-para-fundos-hedge.ghtml,2021-12-28,valor,crise financeira
Traders internacionais veem ganhos para ativos de emergentes após julho de 2022,https://valor.globo.com/financas/noticia/2021/12/28/traders-internacionais-veem-ganhos-para-ativos-de-emergentes-apos-julho-de-2022.ghtml,2021-12-28,valor,crise financeira
Faturamento do setor de viagens corporativas bate 70% do pré-pandemia em novembro,https://valor.globo.com/empresas/noticia/2021/12/28/faturamento-do-setor-de-viagens-corporativas-bate-70-pontos-percentuais-do-pr-pandemia-em-novembro.ghtml,2021-12-28,valor,crise financeira
O que 2022 nos traz após o histórico ano de fusões e aquisições,https://valor.globo.com/empresas/noticia/2021/12/28/o-que-2022-nos-traz-apos-o-historico-ano-de-fusoes-e-aquisicoes.ghtml,2021-12-28,valor,crise financeira
ITA fecha compromisso com Procon-SP para reembolsar consumidores,https://valor.globo.com/empresas/noticia/2021/12/28/ita-fecha-compromisso-com-procon-sp-para-reembolsar-consumidores.ghtml,2021-12-28,valor,crise financeira
Ibovespa não sustenta duas altas seguidas e fecha em queda puxada por commodities,https://valor.globo.com/financas/noticia/2021/12/28/ibovespa-nao-sustenta-duas-altas-seguidas-e-fecha-em-queda-puxada-por-commodities.ghtml,2021-12-28,valor,ibovespa
China mira medidas proativas para estabilizar economia em 2022,https://valor.globo.com/mundo/noticia/2021/12/28/china-mira-medidas-proativas-para-estabilizar-economia-em-2022.ghtml,2021-12-28,valor,crise financeira
Magnatas da tecnologia na China perdem US$ 80 bilhões da riqueza em 2021,https://valor.globo.com/mundo/noticia/2021/12/29/magnatas-da-tecnologia-na-china-perdem-us-80-bilhoes-da-riqueza-em-2021.ghtml,2021-12-29,valor,bolsa valores
"EUA: Estoques de petróleo recuam 3,576 milhões de barris na semana passada",https://valor.globo.com/financas/noticia/2021/12/29/eua-estoques-de-petroleo-recuam-3576-milhoes-de-barris-na-semana-passada.ghtml,2021-12-29,valor,bolsa valores
Viagem de negócios já faz 70% do período pré-covid,https://valor.globo.com/empresas/noticia/2021/12/29/viagem-de-negocios-ja-faz-70-do-periodo-pre-covid.ghtml,2021-12-29,valor,crise financeira
China promete mais estímulos para garantir a estabilidade em 2022,https://valor.globo.com/mundo/noticia/2021/12/29/china-promete-mais-estimulos-para-garantir-a-estabilidade-em-2022.ghtml,2021-12-29,valor,crise financeira
Estudo mostra risco de insolvência de companhias no Ibovespa,https://valor.globo.com/legislacao/noticia/2021/12/29/estudo-mostra-risco-de-insolvencia-de-companhias-no-ibovespa.ghtml,2021-12-29,valor,crise financeira
Empresas negociam com credores e escapam da recuperação judicial,https://valor.globo.com/legislacao/noticia/2021/12/29/empresas-negociam-com-credores-e-escapam-da-recuperacao-judicial.ghtml,2021-12-29,valor,crise financeira
Bolsas de NY fecham mistas com recordes do Dow Jones e do S&P 500,https://valor.globo.com/financas/noticia/2021/12/29/bolsas-de-ny-fecham-mistas-com-recordes-do-dow-jones-e-do-sandp-500.ghtml,2021-12-29,valor,ibovespa
"Preço da gasolina sobe 46% em 2021 e do etanol, 56%, aponta Ticket Log",https://valor.globo.com/brasil/noticia/2021/12/29/preco-da-gasolina-sobe-46percent-em-2021-e-do-etanol-56percent-aponta-ticket-log.ghtml,2021-12-29,valor,bolsa valores
Empresas captam recorde de US$ 12 tri,https://valor.globo.com/financas/noticia/2021/12/29/empresas-captam-recorde-de-us-12-tri.ghtml,2021-12-29,valor,crise financeira
SPE diz que sistema eletrônico de registros vai ajudar no crescimento também de curto prazo,https://valor.globo.com/brasil/noticia/2021/12/29/spe-diz-que-sistema-eletrnico-de-registros-vai-ajudar-no-crescimento-tambm-de-curto-prazo.ghtml,2021-12-29,valor,crise econômica
‘Ações dos EUA vão continuar atrativas em 2022’,https://valor.globo.com/financas/noticia/2021/12/29/acoes-dos-eua-vao-continuar-atrativas-em-2022.ghtml,2021-12-29,valor,crise econômica
Retorno de multimercado ‘macro’ tem expressiva variação no ano,https://valor.globo.com/financas/noticia/2021/12/29/retorno-de-multimercado-macro-tem-expressiva-variacao-no-ano.ghtml,2021-12-29,valor,ibovespa
"Estrangeiros aportam R$ 1,2 bi na Bolsa em 27 de dezembro e superávit passa de R$ 68 bi no ano",https://valor.globo.com/financas/noticia/2021/12/29/estrangeiros-aportam-r-120-bilho-na-b3-em-2712-e-supervit-no-ano-vai-para-r-6810-bilhes.ghtml,2021-12-29,valor,ibovespa
"Em novo pregão sem liquidez, Ibovespa recua com ômicron no radar",https://valor.globo.com/financas/noticia/2021/12/29/com-volume-de-negocios-reduzido-ibovespa-oscila-no-penultimo-pregao-do-ano.ghtml,2021-12-29,valor,ibovespa
"B3 divulga 3ª prévia do Ibovespa com Positivo, CSN Mineração e 3R Petroleum",https://valor.globo.com/financas/noticia/2021/12/29/b3-divulga-terceira-prvia-do-ibovespa-com-positivo-on-csn-minerao-on-e-3r-petroleum-on.ghtml,2021-12-29,valor,ibovespa
Ibovespa volta a cair com setor aéreo castigado por ômicron,https://valor.globo.com/financas/noticia/2021/12/29/ibovespa-fecha-em-queda-de-072percent-aos-10410724-pontos.ghtml,2021-12-29,valor,ibovespa
"Análise: Juro neutro sobe desde a pandemia, diz BC",https://valor.globo.com/financas/noticia/2021/12/29/analise-juro-neutro-sobe-desde-a-pandemia-diz-bc.ghtml,2021-12-29,valor,crise econômica
FT: Libor dará um passo firme rumo ao esquecimento no dia de Ano Novo,https://valor.globo.com/financas/noticia/2021/12/29/ft-libor-dar-um-passo-firme-rumo-ao-esquecimento-no-dia-de-ano-novo.ghtml,2021-12-29,valor,crise financeira
OAB aciona STF contra ​prioridade a representantes comerciais em recuperação judicial,https://valor.globo.com/legislacao/noticia/2021/12/29/oab-aciona-stf-contra-prioridade-a-representantes-comerciais-em-recuperacao-judicial.ghtml,2021-12-29,valor,ibovespa
"2021, o ano do “dragão” nos investimentos",https://valor.globo.com/impresso/noticia/2021/12/30/2021-o-ano-do-dragao-nos-investimentos.ghtml,2021-12-30,valor,ibovespa
Inflação bate retorno das aplicações no ano,https://valor.globo.com/financas/noticia/2021/12/30/inflacao-bate-retorno-das-aplicacoes-no-ano.ghtml,2021-12-30,valor,ibovespa
Bolsa recua em dia de liquidez reduzida,https://valor.globo.com/financas/noticia/2021/12/30/bolsa-recua-em-dia-de-liquidez-reduzida.ghtml,2021-12-30,valor,ibovespa
Manhã no Mercado: Ativos passam por ajustes no último pregão do ano,https://valor.globo.com/financas/noticia/2021/12/30/manha-no-mercado-ativos-passam-por-ajustes-no-ultimo-pregao-do-ano.ghtml,2021-12-30,valor,ibovespa
Estrangeiros aportam R$ 833 milhões na Bolsa em 28 de dezembro,https://valor.globo.com/financas/noticia/2021/12/30/estrangeiros-aportam-r-833-milhoes-na-bolsa-em-28-de-dezembro.ghtml,2021-12-30,valor,ibovespa
Ibovespa acompanha exterior e avança no último pregão do ano,https://valor.globo.com/financas/noticia/2021/12/30/ibovespa-sobe-e-busca-recuperacao-pontual-no-ultimo-pregao-do-ano.ghtml,2021-12-30,valor,ibovespa
Veja quais são as principais pagadoras de dividendos e JCP em dezembro,https://valor.globo.com/empresas/noticia/2021/12/30/veja-quais-sao-as-principais-pagadoras-de-dividendos-e-jcp-em-dezembro.ghtml,2021-12-30,valor,ibovespa
Libor sai de cena após 4 anos de preparação,https://valor.globo.com/financas/noticia/2021/12/30/libor-sai-de-cena-apos-4-anos-de-preparacao.ghtml,2021-12-30,valor,crise financeira
Só aplicação em bitcoin ganhou da inflação em 2021,https://valor.globo.com/financas/noticia/2021/12/30/so-aplicacao-em-bitcoin-ganhou-da-inflacao-em-2021.ghtml,2021-12-30,valor,ibovespa
Embraed aposta em imóveis de luxo para manter crescimento,https://valor.globo.com/empresas/noticia/2021/12/30/embraed-aposta-em-imoveis-de-luxo-para-manter-crescimento.ghtml,2021-12-30,valor,crise financeira
PGFN fecha acordo bilionário com grupo em recuperação judicial,https://valor.globo.com/legislacao/noticia/2021/12/30/pgfn-fecha-acordo-bilionario-com-grupo-em-recuperacao-judicial.ghtml,2021-12-30,valor,crise econômica
"Juro neutro sobe desde o começo da pandemia, diz BC",https://valor.globo.com/financas/noticia/2021/12/30/juro-neutro-sobe-desde-o-comeco-da-pandemia-diz-bc.ghtml,2021-12-30,valor,crise econômica
"Regra para cartórios ajudará retomada, diz SPE",https://valor.globo.com/brasil/noticia/2021/12/30/regra-para-cartorios-ajudara-retomada-diz-spe.ghtml,2021-12-30,valor,crise econômica
Mercado de escritórios já vê cenário de retomada,https://valor.globo.com/empresas/noticia/2021/12/30/mercado-de-escritorios-ja-ve-cenario-de-retomada.ghtml,2021-12-30,valor,crise econômica
Cartas de Leitores,https://valor.globo.com/opiniao/noticia/2021/12/30/8dd058c1-cartas-de-leitores.ghtml,2021-12-30,valor,crise econômica
Inflação global do gás diminui em 2022,https://valor.globo.com/financas/noticia/2021/12/30/inflacao-global-do-gas-diminui-em-2022.ghtml,2021-12-30,valor,crise econômica
EUA: pedidos de seguro-desemprego têm menor média de quatro semanas desde 1969,https://valor.globo.com/financas/noticia/2021/12/30/eua-pedidos-de-seguro-desemprego-tem-menor-media-de-quatro-semanas-desde-1969.ghtml,2021-12-30,valor,crise econômica
"Ibovespa sobe no último pregão de 2021, mas tem queda dura no ano",https://valor.globo.com/financas/noticia/2021/12/30/ibovespa-fecha-em-alta-de-069percent-aos-10482244-pontos.ghtml,2021-12-30,valor,ibovespa
FGV: Confiança Empresarial cai em dezembro e confirma cenário de desaceleração,https://valor.globo.com/brasil/noticia/2021/12/30/fgv-confiana-empresarial-cai-18-ponto-em-dezembro-para-952-pontos.ghtml,2021-12-30,valor,crise econômica
Bolsonaro visita Beto Carrero e curte show de derrapagens em meio a tragédia da Bahia,https://valor.globo.com/politica/noticia/2021/12/30/bolsonaro-visita-beto-carrero-e-curte-show-de-derrapagens-em-meio-a-tragedia-da-bahia.ghtml,2021-12-30,valor,crise econômica
"DiDi tem prejuízo de US$ 4,7 bi no 3º trimestre em meio à pressão regulatória da China",https://valor.globo.com/empresas/noticia/2021/12/30/didi-tem-prejuizo-de-us-47-bi-no-3o-trimestre-em-meio-a-pressao-regulatoria-da-china.ghtml,2021-12-30,valor,bolsa valores
Bolsonaro sanciona Auxílio Brasil e tenta dar marca social ao governo antes das eleições,https://valor.globo.com/brasil/noticia/2021/12/30/bolsonaro-sanciona-lei-do-auxilio-brasil-que-substitui-o-bolsa-familia.ghtml,2021-12-30,valor,bolsa valores
Relator de Auxílio Brasil diz que trabalhará para derrubar veto de Bolsonaro a fim de filas,https://valor.globo.com/politica/noticia/2021/12/30/relator-de-auxlio-brasil-diz-que-trabalhar-para-derrubar-veto-de-bolsonaro-a-fim-de-filas.ghtml,2021-12-30,valor,bolsa valores
Ouro fecha em alta apesar de avanço do dólar no exterior e dos índices acionários em NY,https://valor.globo.com/financas/noticia/2021/12/30/ouro-fecha-em-alta-apesar-de-avanco-do-dolar-no-exterior-e-dos-indices-acionarios-em-ny.ghtml,2021-12-30,valor,bolsa valores
China: Setores de manufatura e de serviços mostram sinais de força,https://valor.globo.com/mundo/noticia/2021/12/31/china-setores-de-manufatura-e-de-servicos-mostram-sinais-de-forca.ghtml,2021-12-31,valor,crise econômica
Ouro pode ser alternativa de investimento em ano turbulento,https://valor.globo.com/patrocinado/inteligencia-financeira/noticia/2021/12/31/ouro-alternativa-de-investimento-ano-turbulento.ghtml,2021-12-31,valor,crise financeira
Brasil paga R$ 879 milhões a 24 órgãos internacionais e evita perda de voto na ONU,https://valor.globo.com/brasil/noticia/2021/12/31/brasil-paga-r-419-milhes-a-14-rgos-internacionais-e-evita-perda-de-voto-na-onu.ghtml,2021-12-31,valor,crise econômica
"Em pronunciamento, Bolsonaro critica governadores e passaporte da vacina",https://valor.globo.com/politica/noticia/2021/12/31/em-pronunciamento-bolsonaro-critica-governadores-e-passaporte-da-vacina.ghtml,2021-12-31,valor,bolsa valores
"Bolsas de NY fecham sessão em queda, mas encerram ano com fortes ganhos",https://valor.globo.com/financas/noticia/2021/12/31/bolsas-de-ny-fecham-sesso-em-queda-mas-encerram-ano-com-fortes-ganhos.ghtml,2021-12-31,valor,bolsa valores
Registro de CPR superior a R$ 250 mil passa a ser obrigatório em 2022,https://valor.globo.com/agronegocios/noticia/2021/12/31/registro-de-cpr-superior-a-r-250-mil-passa-a-ser-obrigatorio-em-2022.ghtml,2021-12-31,valor,bolsa valores
Ouro opera em alta na última sessão de 2021,https://valor.globo.com/financas/noticia/2021/12/31/ouro-opera-em-alta-na-ultima-sessao-de-2021.ghtml,2021-12-31,valor,bolsa valores
Governo corta R$ 1 bi de transferência de renda e destina para previdência,https://valor.globo.com/politica/noticia/2021/12/31/governo-corta-r-1-bi-de-transferncia-de-renda-e-destina-para-previdncia.ghtml,2021-12-31,valor,bolsa valores
Cidadania define critérios para pagar duas cotas de auxílio emergencial a homens de família monoparental,https://valor.globo.com/brasil/noticia/2021/12/31/cidadania-define-critrios-para-pagar-duas-cotas-de-auxlio-emergencial-a-homens-de-famlia-monoparental.ghtml,2021-12-31,valor,bolsa valores
Bitcoin e ether aprofundam perdas na penúltima semana de 2022,https://valor.globo.com/financas/criptomoedas/noticia/2022/12/19/bitcoin-e-ether-aprofundam-perdas-na-penltima-semana-de-2022.ghtml,2022-12-19,valor,recessão brasil
Inadimplência em cartões atinge recorde em ressaca de superoferta,https://valor.globo.com/financas/noticia/2022/12/20/inadimplencia-em-cartoes-atinge-recorde-em-ressaca-de-superoferta.ghtml,2022-12-20,valor,recessão brasil
"Retrospectiva 2022: Na economia, ano teve inflação alta e perda da confiança no regime fiscal",https://valor.globo.com/eu-e/noticia/2022/12/21/retrospectiva-2022-na-economia-ano-teve-inflacao-alta-e-perda-da-confianca-no-regime-fiscal.ghtml,2022-12-21,valor,recessão brasil
Previsão para a bolsa é de alta em 2023,https://valor.globo.com/financas/noticia/2022/12/22/previsao-para-a-bolsa-e-de-alta-em-2023.ghtml,2022-12-22,valor,recessão brasil
"Fintechs perdem US$ 42,6 bi no ano em valor de mercado; ações do Nubank caem quase 60%",https://valor.globo.com/financas/noticia/2022/12/23/valor-de-fintechs-cai-us-426-bi-no-ano.ghtml,2022-12-23,valor,recessão brasil
Regulação de criptoativos se torna prioridade em 2023 nos EUA,https://valor.globo.com/financas/criptomoedas/noticia/2022/12/27/regulacao-de-criptoativos-se-torna-prioridade-em-2023-nos-eua.ghtml,2022-12-27,valor,crise financeira
Chips e entretenimento pressionam ações da Coreia do Sul em 2022,https://valor.globo.com/financas/noticia/2022/12/27/chips-e-entretenimento-pressionam-acoes-da-coreia-do-sul-em-2022.ghtml,2022-12-27,valor,crise financeira
Bitcoin e ether voltam a recuar com pessimismo na Nasdaq,https://valor.globo.com/financas/noticia/2022/12/27/bitcoin-e-ether-voltam-a-recuar-com-pessimismo-na-nasdaq.ghtml,2022-12-27,valor,recessão brasil
Ibovespa fecha em queda com pressão do exterior e preocupação com situação fiscal,https://valor.globo.com/financas/noticia/2022/12/27/ibovespa-fecha-em-queda-com-presso-do-exterior-e-preocupao-com-situao-fiscal.ghtml,2022-12-27,valor,ibovespa
Bitcoin e ether oscilam próximo da estabilidade na reta final de 2022,https://valor.globo.com/financas/criptomoedas/noticia/2022/12/27/bitcoin-e-ether-oscilam-prximo-da-estabilidade-na-reta-final-de-2022.ghtml,2022-12-27,valor,recessão brasil
"Cenário externo pesa sobre ativos de riscos e eleva previsão de recessão para EUA e Europa, diz Tesouro",https://valor.globo.com/financas/noticia/2022/12/27/cenario-externo-pesa-sobre-ativos-de-riscos-e-eleva-previsao-de-recessao-para-eua-e-europa-diz-tesouro.ghtml,2022-12-27,valor,recessão brasil
Ofertas públicas analisadas pela Anbima poderão ter registro automático na CVM,https://valor.globo.com/financas/noticia/2022/12/28/ofertas-pblicas-analisadas-pela-anbima-podero-ter-registro-automtico-na-cvm.ghtml,2022-12-28,valor,crise financeira
Fundo hedge macro reluz em ano duro para ações,https://valor.globo.com/financas/noticia/2022/12/28/fundo-hedge-macro-reluz-em-ano-duro-para-acoes.ghtml,2022-12-28,valor,crise financeira
Temor da covid derruba ação da Apple,https://valor.globo.com/empresas/noticia/2022/12/28/temor-da-covid-derruba-acao-da-apple.ghtml,2022-12-28,valor,crise financeira
Bancos de Wall Street se preparam para grandes cortes de bônus,https://valor.globo.com/financas/noticia/2022/12/28/bancos-de-wall-street-se-preparam-para-grandes-cortes-de-bnus-salariais.ghtml,2022-12-28,valor,crise financeira
Ibovespa fecha em alta firme após sinais do governo eleito sobre política fiscal,https://valor.globo.com/financas/noticia/2022/12/28/ibovespa-fecha-em-alta-firme-aps-sinais-do-governo-eleito-sobre-poltica-fiscal.ghtml,2022-12-28,valor,ibovespa
Dólar fecha em queda com redução de incertezas sobre equipe econômica e Ptax no foco,https://valor.globo.com/financas/noticia/2022/12/28/dolar-fecha-em-queda-com-reducao-de-incertezas-sobre-equipe-economica-e-formacao-da-ptax-no-foco.ghtml,2022-12-28,valor,ibovespa
Estrangeiros aportam R$ 447 milhões na Bolsa em 26 de dezembro,https://valor.globo.com/financas/noticia/2022/12/28/estrangeiros-aportam-r-447-milhoes-na-bolsa-em-26-de-dezembro.ghtml,2022-12-28,valor,ibovespa
Ibovespa avança com queda de juros e fim de desoneração de combustíveis,https://valor.globo.com/financas/noticia/2022/12/28/ibovespa-opera-em-alta-com-desonerao-de-combustveis-no-radar-e-recuperao-tcnica.ghtml,2022-12-28,valor,ibovespa
"Terceira e última prévia do Ibovespa exclui IRB (IRBR3), Positivo (POSI3) e SulAmérica (SULA11)",https://valor.globo.com/financas/noticia/2022/12/28/terceira-e-ultima-previa-do-ibovespa-exclui-irb-irbr3-positivo-posi3-e-sulamerica-sula11.ghtml,2022-12-28,valor,ibovespa
Dólar comercial opera em queda com fluxo e formação da Ptax no radar,https://valor.globo.com/financas/noticia/2022/12/28/dolar-e-juros-longos-acompanham-titulos-americanos-e-se-ajustam-em-queda.ghtml,2022-12-28,valor,ibovespa
Dólar avança e bolsa recua com cautela na cena fiscal e sazonalidade,https://valor.globo.com/financas/noticia/2022/12/28/dolar-avanca-e-bolsa-recua-com-cautela-na-cena-fiscal-e-sazonalidade.ghtml,2022-12-28,valor,ibovespa
"Ativo externo ficou mais atrativo após perdas no ano, diz J.P. Morgan",https://valor.globo.com/financas/noticia/2022/12/28/ativo-externo-ficou-mais-atrativo-apos-perdas-no-ano-diz-jp-morgan.ghtml,2022-12-28,valor,recessão brasil
Bradesco BBI projeta Ibovespa em 125 mil pontos ao fim de 2023,https://valor.globo.com/financas/noticia/2022/12/28/bradesco-bbi-projeta-ibovespa-em-125-mil-pontos-ao-fim-de-2023.ghtml,2022-12-28,valor,ibovespa
"Volátil, Ibovespa opera próximo da estabilidade no último pregão de 2022",https://valor.globo.com/financas/noticia/2022/12/29/ibovespa-opera-em-alta-no-ltimo-prego-de-2022-enquanto-mercado-aguarda-pronunciamento-de-lula.ghtml,2022-12-29,valor,ibovespa
Indicações de Haddad aliviam tensão e ativos brasileiros reagem,https://valor.globo.com/financas/noticia/2022/12/29/indicacoes-de-haddad-aliviam-tensao-e-ativos-brasileiros-reagem.ghtml,2022-12-29,valor,ibovespa
"Ibovespa termina em queda no último pregão do ano, mas sobe 4,69% em 2022",https://valor.globo.com/financas/noticia/2022/12/29/ibovespa-termina-em-queda-no-ultimo-pregao-do-ano-mas-sobe-469percent-em-2022.ghtml,2022-12-29,valor,ibovespa
"Commodities: Com fim de alívio fiscal à gasolina no Brasil, açúcar sobe em NY",https://valor.globo.com/agronegocios/noticia/2022/12/29/commodities-com-fim-de-alivio-fiscal-a-gasolina-no-brasil-acucar-sobe-em-ny.ghtml,2022-12-29,valor,bolsa valores
Manhã no mercado: Reabertura chinesa e política local devem marcar último pregão do ano,https://valor.globo.com/financas/noticia/2022/12/29/manha-no-mercado-reabertura-chinesa-e-politica-local-devem-marcar-ultimo-pregao-do-ano.ghtml,2022-12-29,valor,ibovespa
Commodities: Perspectiva de demanda firme puxa alta da soja em Chicago,https://valor.globo.com/agronegocios/noticia/2022/12/29/commodities-perspectiva-de-demanda-firme-puxa-alta-da-soja-em-chicago.ghtml,2022-12-29,valor,bolsa valores
CVM defere saída da Getnet da bolsa,https://valor.globo.com/financas/noticia/2022/12/29/cvm-defere-sada-da-getnet-da-bolsa.ghtml,2022-12-29,valor,bolsa valores
Bitcoin e ether ignoram rali da Nasdaq e seguem estáveis antes da virada do ano,https://valor.globo.com/financas/criptomoedas/noticia/2022/12/29/bitcoin-e-ether-ignoram-rali-da-nasdaq-e-seguem-estveis-antes-da-virada-do-ano.ghtml,2022-12-29,valor,bolsa valores
"Veja quem é Simone Tebet, que chefiará o Ministério do Planejamento",https://valor.globo.com/politica/noticia/2022/12/29/veja-quem-e-simone-tebet-que-chefiara-o-ministerio-do-planejamento.ghtml,2022-12-29,valor,bolsa valores
Bolsa e real pioram com declarações de Lula sobre Petrobras,https://valor.globo.com/financas/noticia/2022/12/29/bolsa-e-real-pioram-com-declaracoes-de-lula-sobre-petrobras.ghtml,2022-12-29,valor,ibovespa
"Estrangeiros aportam R$ 720,9 milhões na Bolsa em 27 de dezembro",https://valor.globo.com/financas/noticia/2022/12/29/estrangeiros-aportam-r-7209-milhoes-na-bolsa-em-27-de-dezembro.ghtml,2022-12-29,valor,ibovespa
"Veja quem é Renan Filho, futuro ministro dos Transportes",https://valor.globo.com/politica/noticia/2022/12/29/veja-quem-renan-filho-futuro-ministro-dos-transportes.ghtml,2022-12-29,valor,bolsa valores
Unicred sela acordo com BTG e vai ter DTVM própria,https://valor.globo.com/financas/noticia/2022/12/29/unicred-sela-acordo-com-btg-e-vai-ter-dtvm-propria.ghtml,2022-12-29,valor,bolsa valores
Bitcoin e ether caminham para fechar 2022 com perdas históricas,https://valor.globo.com/financas/criptomoedas/noticia/2022/12/29/bitcoin-e-ether-caminham-para-fechar-2022-com-perdas-histricas.ghtml,2022-12-29,valor,recessão brasil
"Chile, Índia, México e Coreia lideram expansão de ETFs",https://valor.globo.com/financas/noticia/2022/12/29/chile-india-mexico-e-coreia-lideram-expansao-de-etfs.ghtml,2022-12-29,valor,bolsa valores
Coreia do Sul tem maior inflação em mais de duas décadas em 2022,https://valor.globo.com/mundo/noticia/2022/12/29/coreia-do-sul-tem-maior-inflao-em-mais-de-duas-dcadas-em-2022.ghtml,2022-12-29,valor,crise financeira
"FT: Produção de chips na Coreia cai 15% em novembro, a maior queda em 13 anos",https://valor.globo.com/empresas/noticia/2022/12/29/ft-producao-de-chips-na-coreia-cai-15percent-em-novembro-a-maior-queda-em-13-anos.ghtml,2022-12-29,valor,crise financeira
Rali do dólar perde força e investidores apostam na queda em 2023,https://valor.globo.com/financas/noticia/2022/12/29/rali-do-dolar-perde-forca-e-investidores-apostam-na-queda-em-2023.ghtml,2022-12-29,valor,crise financeira
Solana aposta em 'memória curta' do setor cripto para 'virar a página' da proximidade com a FTX,https://valor.globo.com/financas/criptomoedas/noticia/2022/12/29/solana-aposta-em-memoria-curta-do-setor-cripto-para-virar-a-pagina-da-proximidade-com-a-ftx.ghtml,2022-12-29,valor,crise financeira
Dotz quer entrar em BNPL e dar escala a produtos,https://valor.globo.com/financas/noticia/2022/12/29/dotz-quer-entrar-em-bnpl-e-dar-escala-a-produtos.ghtml,2022-12-29,valor,crise financeira
Amyris vai produzir parte de sua ‘beleza limpa’ em Vinhedo,https://valor.globo.com/empresas/noticia/2022/12/29/amyris-vai-produzir-parte-de-sua-beleza-limpa-em-vinhedo.ghtml,2022-12-29,valor,recessão brasil
"Novas redes sociais misturam mundo real, avatares e serviços",https://valor.globo.com/empresas/noticia/2022/12/29/novas-redes-sociais-misturam-mundo-real-avatares-e-servicos.ghtml,2022-12-29,valor,crise econômica
Quais são os principais desafios de Alexandre Silveira à frente do MME?,https://valor.globo.com/politica/noticia/2022/12/29/quais-sao-os-principais-desafios-de-alexandre-silveira-a-frente-do-mme.ghtml,2022-12-29,valor,crise econômica
"Análise: Fluxo de caixa será fundamental em 2023 para investidores da Ford, GM e Tesla",https://valor.globo.com/empresas/noticia/2022/12/29/analise-fluxo-de-caixa-sera-fundamental-em-2023-para-investidores-da-ford-gm-e-tesla.ghtml,2022-12-29,valor,crise econômica
Gestores veem recuperação para fundos imobiliários em 2023,https://valor.globo.com/financas/noticia/2022/12/29/gestores-veem-recuperacao-para-fiis-em-2023.ghtml,2022-12-29,valor,crise econômica
Renda fixa tem preferência do brasileiro em ano de alta de juros,https://valor.globo.com/impresso/noticia/2022/12/30/renda-fixa-tem-preferencia-do-brasileiro-em-ano-de-alta-de-juros.ghtml,2022-12-30,valor,ibovespa
Tributo do carro elétrico puxa diálogo com governo,https://valor.globo.com/empresas/noticia/2022/12/30/tributo-do-carro-eletrico-puxa-dialogo-com-governo.ghtml,2022-12-30,valor,bolsa valores
"Bolsa e real derrapam no último pregão do ano, mas acumulam ganhos em 2022",https://valor.globo.com/financas/noticia/2022/12/30/bolsa-e-real-derrapam-no-ultimo-pregao-do-ano-mas-acumulam-ganhos-em-2022.ghtml,2022-12-30,valor,ibovespa
"Gestora pequena faz oferta para assumir e dar liquidez ao Grayscale Bitcoin, maior investidor cripto do mundo",https://valor.globo.com/financas/criptomoedas/noticia/2022/12/30/gestora-pequena-faz-oferta-para-assumir-e-dar-liquidez-ao-grayscale-bitcoin-maior-investidor-cripto-do-mundo.ghtml,2022-12-30,valor,bolsa valores
"Bahamas apreende US$ 3,5 bilhões em ativos da FTX e amplia chance de indenização de credores",https://valor.globo.com/financas/criptomoedas/noticia/2022/12/30/bahamas-apreende-us-35-bilhoes-em-ativos-da-ftx-e-amplia-chance-de-indenizacao-de-credores.ghtml,2022-12-30,valor,bolsa valores
"Agenda de empresas: Em dia sem negócios na B3, foco está na indicação de Prates para Petrobras",https://valor.globo.com/empresas/noticia/2022/12/30/agenda-de-empresas-em-dia-sem-negocios-na-b3-foco-esta-na-indicacao-de-prates-para-petrobras.ghtml,2022-12-30,valor,bolsa valores
Renda fixa confirma preferência em ano de elevação de juros,https://valor.globo.com/financas/noticia/2022/12/30/renda-fixa-confirma-preferencia-em-ano-de-elevacao-de-juros.ghtml,2022-12-30,valor,recessão brasil
Commodities: Soja avança e termina o ano acima de US$ 15 em Chicago,https://valor.globo.com/agronegocios/noticia/2022/12/30/commodities-soja-avanca-e-termina-o-ano-acima-de-us-15-em-chicago.ghtml,2022-12-30,valor,recessão brasil
Commodities: Café recua no último pregão do ano em Nova York,https://valor.globo.com/agronegocios/noticia/2022/12/30/commodities-cafe-recua-no-ultimo-pregao-do-ano-em-nova-york.ghtml,2022-12-30,valor,recessão brasil
‘Lula só fará um bom governo se abandonar ideias econômicas do PT’,https://valor.globo.com/politica/noticia/2022/12/30/lula-so-fara-um-bom-governo-se-abandonar-ideias-economicas-do-pt.ghtml,2022-12-30,valor,crise econômica
"PEC já acabou com o teto de gastos, diz líder do governo",https://valor.globo.com/politica/noticia/2022/12/30/pec-ja-acabou-com-o-teto-de-gastos-diz-lider-do-governo.ghtml,2022-12-30,valor,crise econômica
Bitcoin fecha ano com perda de 64% e sem previsão de retomada adiante,https://valor.globo.com/financas/criptomoedas/noticia/2022/12/30/bitcoin-termina-annus-horribilis-com-perda-de-64-pontos-percentuais-e-sem-previso-de-retomada-adiante.ghtml,2022-12-30,valor,crise financeira
Ibovespa oscila e tem pouco avanço em 2022,https://valor.globo.com/financas/noticia/2022/12/30/ibovespa-oscila-e-tem-pouco-avanco-em-2022.ghtml,2022-12-30,valor,crise financeira
O ‘cinto aperta’ e consumidor troca champanhe por prosecco nos EUA,https://valor.globo.com/empresas/noticia/2022/12/30/o-cinto-aperta-e-consumidor-troca-champanhe-por-prosecco-nos-eua.ghtml,2022-12-30,valor,crise financeira
Cenário fiscal difícil sugere atividade mais contida em 2023,https://valor.globo.com/brasil/noticia/2022/12/30/cenario-fiscal-dificil-sugere-atividade-mais-contida-em-2023.ghtml,2022-12-30,valor,crise financeira
Lei de remessas de lucros de João Goulart é revogada,https://valor.globo.com/financas/noticia/2022/12/30/lei-de-remessas-de-lucros-de-joao-goulart-e-revogada.ghtml,2022-12-30,valor,crise financeira
"Cenário é incerto, mas publicidade deve crescer em 2023",https://valor.globo.com/empresas/noticia/2022/12/30/cenario-e-incerto-mas-publicidade-deve-crescer-em-2023.ghtml,2022-12-30,valor,crise econômica
Bolívia volta a viver tensão e protestos após prisão de governador,https://valor.globo.com/mundo/noticia/2022/12/30/bolivia-volta-a-viver-tensao-e-protestos-apos-prisao-de-governador.ghtml,2022-12-30,valor,crise econômica
"Após 3 anos, China reabre e deve impulsionar economia",https://valor.globo.com/mundo/noticia/2022/12/30/apos-3-anos-china-reabre-e-deve-impulsionar-economia.ghtml,2022-12-30,valor,crise econômica
Balanço da gestão Bolsonaro: Veja as reportagens da série especial,https://valor.globo.com/politica/noticia/2022/12/31/balanco-da-gestao-bolsonaro-veja-as-reportagens-da-serie-especial.ghtml,2022-12-31,valor,crise econômica
"Em pronunciamento, Mourão não cita Bolsonaro e faz crítica a ""lideranças"" que ficaram em ""silêncio""",https://valor.globo.com/politica/noticia/2022/12/31/em-pronunciamento-mourao-nao-cita-bolsonaro-mas-faz-critica-a-liderancas-que-ficaram-em-silencio.ghtml,2022-12-31,valor,crise econômica
FT: Louco ou pragmático? Transformação repentina de Milei confunde argentinos,https://valor.globo.com/mundo/noticia/2023/12/18/ft-louco-ou-pragmtico-transformao-repentina-de-milei-confunde-argentinos.ghtml,2023-12-18,valor,recessão brasil
Juros futuros fecham perto da estabilidade antes da ata do Copom,https://valor.globo.com/financas/noticia/2023/12/18/juros-futuros-fecham-perto-da-estabilidade-antes-da-ata-do-copom.ghtml,2023-12-18,valor,recessão brasil
Bolsas de Nova York têm ganhos limitados com Fed cauteloso; taxas de Treasuries sobem,https://valor.globo.com/financas/noticia/2023/12/18/bolsas-de-nova-york-sobem-apesar-de-alertas-de-dirigentes-do-fed.ghtml,2023-12-18,valor,recessão brasil
América Latina deve continuar numa dinâmica de baixo crescimento em 2024,https://valor.globo.com/mundo/noticia/2023/12/18/america-latina-deve-continuar-numa-dinamica-de-baixo-crescimento-em-2024.ghtml,2023-12-18,valor,recessão brasil
"Produtividade cresce no ano, mas é preciso mais",https://valor.globo.com/opiniao/noticia/2023/12/19/produtividade-cresce-no-ano-mas-e-preciso-mais.ghtml,2023-12-19,valor,recessão brasil
Dólar corrige excessos e anota leve alta contra o real,https://valor.globo.com/financas/noticia/2023/12/20/dolar-e-juros-futuros-oscilam-ao-redor-dos-ajustes-com-vies-de-baixa.ghtml,2023-12-20,valor,recessão brasil
"Retrospectiva 2023: Economia teve desempenho moderado em 2023, mas melhor do que previsões",https://valor.globo.com/eu-e/noticia/2023/12/20/retrospectiva-2023-economia-teve-desempenho-moderado-em-2023-mas-melhor-do-que-previsoes.ghtml,2023-12-20,valor,recessão brasil
Empresas vivem fase final de forte redução do endividamento em 2023,https://valor.globo.com/impresso/noticia/2023/12/21/empresas-vivem-fase-final-de-forte-reducao-do-endividamento-em-2023.ghtml,2023-12-21,valor,recessão brasil
Veja o que pensam economistas otimistas com PIB do Brasil em 2024,https://valor.globo.com/brasil/noticia/2023/12/21/veja-o-que-pensam-economistas-otimistas-com-pib-do-brasil-em-2024.ghtml,2023-12-21,valor,recessão brasil
Cartas de Leitores,https://valor.globo.com/opiniao/noticia/2023/12/21/3ea0a015-cartas-de-leitores.ghtml,2023-12-21,valor,recessão brasil
"2024 tem potencial para ser grande ano para a renda fixa, diz BTG",https://valor.globo.com/financas/noticia/2023/12/21/2024-tem-potencial-para-ser-grande-ano-para-a-renda-fixa-diz-btg.ghtml,2023-12-21,valor,recessão brasil
Empresas rumam para fim de ciclo de desalavancagem,https://valor.globo.com/financas/noticia/2023/12/21/empresas-rumam-para-fim-de-ciclo-de-desalavancagem.ghtml,2023-12-21,valor,recessão brasil
"Retrospectiva 2023: Ano mais quente da história começou com guerra, viu a ascensão da IA e termina com guerras",https://valor.globo.com/eu-e/noticia/2023/12/22/retrospectiva-2023-ano-mais-quente-da-historia-tem-um-mundo-que-comecou-com-guerra-viu-a-ascensao-da-ia-e-termina-o-ano-com-guerras.ghtml,2023-12-22,valor,recessão brasil
Manhã no mercado: Agentes aguardam PCE nos EUA em dia de menos fôlego para o risco,https://valor.globo.com/financas/noticia/2023/12/22/manha-no-mercado-agentes-aguardam-pce-nos-eua-em-dia-de-menos-folego-para-o-risco.ghtml,2023-12-22,valor,recessão brasil
Goldman Sachs não acredita em ganhos para a bolsa em 2024,https://valor.globo.com/financas/noticia/2023/12/22/goldman-sachs-nao-acredita-em-ganhos-para-a-bolsa-em-2024.ghtml,2023-12-22,valor,recessão brasil
"Com juros em queda, analistas esperam mais ganhos para o Ibovespa em 2024",https://valor.globo.com/financas/noticia/2023/12/26/com-juros-em-queda-analistas-esperam-mais-ganhos-para-o-ibovespa-em-2024.ghtml,2023-12-26,valor,recessão brasil
Ibovespa renova recorde com ajuda do exterior e vai a 133 mil pontos,https://valor.globo.com/financas/noticia/2023/12/26/ibovespa-renova-recorde-com-ajuda-do-exterior-e-vai-a-133-mil-pontos.ghtml,2023-12-26,valor,ibovespa
Balanço da Unigel confirma crise e prejuízo de R$ 1 bilhão,https://valor.globo.com/impresso/noticia/2023/12/27/balanco-da-unigel-confirma-crise-e-prejuizo-de-r-1-bilhao.ghtml,2023-12-27,valor,crise financeira
Tracbel vê investimento retornar em 2024 e receita somar US$ 1 bi,https://valor.globo.com/empresas/noticia/2023/12/27/tracbel-ve-investimento-retornar-em-2024-e-receita-somar-us-1-bi.ghtml,2023-12-27,valor,crise financeira
Unigel tem prejuízo de R$ 1 bilhão até setembro e patrimônio fica negativo,https://valor.globo.com/empresas/noticia/2023/12/27/unigel-tem-prejuizo-de-r-1-bilhao-ate-setembro-e-patrimonio-fica-negativo.ghtml,2023-12-27,valor,crise financeira
Orientação do Fed deixa ações e bônus ‘sem espaço para erros’,https://valor.globo.com/financas/noticia/2023/12/27/orientacao-do-fed-deixa-acoes-e-bonus-sem-espaco-para-erros.ghtml,2023-12-27,valor,crise financeira
"Jacques Delors, arquiteto do euro e líder da UE, morre aos 98 anos",https://valor.globo.com/mundo/noticia/2023/12/27/jacques-delors-arquiteto-do-euro-e-lder-da-ue-morre-aos-98-anos.ghtml,2023-12-27,valor,crise financeira
"Bolsa, câmbio e juro futuro mantêm dinâmica positiva na volta do Natal",https://valor.globo.com/financas/noticia/2023/12/27/bolsa-cambio-e-juro-futuro-mantem-dinamica-positiva-na-volta-do-natal.ghtml,2023-12-27,valor,ibovespa
"Estrangeiros aportam R$ 1,87 bilhão na Bolsa em 22 de dezembro",https://valor.globo.com/financas/noticia/2023/12/27/estrangeiros-aportam-r-187-bilhao-na-bolsa-em-22-de-dezembro.ghtml,2023-12-27,valor,ibovespa
Ibovespa sobe e marca 134 mil pontos em pregão com liquidez reduzida,https://valor.globo.com/financas/noticia/2023/12/27/ibovespa-ronda-a-estabilidade-em-pregao-de-liquidez-reduzida-com-foco-no-exterior.ghtml,2023-12-27,valor,ibovespa
Terceira e última prévia do Ibovespa inclui ISA Cteep e não exclui ações do índice,https://valor.globo.com/financas/noticia/2023/12/27/terceira-e-ltima-prvia-do-ibovespa-inclui-isa-cteep-e-no-exclui-aes-do-ndice.ghtml,2023-12-27,valor,ibovespa
Ibovespa sobe em pregão de baixa liquidez e termina acima dos 134 mil pontos pela 1ª vez,https://valor.globo.com/financas/noticia/2023/12/27/ibovespa-sobe-em-pregao-de-baixa-liquidez-e-termina-acima-dos-134-mil-pontos-pela-1a-vez.ghtml,2023-12-27,valor,ibovespa
Manhã no mercado: Rali de fim de ano e ausência de dados devem continuar ajudando ativos locais,https://valor.globo.com/financas/noticia/2023/12/27/manha-no-mercado-rali-de-fim-de-ano-e-ausencia-de-dados-devem-continuar-ajudando-ativos-locais.ghtml,2023-12-27,valor,ibovespa
Ibovespa renova recorde sem ajuda de ações cíclicas,https://valor.globo.com/financas/noticia/2023/12/27/ibovespa-renova-recorde-sem-ajuda-de-acoes-ciclicas.ghtml,2023-12-27,valor,ibovespa
"Resiliência do setor de serviços atingiu 'teto', diz economista da FGV",https://valor.globo.com/brasil/noticia/2023/12/28/resilincia-do-setor-de-servios-atingiu-teto-diz-economista-da-fgv.ghtml,2023-12-28,valor,crise econômica
Bitcoin volta a cair e perde patamar de US$ 43 mil no penúltimo dia útil do ano,https://valor.globo.com/financas/criptomoedas/noticia/2023/12/28/bitcoin-volta-a-cair-e-perde-patamar-de-us-43-mil-no-penltimo-dia-til-do-ano.ghtml,2023-12-28,valor,crise financeira
Como se destacar como chefe de equipe em 2024,https://valor.globo.com/carreira/noticia/2023/12/28/como-se-destacar-como-chefe-de-equipe-em-2024.ghtml,2023-12-28,valor,crise econômica
Alívio nos Treasuries ajuda ativos de risco e Ibovespa tem novo recorde,https://valor.globo.com/financas/noticia/2023/12/28/alivio-nos-treasuries-ajuda-ativos-de-risco-e-ibovespa-tem-novo-recorde.ghtml,2023-12-28,valor,ibovespa
"Com volta de IPOs, ofertas de ações têm potencial de R$ 70 bi",https://valor.globo.com/financas/noticia/2023/12/28/com-volta-de-ipos-ofertas-de-acoes-tem-potencial-de-r-70-bi.ghtml,2023-12-28,valor,ibovespa
Secretário de Fazenda do Rio afirma que contas públicas estão resolvidas por três anos,https://valor.globo.com/politica/noticia/2023/12/28/contas-publicas-estao-resolvidas-por-tres-anos-diz-secretario.ghtml,2023-12-28,valor,crise financeira
Inflação entra para a lista de ‘desastres’ da crise climática,https://valor.globo.com/brasil/noticia/2023/12/28/inflacao-entra-para-a-lista-de-desastres-da-crise-climatica.ghtml,2023-12-28,valor,crise financeira
"Manhã no mercado: Inflação, política fiscal e exterior guiam ativos no último pregão de 2023",https://valor.globo.com/financas/noticia/2023/12/28/manha-no-mercado-inflacao-politica-fiscal-e-exterior-guiam-ativos-no-ultimo-pregao-de-2023.ghtml,2023-12-28,valor,ibovespa
"Ibovespa opera de lado no último pregão de 2023, mas deve terminar o ano com alta firme",https://valor.globo.com/financas/noticia/2023/12/28/ibovespa-opera-em-leve-queda-com-pressao-negativa-do-ipca-15.ghtml,2023-12-28,valor,ibovespa
J.P. Morgan amplia seu domínio nos EUA,https://valor.globo.com/financas/noticia/2023/12/28/j-p-morgan-amplia-seu-dominio-nos-eua.ghtml,2023-12-28,valor,crise financeira
"China crescerá menos, e mundo aguarda definições de Pequim",https://valor.globo.com/opiniao/noticia/2023/12/28/china-crescera-menos-e-mundo-aguarda-definicoes-de-pequim.ghtml,2023-12-28,valor,crise econômica
Investimento em 2024 será para atualização,https://valor.globo.com/empresas/noticia/2023/12/28/investimento-em-2024-sera-para-atualizacao.ghtml,2023-12-28,valor,recessão brasil
"Campos Neto reconhece que juros são altos, mas vêm diminuindo",https://valor.globo.com/financas/noticia/2023/12/28/campos-neto-reconhece-que-juros-so-altos-mas-vm-diminuindo.ghtml,2023-12-28,valor,recessão brasil
"Estrangeiros aportam R$ 364,2 milhões na B3 em 26 de dezembro",https://valor.globo.com/financas/noticia/2023/12/28/estrangeiros-aportam-r-3642-milhoes-na-b3-em-26-de-dezembro.ghtml,2023-12-28,valor,ibovespa
Garantir estudos futuros para os filhos vira presente de fim de ano,https://valor.globo.com/carreira/noticia/2023/12/28/garantir-estudos-futuros-para-os-filhos-vira-presente-de-fim-de-ano.ghtml,2023-12-28,valor,bolsa valores
Bolsas de NY encerram penúltimo pregão do ano sem direção única,https://valor.globo.com/financas/noticia/2023/12/28/bolsas-de-ny-encerram-penultimo-pregao-do-ano-sem-direcao-unica.ghtml,2023-12-28,valor,bolsa valores
Sequoia reestrutura dívida bancária,https://valor.globo.com/empresas/noticia/2023/12/28/sequoia-reestrutura-dvida-bancria-e-ter-aporte-de-r-100-milhes-de-acionistas.ghtml,2023-12-28,valor,bolsa valores
"Ibovespa encerra o ano com alta de 22,28%, a maior desde 2019",https://valor.globo.com/financas/noticia/2023/12/28/ibovespa-fecha-ultimo-pregao-do-ano-estavel-mas-tem-alta-firme-no-acumulado-de-2023.ghtml,2023-12-28,valor,ibovespa
Títulos de renda fixa de longo prazo e exposição moderada em renda variável são boas estratégias para investidores em 2024,https://valor.globo.com/conteudo-de-marca/ubs/noticia/2023/12/28/titulos-de-renda-fixa-de-longo-prazo-e-exposicao-moderada-em-renda-variavel-sao-boas-estrategias-para-investidores-em-2024.ghtml,2023-12-28,valor,ibovespa
Quanto era o salário mínimo em 2023?,https://valor.globo.com/financas/noticia/2023/12/28/salario-minimo-em-2023.ghtml,2023-12-28,valor,bolsa valores
Investidores estrangeiros desfazem aposta de US$ 33 bi na recuperação do crescimento da China,https://valor.globo.com/financas/noticia/2023/12/28/investidores-estrangeiros-desfazem-aposta-de-us-33-bi-na-recuperacao-do-crescimento-da-china.ghtml,2023-12-28,valor,crise financeira
Bitcoin recua para menos de US$ 42 mil no último dia útil de 2023,https://valor.globo.com/financas/criptomoedas/noticia/2023/12/29/bitcoin-recua-para-menos-de-us-42-mil-no-ultimo-dia-util-de-2023.ghtml,2023-12-29,valor,crise financeira
Herdeira da L'Óreal é a 1ª mulher a atingir fortuna de US$ 100 bilhões,https://valor.globo.com/financas/noticia/2023/12/29/herdeira-da-loreal-e-a-1a-mulher-a-atingir-fortuna-de-us-100-bilhoes.ghtml,2023-12-29,valor,bolsa valores
Bitcoin oscila pouco abaixo de US$ 43 mil no último dia útil do ano,https://valor.globo.com/financas/criptomoedas/noticia/2023/12/29/bitcoin-oscila-pouco-abaixo-de-us-43-mil-no-ltimo-dia-til-do-ano.ghtml,2023-12-29,valor,crise financeira
Bolsas da Ásia fecham sem direção definida no último pregão do ano,https://valor.globo.com/financas/noticia/2023/12/29/bolsas-da-asia-fecham-sem-direcao-definida-no-ultimo-pregao-do-ano.ghtml,2023-12-29,valor,crise econômica
Preço de passagem aérea dispara e sobre mais de 80% em 4 meses,https://valor.globo.com/brasil/noticia/2023/12/29/preco-de-passagem-aerea-dispara-e-sobre-mais-de-80-em-4-meses.ghtml,2023-12-29,valor,crise econômica
"Bitcoin entre US$ 34 mil e US$ 100 mil em 2024: Motivos para ‘dobrar aposta’ ou ficar com ‘pé atrás’, segundo especialistas",https://valor.globo.com/financas/criptomoedas/noticia/2023/12/29/bitcoin-entre-us-34-mil-e-us-100-mil-em-2024-motivos-para-dobrar-aposta-ou-ficar-com-pe-atras-segundo-especialistas.ghtml,2023-12-29,valor,crise financeira
Quase todas as previsões para o mercado de ações americano falharam,https://valor.globo.com/financas/noticia/2023/12/29/quase-todas-as-previsoes-para-o-mercado-de-acoes-americano-falharam.ghtml,2023-12-29,valor,crise econômica
Quem comanda o Réveillon na praia de Copacabana,https://valor.globo.com/empresas/noticia/2023/12/29/quem-comanda-o-reveillon-na-praia-de-copacabana.ghtml,2023-12-29,valor,crise econômica
CSD BR aposta em novas licenças para ganhar mercado,https://valor.globo.com/financas/noticia/2023/12/29/csd-br-aposta-em-novas-licencas-para-ganhar-mercado.ghtml,2023-12-29,valor,bolsa valores
Cathie Wood tenta evitar ‘risco da SEC’ com ETF de bitcoin,https://valor.globo.com/financas/noticia/2023/12/29/cathie-wood-tenta-evitar-risco-da-sec.ghtml,2023-12-29,valor,bolsa valores
"Bolsas de NY caem no último pregão de 2023, mas sobem até 43% no ano",https://valor.globo.com/financas/noticia/2023/12/29/bolsas-de-ny-no-ultimo-pregao-de-2023-mas-sobem-ate-43percent-no-ano.ghtml,2023-12-29,valor,ibovespa
"Bolsa acelera na reta final do ano, desbanca renda fixa e tem maior retorno desde 2019",https://valor.globo.com/financas/noticia/2023/12/29/bolsa-acelera-na-reta-final-do-ano-desbanca-renda-fixa-e-tem-maior-retorno-desde-2019.ghtml,2023-12-29,valor,ibovespa
Inflação pesa sobre ativos domésticos,https://valor.globo.com/financas/noticia/2023/12/29/inflacao-pesa-sobre-ativos-domesticos.ghtml,2023-12-29,valor,ibovespa
"Três anos depois, ações voltam a liderar ganhos",https://valor.globo.com/impresso/noticia/2023/12/29/tres-anos-depois-acoes-voltam-a-liderar-ganhos.ghtml,2023-12-29,valor,ibovespa
Gestores veem chance de ganhos em estratégias de juros,https://valor.globo.com/financas/noticia/2023/12/29/gestores-veem-chance-de-ganhos-em-estrategias-de-juros.ghtml,2023-12-29,valor,bolsa valores
Ano de Eduardo Leite teve desafios de ordem fiscal e impacto do clima,https://valor.globo.com/politica/noticia/2023/12/29/clima-e-fiscal-pautam-ano-de-eduardo-leite.ghtml,2023-12-29,valor,crise financeira
‘O grande ganhador neste ano no Brasil foi o estrangeiro’,https://valor.globo.com/financas/noticia/2023/12/29/o-grande-ganhador-neste-ano-no-brasil-foi-o-estrangeiro.ghtml,2023-12-29,valor,crise financeira
"Brasil deve fechar 2023 com uma tentativa de fraude a cada 3,2 segundos, prevê Serasa Experian",https://valor.globo.com/financas/noticia/2023/12/29/brasil-deve-fechar-2023-com-uma-tentativa-de-fraude-a-cada-32-segundos-prev-serasa-experian.ghtml,2023-12-29,valor,bolsa valores
Bitcoin sobe 160% no ano com expectativa de novo ‘verão cripto’,https://valor.globo.com/financas/criptomoedas/noticia/2023/12/29/bitcoin-sobe-160-com-expectativa-de-verao-cripto.ghtml,2023-12-29,valor,crise financeira
Milei sem gradualismo no megadecreto de reformas,https://valor.globo.com/opiniao/noticia/2023/12/29/milei-sem-gradualismo-no-megadecreto-de-reformas.ghtml,2023-12-29,valor,crise financeira
Investidor estrangeiro abandona mercado acionário chinês,https://valor.globo.com/financas/noticia/2023/12/29/investidor-estrangeiro-abandona-mercado-acionario-chines.ghtml,2023-12-29,valor,crise financeira
"De olho em eleições municipais, Lula  cobra ministros; veja o balanço das atuações",https://valor.globo.com/politica/noticia/2023/12/30/de-olho-em-eleicoes-municipais-lula-cobra-ministros-veja-o-balanco-das-atuacoes.ghtml,2023-12-30,valor,crise econômica
Economista responsável por reformas na Argentina diz que está apenas começando,https://valor.globo.com/mundo/noticia/2023/12/30/economista-responsavel-por-reformas-na-argentina-diz-que-esta-apenas-comecando.ghtml,2023-12-30,valor,crise econômica
"China continua a atrair investimentos de empresas americanas, mas de hambúrgueres e café com leite",https://valor.globo.com/mundo/noticia/2023/12/30/china-continua-a-atrair-investimentos-de-empresas-americanas-mas-de-hamburgueres-e-cafe-com-leite.ghtml,2023-12-30,valor,crise econômica
China encerra 2023 com mais sinais de fraqueza econômica,https://valor.globo.com/mundo/noticia/2023/12/31/china-encerra-2023-com-mais-sinais-de-fraqueza-econmica.ghtml,2023-12-31,valor,crise econômica
Longas filas por um táxi na Itália são um sintoma de o porquê a economia do país não decola,https://valor.globo.com/mundo/noticia/2023/12/31/longas-filas-por-um-txi-na-itlia-so-um-sintoma-de-o-porqu-a-economia-do-pas-no-decola.ghtml,2023-12-31,valor,crise financeira
"Larry Fink, da BlackRock, explica por que os juros altos não desaceleraram a economia dos EUA",https://valor.globo.com/financas/noticia/2024/10/29/larry-fink-da-blackrock-explica-por-que-os-juros-altos-no-desaceleraram-a-economia-dos-eua.ghtml,2024-10-29,valor,recessão brasil
Fragilidade fiscal abre espaço para a disparada do dólar,https://valor.globo.com/opiniao/noticia/2024/10/31/fragilidade-fiscal-abre-espaco-para-a-disparada-do-dolar.ghtml,2024-10-31,valor,recessão brasil
"Com baixa disposição para risco, renda fixa é indicação para terminar o ano",https://valor.globo.com/financas/noticia/2024/11/01/com-baixa-disposicao-para-risco-renda-fixa-e-indicacao-para-terminar-o-ano.ghtml,2024-11-01,valor,recessão brasil
Viés para alocação em ativo externo permanece,https://valor.globo.com/financas/noticia/2024/11/01/vies-para-alocacao-em-ativo-externo-permanece.ghtml,2024-11-01,valor,recessão brasil
Bitcoin cai de olho em economia dos EUA após fechar outubro com alta acumulada de 11%,https://valor.globo.com/financas/criptomoedas/noticia/2024/11/01/bitcoin-cai-de-olho-em-economia-dos-eua-aps-fechar-outubro-com-alta-acumulada-de-11-pontos-percentuais.ghtml,2024-11-01,valor,recessão brasil
EUA se dividem entre a estabilidade e o radicalismo,https://valor.globo.com/opiniao/noticia/2024/11/04/eua-se-dividem-entre-a-estabilidade-e-o-radicalismo.ghtml,2024-11-04,valor,recessão brasil
Itaú quer dobrar em PMEs com oferta competitiva,https://valor.globo.com/financas/noticia/2024/11/06/banco-quer-dobrar-em-pmes-com-oferta-competitiva.ghtml,2024-11-06,valor,recessão brasil
"Em oito anos, Brasil dobra participação no IED global",https://valor.globo.com/publicacoes/especiais/investimento-estrangeiro/noticia/2024/11/06/em-oito-anos-brasil-dobra-participacao-no-ied-global.ghtml,2024-11-06,valor,recessão brasil
"Alívio chega ao fim, e dívida do Brasil acelera mais que a de emergentes",https://valor.globo.com/brasil/noticia/2024/11/08/alivio-chega-ao-fim-e-divida-do-brasil-acelera-mais-que-a-de-emergentes.ghtml,2024-11-08,valor,recessão brasil
"Crises econômicas podem impactar diretamente a alta na criminalidade na América Latina e Caribe, diz FMI",https://valor.globo.com/mundo/noticia/2024/11/11/crises-econmicas-podem-impactar-diretamente-a-alta-na-criminalidade-na-amrica-do-sul-e-caribe-diz-fmi.ghtml,2024-11-11,valor,recessão brasil
WEG aumenta receita e lucro com estratégia de diversificação,https://valor.globo.com/publicacoes/especiais/360-epoca-negocios/noticia/2024/11/12/weg-aumenta-receita-e-lucro-com-estrategia-de-diversificacao.ghtml,2024-11-12,valor,recessão brasil
Morgan Stanley rebaixa recomendação para ações do Brasil,https://valor.globo.com/financas/noticia/2024/11/18/morgan-stanley-rebaixa-recomendacao-para-acoes-do-brasil.ghtml,2024-11-18,valor,recessão brasil
Ibovespa retoma os 128 mil pontos com apoio de ações cíclicas,https://valor.globo.com/financas/noticia/2024/12/10/ibovespa-retoma-os-128-mil-pontos-com-apoio-de-acoes-ciclicas.ghtml,2024-12-10,valor,recessão brasil
Ibovespa perde os 127 mil pontos com aumento do temor fiscal; GPA lidera as perdas,https://valor.globo.com/financas/noticia/2024/12/12/ibovespa-perde-os-127-mil-pontos-com-aumento-do-temor-fiscal-gpa-lidera-as-perdas.ghtml,2024-12-12,valor,ibovespa
Inflação para de cair nos países ricos e pode afetar corte de juros,https://valor.globo.com/opiniao/noticia/2024/12/13/inflacao-para-de-cair-nos-paises-ricos-e-pode-afetar-corte-de-juros.ghtml,2024-12-13,valor,recessão brasil
"No pós-Copom, ativos locais sofrem deterioração adicional com piora na percepção de risco fiscal",https://valor.globo.com/financas/noticia/2024/12/13/no-pos-copom-ativos-locais-tem-deterioracao-adicional.ghtml,2024-12-13,valor,ibovespa
Manhã nos mercados: Risco fiscal deve guiar ativos locais em dia de divulgação do IBC-Br,https://valor.globo.com/financas/noticia/2024/12/13/manha-nos-mercados-risco-fiscal-deve-guiar-ativos-locais-em-dia-de-divulgacao-do-ibc-br.ghtml,2024-12-13,valor,ibovespa
Ibovespa perde os 126 mil pontos diante de estresse fiscal,https://valor.globo.com/financas/noticia/2024/12/13/ibovespa-ronda-a-estabilidade-com-riscos-fiscais-no-foco-do-mercado.ghtml,2024-12-13,valor,ibovespa
"Estrangeiros retiram R$ 2,2 milhões da B3 em 11 de dezembro e déficit anual vai a R$ 31,8 bilhões",https://valor.globo.com/financas/noticia/2024/12/13/estrangeiros-retiram-r-22-milhes-na-b3-em-11-de-dezembro-e-dficit-anual-vai-a-r-318-bilhes.ghtml,2024-12-13,valor,ibovespa
Ação do GPA avança com notícia de que Tanure pode assumir controle do Dia e analisa fusão,https://valor.globo.com/financas/noticia/2024/12/13/ao-do-gpa-avana-com-notcia-de-que-tanure-pode-assumir-controle-do-dia-e-analisa-fuso.ghtml,2024-12-13,valor,ibovespa
Juros futuros aceleram alta e puxam piora do Ibovespa após leilão de dólares,https://valor.globo.com/financas/noticia/2024/12/13/juros-futuros-aceleram-alta-e-puxam-piora-do-ibovespa-aps-leilo-de-dlares.ghtml,2024-12-13,valor,ibovespa
"BC surpreende mercado com leilão de dólares, mas prêmio de risco nos juros volta a aumentar",https://valor.globo.com/financas/noticia/2024/12/13/bc-surpreende-mercado-com-leilo-de-dlares-mas-prmio-de-risco-nos-juros-volta-a-aumentar.ghtml,2024-12-13,valor,ibovespa
Banco está atento a potencial dos indexados,https://valor.globo.com/financas/noticia/2024/12/13/banco-esta-atento-a-potencial-dos-indexados.ghtml,2024-12-13,valor,ibovespa
Ibovespa perde os 125 mil pontos e volta a nível do ‘day after’ do pacote de corte de gastos,https://valor.globo.com/financas/noticia/2024/12/13/ibovespa-perde-os-125-mil-pontos-e-volta-a-nivel-do-day-after-do-pacote-de-corte-de-gastos.ghtml,2024-12-13,valor,ibovespa
Embraer supera crises e ações acumulam alta em torno de 150%,https://valor.globo.com/empresas/noticia/2024/12/13/embraer-supera-crises-e-acoes-acumulam-alta-em-torno-de-150.ghtml,2024-12-13,valor,crise financeira
"Mesmo após choque de juros, dólar sobe e fecha a R$ 6",https://valor.globo.com/impresso/noticia/2024/12/13/mesmo-apos-choque-de-juros-dolar-sobe-e-fecha-a-r-6.ghtml,2024-12-13,valor,ibovespa
Estresse no mercado se intensifica após Copom,https://valor.globo.com/financas/noticia/2024/12/13/estresse-no-mercado-se-intensifica-apos-copom.ghtml,2024-12-13,valor,crise financeira
"Fora do ‘esforço’ comercial, mix com ETFs bate o CDI",https://valor.globo.com/financas/noticia/2024/12/13/fora-do-esforco-comercial-mix-com-etfs-bate-o-cdi.ghtml,2024-12-13,valor,crise financeira
Metas apresentadas pelos países são insuficientes para frear o aquecimento,https://valor.globo.com/publicacoes/especiais/conferencias-do-clima/noticia/2024/12/13/metas-apresentadas-pelos-paises-sao-insuficientes-para-frear-o-aquecimento.ghtml,2024-12-13,valor,crise econômica
"‘Meta de financiamento de US$ 300 bilhões é um ponto de partida’, diz Emma Cox",https://valor.globo.com/publicacoes/especiais/conferencias-do-clima/noticia/2024/12/13/meta-de-financiamento-de-us-300-bilhoes-e-um-ponto-de-partida-diz-emma-cox.ghtml,2024-12-13,valor,crise financeira
COP30 pode ser marco na participação de empresas e sociedade,https://valor.globo.com/publicacoes/especiais/conferencias-do-clima/noticia/2024/12/13/cop30-pode-ser-marco-na-participacao-de-empresas-e-sociedade.ghtml,2024-12-13,valor,crise financeira
"Minério de ferro cai 0,37% na Bolsa de Dalian",https://valor.globo.com/empresas/noticia/2024/12/13/minerio-de-ferro-cai-037percent-na-bolsa-de-dalian.ghtml,2024-12-13,valor,bolsa valores
VERSUS: Alta tensão: o impasse milionário entre NPP e Rio Alto na terra do Sol que pode levar a um apagão regulatório,https://valor.globo.com/empresas/noticia/2024/12/13/versus-alta-tensao-o-impasse-milionario-entre-npp-e-rio-alto-na-terra-do-sol-que-pode-levar-a-um-apagao-regulatorio.ghtml,2024-12-13,valor,crise financeira
Equipe de Trump busca reduzir ou eliminar reguladores bancários,https://valor.globo.com/mundo/noticia/2024/12/13/equipe-de-trump-busca-reduzir-ou-eliminar-reguladores-bancrios.ghtml,2024-12-13,valor,crise financeira
"Startup ""as a servisse"" aposta na diversidade etária e experiência de C-levels 50+ para alavancar crescimento",https://valor.globo.com/patrocinado/pressworks/noticia/2024/12/13/startup-as-a-servisse-aposta-na-diversidade-etaria-e-experiencia-de-clevels-50-para-alavancar-crescimento.ghtml,2024-12-13,valor,crise econômica
"Diante da crise nas vendas online de livros, LeuVendeu cresce no mercado de livros usados",https://valor.globo.com/patrocinado/pressworks/noticia/2024/12/13/diante-da-crise-nas-vendas-online-de-livros-leuvendeu-cresce-no-mercado-de-livros-usados.ghtml,2024-12-13,valor,crise econômica
Bundesbank reduz previsões de crescimento da Alemanha e alerta sobre escalada do protecionismo,https://valor.globo.com/mundo/noticia/2024/12/13/bundesbank-reduz-previses-de-crescimento-da-alemanha-e-alerta-sobre-escalada-do-protecionismo.ghtml,2024-12-13,valor,crise econômica
Inadimplência no mercado de energia atinge recorde de quase R$ 178 milhões em outubro,https://valor.globo.com/empresas/noticia/2024/12/13/inadimplncia-no-mercado-de-energia-atinge-recorde-de-quase-r-178-milhes-em-outubro.ghtml,2024-12-13,valor,crise financeira
"Ao STF, União diz que não é possível controlar gastos de beneficiários de programas sociais com bets",https://valor.globo.com/brasil/noticia/2024/12/13/ao-stf-unio-diz-que-no-possvel-controlar-gastos-de-beneficirios-de-programas-sociais-com-bets.ghtml,2024-12-13,valor,bolsa valores
FT: Racha na família Murdoch deixa futuro do império de mídia no ar,https://valor.globo.com/empresas/marketing/noticia/2024/12/14/ft-racha-na-famlia-murdoch-deixa-futuro-do-imprio-de-mdia-no-ar.ghtml,2024-12-14,valor,crise econômica
Síria mostra como Oriente Médio não pode dar a estabilidade como garantida,https://valor.globo.com/mundo/noticia/2024/12/14/siria-mostra-como-oriente-medio-nao-pode-dar-a-estabilidade-como-garantida.ghtml,2024-12-14,valor,crise econômica
Queda de governo sírio expõe limites das ambições globais da Rússia,https://valor.globo.com/mundo/noticia/2024/12/14/queda-de-governo-srio-expe-limites-das-ambies-globais-da-rssia.ghtml,2024-12-14,valor,crise financeira
Área técnica do TCU vê drible ao Orçamento e pede suspensão de R$ 6 bi do Pé-de-Meia,https://valor.globo.com/brasil/noticia/2024/12/14/rea-tcnica-do-tcu-v-drible-ao-oramento-e-pede-suspenso-de-r-6-bi-do-p-de-meia.ghtml,2024-12-14,valor,bolsa valores
Bolivianos vão às urnas para eleger novas autoridades judiciais em votação atípica,https://valor.globo.com/mundo/noticia/2024/12/15/bolivianos-vao-as-urnas-para-eleger-novas-autoridades-judiciais-em-votacao-atipica.ghtml,2024-12-15,valor,crise econômica
Campanha de Natal vai às ruas para ficar mais perto do consumidor,https://valor.globo.com/empresas/marketing/noticia/2024/12/15/campanha-de-natal-vai-as-ruas-para-ficar-mais-perto-do-consumidor.ghtml,2024-12-15,valor,bolsa valores
Assessores de Trump querem encolher ou eliminar reguladores bancários,https://valor.globo.com/mundo/noticia/2024/12/15/assessores-de-trump-querem-encolher-ou-eliminar-reguladores-bancrios.ghtml,2024-12-15,valor,crise financeira
FT: Bolsa de Valores de Londres sofre maior êxodo desde crise financeira de 2009,https://valor.globo.com/financas/noticia/2024/12/15/ft-bolsa-de-valores-de-londres-sofre-maior-xodo-desde-crise-financeira-de-2009.ghtml,2024-12-15,valor,crise financeira
Primeiro-ministro da Coreia do Sul tenta tranquilizar aliados e mercado após impeachment,https://valor.globo.com/mundo/noticia/2024/12/15/primeiro-ministro-da-coreia-do-sul-tenta-tranquilizar-aliados-e-mercado-apos-impeachment.ghtml,2024-12-15,valor,bolsa valores
Binance reforça a aposta em investidor institucional no Brasil,https://valor.globo.com/financas/noticia/2024/12/15/binance-refora-a-aposta-em-investidor-institucional-no-brasil.ghtml,2024-12-15,valor,bolsa valores
Juros altos e Trump são desafio para bom momento da indústria de transformação,https://valor.globo.com/brasil/noticia/2024/12/16/juros-altos-e-trump-sao-desafio-para-bom-momento-da-industria-de-transformacao.ghtml,2024-12-16,valor,recessão brasil
Fundos globais aceleram compras de FIIs brasileiros,https://valor.globo.com/financas/noticia/2024/12/16/fundos-globais-aceleram-compras-de-fiis-brasileiros.ghtml,2024-12-16,valor,bolsa valores
Campanha de Natal vai às ruas para ficar mais perto do consumidor,https://valor.globo.com/empresas/noticia/2024/12/16/campanha-de-natal-vai-as-ruas-para-ficar-mais-perto-do-consumidor.ghtml,2024-12-16,valor,bolsa valores
Brasil perde espaço em portfólio estrangeiro,https://valor.globo.com/impresso/noticia/2024/12/16/brasil-perde-espaco-em-portfolio-estrangeiro.ghtml,2024-12-16,valor,bolsa valores
B3 e governo lançam cartão-presente de Tesouro Direto,https://valor.globo.com/financas/noticia/2024/12/16/b3-e-governo-lanam-carto-presente-de-tesouro-direto.ghtml,2024-12-16,valor,bolsa valores
Bitcoin renova máxima histórica após Trump confirmar plano de reserva da criptomoeda,https://valor.globo.com/financas/criptomoedas/noticia/2024/12/16/bitcoin-renova-mxima-histrica-aps-trump-confirmar-plano-de-reserva-da-criptomoeda.ghtml,2024-12-16,valor,bolsa valores
"‘Com EUA em bom ritmo, ganho com ações se espalha’",https://valor.globo.com/financas/noticia/2024/12/16/com-eua-em-bom-ritmo-ganho-com-acoes-se-espalha.ghtml,2024-12-16,valor,bolsa valores
EUA estão em contato direto com novo governo da Síria,https://valor.globo.com/mundo/noticia/2024/12/16/eua-esto-em-contato-direto-com-novo-governo-da-sria.ghtml,2024-12-16,valor,crise financeira
"Estrangeiros retiram R$ 530,5 milhões na B3 em 12 de dezembro e déficit anual vai a R$ 32,3 bilhões",https://valor.globo.com/financas/noticia/2024/12/16/estrangeiros-retiram-r-5305-milhes-na-b3-em-12-de-dezembro-e-dficit-anual-vai-a-r-323-bilhes.ghtml,2024-12-16,valor,ibovespa
Juros futuros disparam com piora da percepção de risco e leilão de dólar,https://valor.globo.com/financas/noticia/2024/12/16/juros-futuros-de-longo-prazo-tem-forte-alta-com-focus-e-risco-local.ghtml,2024-12-16,valor,ibovespa
"Entre o discurso e a prática, o papel estratégico do CEO na comunicação",https://valor.globo.com/publicacoes/especiais/revista-comunicacao-corporativa/noticia/2024/12/16/entre-o-discurso-e-a-pratica-o-papel-estrategico-do-ceo-na-comunicacao.ghtml,2024-12-16,valor,crise financeira
Manhã no mercado: Focus e aprovação de pacote fiscal devem concentrar atenção dos investidores,https://valor.globo.com/financas/noticia/2024/12/16/manha-no-mercado-focus-e-aprovacao-de-pacote-fiscal-devem-concentrar-atencao-dos-investidores.ghtml,2024-12-16,valor,ibovespa
COP de desertificação adia mecanismo contra seca,https://valor.globo.com/mundo/noticia/2024/12/16/cop-de-desertificacao-adia-mecanismo-contra-seca.ghtml,2024-12-16,valor,crise financeira
Ibovespa perde os 124 mil pontos e bate menor nível desde junho,https://valor.globo.com/financas/noticia/2024/12/16/ibovespa-perde-nivel-de-124-mil-pontos-e-volta-a-patamar-de-janeiro-com-fiscal.ghtml,2024-12-16,valor,ibovespa
Juros futuros disparam em novo dia de estresse com fiscal e leilão de dólar,https://valor.globo.com/financas/noticia/2024/12/16/juros-futuros-disparam-em-novo-dia-de-estresse-com-fiscal-e-leilao-de-dolar.ghtml,2024-12-16,valor,ibovespa
"Em dia de baixa liquidez, Ibovespa ronda estabilidade de olho em pacote fiscal",https://valor.globo.com/financas/noticia/2024/12/16/ibovespa-sobe-em-dia-de-baixa-liquidez-e-de-olho-na-aprovacao-do-pacote-fiscal.ghtml,2024-12-16,valor,ibovespa
"FT: Economia da Argentina cresce 3,9% no 3° trimestre e sai da recessão",https://valor.globo.com/mundo/noticia/2024/12/16/ft-economia-da-argentina-cresce-39-pontos-percentuais-no-3-trimestre-e-sai-da-recesso.ghtml,2024-12-16,valor,crise econômica
Seniores da comunicação se reinventam e exploram novos horizontes,https://valor.globo.com/publicacoes/especiais/revista-comunicacao-corporativa/noticia/2024/12/16/seniores-da-comunicacao-se-reinventam-e-exploram-novos-horizontes.ghtml,2024-12-16,valor,crise econômica
Como o alto escalão se desconecta do dia a dia do trabalho,https://valor.globo.com/carreira/noticia/2024/12/16/como-o-alto-escalao-se-desconecta-do-dia-a-dia-do-trabalho.ghtml,2024-12-16,valor,crise econômica
"Indústria de transformação tem bom ano exportador em 2024, mas enfrenta riscos em 2025",https://valor.globo.com/brasil/noticia/2024/12/16/industria-de-transformacao-tem-bom-ano-exportador-em-2024-mas-enfrenta-riscos-em-2025.ghtml,2024-12-16,valor,recessão brasil
Comunicação corporativa enfrenta novos desafios em um cenário de transformações globais,https://valor.globo.com/publicacoes/especiais/revista-comunicacao-corporativa/noticia/2024/12/16/comunicacao-corporativa-enfrenta-novos-desafios-em-um-cenario-de-transformacoes-globais.ghtml,2024-12-16,valor,crise financeira
Agências de comunicação corporativa ganham protagonismo com foco em dados e resultados,https://valor.globo.com/publicacoes/especiais/revista-comunicacao-corporativa/noticia/2024/12/16/agencias-de-comunicacao-corporativa-ganham-protagonismo-com-foco-em-dados-e-resultados.ghtml,2024-12-16,valor,crise financeira
Comunicação estratégica ganha força no mercado financeiro e de capitais,https://valor.globo.com/publicacoes/especiais/revista-comunicacao-corporativa/noticia/2024/12/16/comunicacao-estrategica-ganha-forca-no-mercado-financeiro-e-de-capitais.ghtml,2024-12-16,valor,crise financeira
IA transforma a comunicação corporativa com eficiência e inovação,https://valor.globo.com/publicacoes/especiais/revista-comunicacao-corporativa/noticia/2024/12/16/ia-transforma-a-comunicacao-corporativa-com-eficiencia-e-inovacao.ghtml,2024-12-16,valor,crise financeira
FT: Cresce na UE temor de que tarifas dos EUA inundem bloco com produtos da China,https://valor.globo.com/mundo/noticia/2024/12/16/cresce-na-ue-temor-de-que-tarifas-dos-eua-inundem-bloco-com-produtos-da-china.ghtml,2024-12-16,valor,crise econômica
Segunda prévia do Ibovespa mantém inclusão das ações da Marcopolo,https://valor.globo.com/financas/noticia/2024/12/16/segunda-previa-do-ibovespa-mantem-inclusao-das-acoes-da-marcopolo.ghtml,2024-12-16,valor,ibovespa
"Com Decolar, Prosus volta ao turismo e avança na América Latina",https://valor.globo.com/empresas/noticia/2024/12/23/com-decolar-prosus-volta-ao-turismo-e-mira-mercado-da-amrica-latina.ghtml,2024-12-23,valor,bolsa valores
Auditoria Interna fortalece a governança corporativa em cenários de crise e incerteza econômica,https://valor.globo.com/patrocinado/pressworks/noticia/2025/04/14/auditoria-interna-fortalece-a-governanca-corporativa-em-cenarios-de-crise-e-incerteza-economica.ghtml,2025-04-14,valor,crise econômica
Crise de inadimplência no Brasil desafia empresas e economia: como o crédito internacional pode ser a solução,https://valor.globo.com/patrocinado/pressworks/noticia/2025/09/17/crise-de-inadimplencia-no-brasil-desafia-empresas-e-economia-como-o-credito-internacional-pode-ser-a-solucao.ghtml,2025-09-17,valor,crise econômica
Brasil precisa romper a armadilha do juro alto para voltar a crescer,https://valor.globo.com/conteudo-de-marca/cni/noticia/2025/11/24/brasil-precisa-romper-a-armadilha-do-juro-alto-para-voltar-a-crescer.ghtml,2025-11-24,valor,recessão brasil
"Brasileiros se veem em situação financeira difícil, mas acreditam que renda vai aumentar em 2026, diz Ipsos",https://valor.globo.com/brasil/noticia/2025/11/25/brasileiros-se-veem-em-situao-financeira-difcil-mas-acreditam-que-renda-vai-aumentar-em-2026-diz-ipsos.ghtml,2025-11-25,valor,recessão brasil
Tarcísio defende prisão perpétua no Brasil,https://valor.globo.com/politica/noticia/2025/11/27/tarcisio-defende-prisao-perpetua-no-brasil.ghtml,2025-11-27,valor,recessão brasil
Tarcísio defende prisão perpétua no Brasil,https://valor.globo.com/politica/noticia/2025/11/28/tarcisio-defende-prisao-perpetua-no-brasil.ghtml,2025-11-28,valor,recessão brasil
"Bullard, ex-Fed, vê excesso de data centers nos EUA e receita incerta para empresas de IA",https://valor.globo.com/financas/intraday/noticia/2025/11/29/bullard-ex-fed-ve-excesso-de-data-centers-nos-eua-e-receita-incerta-para-empresas-de-ia.ghtml,2025-11-29,valor,recessão brasil
"J.P. Morgan projeta Ibovespa a 190 mil pontos no fim de 2026, mas destaca ‘eleição imprevisível’",https://valor.globo.com/financas/noticia/2025/12/03/jp-morgan-projeta-ibovespa-a-190-mil-pontos-no-fim-de-2026-mas-destaca-eleio-imprevisvel.ghtml,2025-12-03,valor,recessão brasil
"Projeções indicam alta de 0,2% para o PIB no 3º trimestre",https://valor.globo.com/brasil/noticia/2025/12/03/projecoes-indicam-alta-de-02-para-o-pib-no-3o-trimestre.ghtml,2025-12-03,valor,recessão brasil
Solução para Viracopos pode liberar investimento de até R$ 5 bi,https://valor.globo.com/publicacoes/especiais/infraestrutura-logistica-sudeste/noticia/2025/12/05/solucao-para-viracopos-pode-liberar-investimento-de-ate-r-5-bi.ghtml,2025-12-05,valor,recessão brasil
"PIB já está crescendo abaixo do potencial, diz Leonardo Porto, do Citi",https://valor.globo.com/brasil/noticia/2025/12/09/pib-j-est-crescendo-abaixo-do-potencial-diz-leonardo-porto-do-citi.ghtml,2025-12-09,valor,recessão brasil
"Pobreza cai, mas romper a cadeia requer igualar oportunidades",https://valor.globo.com/opiniao/noticia/2025/12/15/pobreza-cai-mas-romper-a-cadeia-requer-igualar-oportunidades.ghtml,2025-12-15,valor,recessão brasil
Colombo processa Gávea e vende crédito a fundo da Trustee,https://valor.globo.com/empresas/noticia/2025/12/19/colombo-processa-gavea-e-vende-credito-a-fundo-da-trustee.ghtml,2025-12-19,valor,recessão brasil
Ibovespa avança em dia de baixa liquidez e corrige excessos ligados ao quadro político,https://valor.globo.com/financas/noticia/2025/12/23/ibovespa-avanca-com-blue-chips-e-cenario-eleitoral-no-radar.ghtml,2025-12-23,valor,ibovespa
"Estrangeiros retiram R$ 768,9 milhões em 19 de dezembro e saldo positivo do ano chega a R$ 26,1 bilhões",https://valor.globo.com/financas/noticia/2025/12/23/estrangeiros-retiram-r-7689-milhes-em-19-de-dezembro-e-saldo-positivo-do-ano-chega-a-r-261-bilhes.ghtml,2025-12-23,valor,ibovespa
Ibovespa recupera 160 mil pontos em movimento de correção após ruídos políticos,https://valor.globo.com/financas/noticia/2025/12/23/bancos-e-dividendos-impulsionam-ibovespa-em-movimento-de-correcao-apos-ruidos-politicos.ghtml,2025-12-23,valor,ibovespa
"Apesar de ruídos políticos, Ibovespa acumula alta de 1,53% na semana",https://valor.globo.com/financas/noticia/2025/12/26/ibovespa-encerra-com-leve-alta-em-pregao-de-liquidez-reduzida-e-de-olho-no-cenario-politico.ghtml,2025-12-26,valor,ibovespa
Bolsas brasileiras batem recorde e brasileiro mira Nasdaq,https://valor.globo.com/patrocinado/dino/noticia/2025/12/26/bolsas-brasileiras-batem-recorde-e-brasileiro-mira-nasdaq-1.ghtml,2025-12-26,valor,ibovespa
Ibovespa opera em leve queda em pregão de liquidez reduzida e incertezas políticas no radar,https://valor.globo.com/financas/noticia/2025/12/26/ibovespa-recua-com-liquidez-reduzida-e-cenario-politico-de-2026-no-radar.ghtml,2025-12-26,valor,ibovespa
Crédito deve manter em 2026 trajetória de desaceleração,https://valor.globo.com/financas/noticia/2025/12/29/credito-deve-manter-em-2026-trajetoria-de-desaceleracao.ghtml,2025-12-29,valor,crise financeira
Ceron diz que Correios vão economizar R$ 5 bi em juros pelo aval da União em empréstimo,https://valor.globo.com/brasil/noticia/2025/12/29/ceron-diz-que-correios-vao-economizar-r-5-bi-em-juros-pelo-aval-da-uniao-em-emprestimo.ghtml,2025-12-29,valor,crise financeira
Caso Master: Confederação Nacional das Instituições Financeiras se junta a associações do setor em defesa do BC,https://valor.globo.com/financas/noticia/2025/12/29/caso-master-confederao-nacional-das-instituies-financeiras-se-junta-a-associaes-do-setor-em-defesa-do-bc.ghtml,2025-12-29,valor,crise financeira
"Governo central tem déficit primário de R$ 20,2 bilhões em novembro",https://valor.globo.com/brasil/noticia/2025/12/29/governo-central-tem-deficit-primario-de-r-202-bilhoes-em-novembro.ghtml,2025-12-29,valor,bolsa valores
Irã vive onda de protestos após mínima histórica da moeda local,https://valor.globo.com/mundo/noticia/2025/12/29/ira-vive-onda-de-protestos-apos-minima-historica-da-moeda-local.ghtml,2025-12-29,valor,crise econômica
Mundo ingressa em 2026 com retrocesso nas políticas climáticas,https://valor.globo.com/mundo/noticia/2025/12/29/mundo-ingressa-em-2026-com-retrocesso-nas-politicas-climaticas.ghtml,2025-12-29,valor,recessão brasil
China promete gastos fiscais eficientes para crescimento em 2026,https://valor.globo.com/mundo/noticia/2025/12/29/china-promete-gastos-fiscais-eficientes-para-crescimento-em-2026.ghtml,2025-12-29,valor,crise financeira
"Toffoli ignora queixas e mantém acareação entre BC, BRB e Master",https://valor.globo.com/politica/noticia/2025/12/29/toffoli-ignora-queixas-e-mantem-acareacao-entre-bc-brb-e-master.ghtml,2025-12-29,valor,crise financeira
Interferências do STF e do TCU na liquidação do Banco Master acendem alerta no FMI e no Banco Mundial,https://valor.globo.com/financas/noticia/2025/12/29/interferncias-do-stf-e-do-tcu-na-liquidao-do-banco-master-acendem-alerta-no-fmi-e-no-banco-mundial.ghtml,2025-12-29,valor,crise financeira
Ações de bancos recuam em bloco e ampliam perdas do Ibovespa,https://valor.globo.com/financas/noticia/2025/12/29/ibovespa-recua-com-perdas-em-bancos-em-dia-de-liquidez-reduzida.ghtml,2025-12-29,valor,ibovespa
Ações da Vale aceleram perdas com abertura de NY e entram em leilão,https://valor.globo.com/financas/noticia/2025/12/29/aes-da-vale-aceleram-perdas-com-abertura-de-ny-e-entram-em-leilo.ghtml,2025-12-29,valor,ibovespa
Gestoras pedem inclusão de fundos imobiliários no Ibovespa,https://valor.globo.com/financas/noticia/2025/12/29/gestoras-pedem-inclusao-de-fundos-imobiliarios-no-ibovespa.ghtml,2025-12-29,valor,ibovespa
Bitcoin devolve ganhos e cai aos US$ 87 mil seguindo Nasdaq,https://valor.globo.com/financas/criptomoedas/noticia/2025/12/29/bitcoin-devolve-ganhos-e-cai-aos-us-87-mil-seguindo-nasdaq.ghtml,2025-12-29,valor,bolsa valores
Por que brasileiros estão abandonando imobiliárias para administrar seus próprios imóveis,https://valor.globo.com/patrocinado/saftec/noticia/2025/12/29/por-que-brasileiros-estao-abandonando-imobiliarias-para-administrar-seus-proprios-imoveis-1.ghtml,2025-12-29,valor,bolsa valores
Ibovespa recua sem apoio de Vale e bancos; Petrobras limita perdas,https://valor.globo.com/financas/noticia/2025/12/29/ibovespa-recua-sem-apoio-de-vale-e-bancos-petrobras-limita-perdas.ghtml,2025-12-29,valor,ibovespa
"Khaleda Zia, a primeira mulher a ocupar o cargo de premier de Bangladesh, morre aos 80 anos",https://valor.globo.com/mundo/noticia/2025/12/30/khaleda-zia-a-primeira-mulher-a-ocupar-o-cargo-de-premier-de-bangladesh-morre-aos-80-anos.ghtml,2025-12-30,valor,bolsa valores
"Ganho de produtividade gerado pela IA ainda é restrito, afirma FGV Ibre",https://valor.globo.com/brasil/noticia/2025/12/30/ganho-de-produtividade-gerado-pela-ia-ainda-e-restrito-afirma-fgv-ibre.ghtml,2025-12-30,valor,bolsa valores
"Dólar despenca e toca R$ 5,48 em dia de formação da Ptax",https://valor.globo.com/financas/noticia/2025/12/30/dolar-abre-em-queda-em-dia-de-formacao-da-ptax-e-ata-do-fed.ghtml,2025-12-30,valor,bolsa valores
"Bitcoin sobe, mas segue sem força para recuperar os US$ 90 mil e deve cair perto de 5,9% em 2025",https://valor.globo.com/financas/criptomoedas/noticia/2025/12/30/bitcoin-sobe-mas-segue-sem-fora-para-recuperar-os-us-90-mil-e-deve-cair-perto-de-59-pontos-percentuais-em-2025.ghtml,2025-12-30,valor,bolsa valores
"Saída de capital no fim do ano leva dólar a R$ 5,57",https://valor.globo.com/financas/noticia/2025/12/30/saida-de-capital-no-fim-do-ano-leva-dolar-a-r-557.ghtml,2025-12-30,valor,ibovespa
Ibovespa avança no último pregão de 2025 e tem maior alta nominal desde 2016,https://valor.globo.com/financas/noticia/2025/12/30/ibovespa-avanca-no-ultimo-pregao-de-2025-e-tem-maior-alta-nominal-desde-2016.ghtml,2025-12-30,valor,ibovespa
Ibovespa avança no último pregão do ano e pode ter maior alta nominal desde 2016,https://valor.globo.com/financas/noticia/2025/12/30/ibovespa-sobe-na-ultima-sessao-do-ano-com-apoio-de-blue-chips.ghtml,2025-12-30,valor,ibovespa
Estrangeiros aportam cerca de R$ 150 milhões na B3 em 26 de dezembro,https://valor.globo.com/financas/noticia/2025/12/30/estrangeiros-aportam-cerca-de-r-150-milhoes-na-b3-em-26-de-dezembro.ghtml,2025-12-30,valor,ibovespa
Juros futuros renovam máximas com Caged mais forte que o esperado,https://valor.globo.com/financas/noticia/2025/12/30/juros-curtos-sobem-apos-desemprego-atingir-nova-minima-historica.ghtml,2025-12-30,valor,ibovespa
"Após arrumar as finanças neste ano, grupos de educação vão priorizar margens em 2026",https://valor.globo.com/empresas/noticia/2025/12/30/apos-arrumar-as-financas-neste-ano-grupos-de-educacao-vao-priorizar-margens-em-2026.ghtml,2025-12-30,valor,ibovespa
Bolsas da Europa têm alta e Stoxx 600 termina o ano em nível recorde,https://valor.globo.com/financas/noticia/2025/12/30/bolsas-da-europa-tem-alta-e-stoxx-600-termina-o-ano-em-nivel-recorde.ghtml,2025-12-30,valor,bolsa valores
Envelhecimento e falta de mão de obra são maiores preocupações da construção,https://valor.globo.com/empresas/noticia/2025/12/30/envelhecimento-e-falta-de-mao-de-obra-sao-maiores-preocupacoes-da-construcao.ghtml,2025-12-30,valor,bolsa valores
ANP publica metas preliminares de redução de emissões para distribuidoras de combustíveis,https://valor.globo.com/brasil/noticia/2025/12/30/anp-publica-metas-preliminares-de-reduo-de-emisses-para-distribuidoras-de-combustveis.ghtml,2025-12-30,valor,bolsa valores
"Desemprego cai para 5,2% no trimestre encerrado em novembro, menor taxa da série histórica, diz IBGE",https://valor.globo.com/brasil/noticia/2025/12/30/desemprego-cai-para-52percent-no-trimestre-encerrado-em-novembro-menor-taxa-da-serie-historica-diz-ibge.ghtml,2025-12-30,valor,recessão brasil
"TST nega abusividade de greve dos Correios e concede reajuste de 5,10%",https://valor.globo.com/legislacao/noticia/2025/12/30/tst-nega-abusividade-de-greve-dos-correios-e-concede-reajuste-de-510-pontos-percentuais.ghtml,2025-12-30,valor,crise financeira
Milei enfrenta teste de confiança com anistia fiscal,https://valor.globo.com/mundo/noticia/2025/12/30/milei-enfrenta-teste-de-confianca-com-anistia-fiscal.ghtml,2025-12-30,valor,crise financeira
Banco Master: Sindicato repudia ‘tentativas de arrastar BC para disputa político-eleitoral ou de fomentar indisposição com STF’,https://valor.globo.com/financas/noticia/2025/12/30/banco-master-sindicato-repudia-tentativas-de-arrastar-bc-para-disputa-poltico-eleitoral-ou-de-fomentar-indisposio-com-stf.ghtml,2025-12-30,valor,crise financeira
Fatia de ‘empresas-zumbi’ no Brasil é a maior de emergentes,https://valor.globo.com/brasil/noticia/2025/12/30/fatia-de-empresas-zumbi-no-brasil-e-a-maior-de-emergentes.ghtml,2025-12-30,valor,recessão brasil
Ouro e bolsa lideram ganhos em ano de juro alto,https://valor.globo.com/impresso/noticia/2025/12/30/ouro-e-bolsa-lideram-ganhos-em-ano-de-juro-alto.ghtml,2025-12-30,valor,crise econômica
Tesouro encurta dívida nos EUA e aciona sinal de alerta no mercado,https://valor.globo.com/financas/noticia/2025/12/30/mercado-alerta-para-divida-mais-curta-nos-eua.ghtml,2025-12-30,valor,crise financeira
Empréstimo ficará R$ 5 bi menos caro,https://valor.globo.com/brasil/noticia/2025/12/30/emprestimo-ficara-r-5-bi-menos-caro.ghtml,2025-12-30,valor,crise financeira
Hugo Motta fecha o 1º ano como presidente da Câmara com liderança questionada,https://valor.globo.com/politica/noticia/2025/12/30/motta-fecha-o-1o-ano-com-lideranca-questionada.ghtml,2025-12-30,valor,crise financeira
Lewandowski avisa que vai deixar governo e Lula pede tempo para escolher substituto,https://valor.globo.com/politica/noticia/2025/12/30/lewandowski-avisa-que-vai-deixar-governo-e-lula-pede-tempo-para-escolher-substituto.ghtml,2025-12-30,valor,crise econômica
Marinho: Ano eleitoral talvez facilite aprovação do fim da escala 6x1 no Congresso,https://valor.globo.com/brasil/noticia/2025/12/30/marinho-ano-eleitoral-talvez-facilite-aprovao-do-fim-da-escala-6x1-no-congresso.ghtml,2025-12-30,valor,crise econômica
Ouro e bolsa se destacam em ano de juro alto e instabilidade doméstica e externa,https://valor.globo.com/financas/noticia/2025/12/30/ouro-e-bolsa-se-destacam-em-ano-de-juro-alto-e-instabilidade-domestica-e-externa.ghtml,2025-12-30,valor,crise financeira
Xi diz que China cumprirá meta de crescimento econômico após ‘ano extraordinário’,https://valor.globo.com/mundo/noticia/2025/12/31/xi-diz-que-china-cumprir-meta-de-crescimento-econmico-aps-ano-extraordinrio.ghtml,2025-12-31,valor,crise econômica
Turbulência política mancha estreia da Bulgária na zona do euro,https://valor.globo.com/mundo/noticia/2025/12/31/turbulencia-politica-mancha-estreia-da-bulgaria-na-zona-do-euro.ghtml,2025-12-31,valor,crise econômica
"Bitcoin sobe 0,8%, mas não deve evitar queda no ano e quebra do ciclo de 4 anos",https://valor.globo.com/financas/criptomoedas/noticia/2025/12/31/bitcoin-sobe-08-pontos-percentuais-mas-no-deve-evitar-queda-no-ano-e-quebra-do-ciclo-de-4-anos.ghtml,2025-12-31,valor,bolsa valores
IA traz surpresas na virada do ano e promete agitar o mercado em 2026,https://valor.globo.com/empresas/inteligencia-artificial/noticia/2025/12/31/ia-traz-surpresas-na-virada-do-ano-e-promete-agitar-o-mercado-em-2026.ghtml,2025-12-31,valor,bolsa valores
FT: Previsões para o mundo em 2026,https://valor.globo.com/mundo/noticia/2025/12/31/ft-previses-para-o-mundo-em-2026.ghtml,2025-12-31,valor,bolsa valores
Para onde vai o bitcoin em 2026? Especialistas apontam 5 fatores a acompanhar,https://valor.globo.com/financas/criptomoedas/noticia/2025/12/31/para-onde-vai-o-bitcoin-em-2026-especialistas-apontam-5-fatores-a-acompanhar.ghtml,2025-12-31,valor,bolsa valores
Bolsas de NY têm 4ª sessão seguida de perdas no último pregão do ano,https://valor.globo.com/financas/noticia/2025/12/31/bolsas-de-ny-tem-4a-sessao-seguida-de-perdas-no-ultimo-pregao-do-ano.ghtml,2025-12-31,valor,bolsa valores
"BC diz ao TCU que identificou crise crônica de liquidez e falhas no Banco Master, além de ‘ilícitos graves’",https://valor.globo.com/financas/noticia/2025/12/31/bc-diz-ao-tcu-que-identificou-crise-crnica-de-liquidez-e-falhas-no-master-alm-de-ilcitos-graves.ghtml,2025-12-31,valor,crise financeira
"BC identifica indícios de fraudes do Master com fundos da Reag, investigada por elo com PCC",https://valor.globo.com/financas/noticia/2025/12/31/bc-identifica-indicios-de-fraudes-de-r-115-bi-do-master-com-fundos-da-reag-investigada-por-elo-com-pcc.ghtml,2025-12-31,valor,crise financeira
