title,url,date,source,keyword
Crise financeira invade Cannes com filme de Oliver Stone,https://g1.globo.com/pop-arte/noticia/2010/05/crise-financeira-invade-cannes-com-filme-de-oliver-stone.html,2010-06-15,g1,crise financeira
Bush diz ter 'consciência tranquila' sobre crise financeira,https://g1.globo.com/economia-e-negocios/noticia/2010/11/bush-diz-ter-consciencia-tranquila-sobre-crise-financeira.html,2010-06-15,g1,crise financeira
"Membro do BCE vê Brasil, China e Índia puxando expansão global",https://g1.globo.com/politica/noticia/2010/06/membro-do-bce-ve-brasil-china-e-india-puxando-expansao-global-1.html,2010-06-15,g1,recessão brasil
"Membro do BCE vê Brasil, China e Índia puxando expansão global",https://g1.globo.com/mundo/noticia/2010/06/membro-do-bce-ve-brasil-china-e-india-puxando-expansao-global-2.html,2010-06-15,g1,recessão brasil
"Membro do BCE vê Brasil, China e Índia puxando expansão global",https://g1.globo.com/economia-e-negocios/noticia/2010/06/membro-do-bce-ve-brasil-china-e-india-puxando-expansao-global.html,2010-06-15,g1,recessão brasil
Strauss-Khan elogia Brasil e pede coordenação mundial para sair da crise,https://g1.globo.com/mundo/noticia/2010/05/strauss-khan-elogia-brasil-e-pede-coordenacao-mundial-para-sair-da-crise.html,2010-06-15,g1,recessão brasil
"Lucro do Santander Brasil cresce 31,4% no 3o tri",https://g1.globo.com/economia-e-negocios/noticia/2010/10/lucro-do-santander-brasil-cresce-314-no-3o-tri.html,2010-06-15,g1,recessão brasil
Fitch revê perspectiva do Brasil para positiva,https://g1.globo.com/economia-e-negocios/noticia/2010/06/fitch-reve-perspectiva-do-brasil-para-positiva.html,2010-06-15,g1,recessão brasil
"México e Brasil devem otimizar condições de investimento, dizem analistas",https://g1.globo.com/mundo/noticia/2010/11/mexico-e-brasil-devem-otimizar-condicoes-de-investimento-dizem-analistas.html,2010-06-15,g1,recessão brasil
AES descarta risco de apagão e diz que Brasil tem folga energética,https://g1.globo.com/economia-e-negocios/noticia/2010/07/aes-descarta-risco-de-apagao-e-diz-que-brasil-tem-folga-energetica.html,2010-06-15,g1,recessão brasil
Agência de classificação de risco revê perspectiva do Brasil para positiva,https://g1.globo.com/economia-e-negocios/noticia/2010/06/fitch-confirma-ratings-do-brasil-e-reve-perspectiva-para-positiva.html,2010-06-15,g1,recessão brasil
"Retomada da economia desacelera no Brasil, diz OCDE",https://g1.globo.com/economia-e-negocios/noticia/2010/09/retomada-da-economia-desacelera-no-brasil-diz-ocde.html,2010-06-15,g1,recessão brasil
Russos negociam com Brasil para investir no pré-sal,https://g1.globo.com/economia-e-negocios/noticia/2010/09/russos-negociam-com-brasil-para-investir-no-pre-sal.html,2010-06-15,g1,recessão brasil
"Cepal prevê  crescimento do Brasil  de 7,6% em 2010",https://g1.globo.com/economia-e-negocios/noticia/2010/07/cepal-ve-brasil-crescendo-76-em-2010.html,2010-06-15,g1,recessão brasil
"FMI: Brasil deve crescer 7,5% em 2010 e 4,5% em 2011",https://g1.globo.com/economia-e-negocios/noticia/2010/10/fmi-brasil-deve-crescer-75-em-2010-e-45-em-2011.html,2010-06-15,g1,recessão brasil
Ibovespa opera volátil,https://g1.globo.com/economia/mercados/noticia/2010/12/ibovespa-opera-volatil.html,2010-06-15,g1,ibovespa
Ibovespa abre em queda,https://g1.globo.com/mundo/noticia/2010/12/ibovespa-abre-em-queda-2.html,2010-06-15,g1,ibovespa
Ibovespa abre em baixa,https://g1.globo.com/mundo/noticia/2010/12/ibovespa-abre-em-baixa-1.html,2010-06-15,g1,ibovespa
Ibovespa fecha estável,https://g1.globo.com/mundo/noticia/2010/09/ibovespa-fecha-estavel.html,2010-06-15,g1,ibovespa
Ibovespa abre em alta,https://g1.globo.com/mundo/noticia/2010/11/ibovespa-abre-em-alta-1.html,2010-06-15,g1,ibovespa
Ibovespa abre em queda,https://g1.globo.com/mundo/noticia/2010/09/ibovespa-abre-em-queda-1.html,2010-06-15,g1,ibovespa
Reino Unido quer aumentar parceria com Brasil,https://g1.globo.com/economia-e-negocios/noticia/2010/08/reino-unido-quer-aumentar-parceria-com-brasil.html,2010-06-15,g1,recessão brasil
Brasil fica em 47º em 'índice de democracia' da 'Economist',https://g1.globo.com/mundo/noticia/2010/12/brasil-fica-em-47-em-indice-de-democracia-da-economist.html,2010-06-15,g1,recessão brasil
Ricos do mundo enriqueceram mais na recessão de 2009--relatório,https://g1.globo.com/mundo/noticia/2010/06/ricos-do-mundo-enriqueceram-mais-na-recessao-de-2009-relatorio-2.html,2010-06-15,g1,recessão brasil
"Fitch revisa perspectiva do Brasil a ""positiva"", mantém nota",https://g1.globo.com/economia-e-negocios/noticia/2010/06/fitch-revisa-perspectiva-do-brasil-a-positiva-mantem-nota.html,2010-06-15,g1,recessão brasil
Premiê da China alerta para complicações da crise financeira,https://g1.globo.com/economia-e-negocios/noticia/2010/05/premie-da-china-alerta-para-complicacoes-da-crise-financeira.html,2010-06-15,g1,crise financeira
Espanha anuncia novas medidas contra crise econômica,https://g1.globo.com/economia-e-negocios/noticia/2010/12/espanha-anuncia-novas-medidas-contra-crise-economica.html,2010-06-15,g1,crise econômica
Crise econômica ameaça luta contra narcotráfico na Europa,https://g1.globo.com/mundo/noticia/2010/11/crise-economica-ameaca-luta-contra-narcotrafico-na-europa.html,2010-06-15,g1,crise econômica
Crise econômica preocupa sobre doações --conferência de AIDS,https://g1.globo.com/mundo/noticia/2010/07/crise-economica-preocupa-sobre-doacoes-conferencia-de-aids.html,2010-06-15,g1,crise econômica
Europeus protestam contra medidas para combater crise econômica,https://g1.globo.com/jornal-nacional/noticia/2010/12/europeus-protestam-contra-medidas-para-combater-crise-economica.html,2010-06-15,g1,crise econômica
Crise econômica preocupa sobre doações --conferência de AIDS,https://g1.globo.com/mundo/noticia/2010/07/crise-economica-preocupa-sobre-doacoes-conferencia-de-aids-1.html,2010-06-15,g1,crise econômica
Análise: Cortes são efeitos retardados da crise econômica,https://g1.globo.com/economia-e-negocios/noticia/2010/10/analise-cortes-sao-efeitos-retardados-da-crise-economica.html,2010-06-15,g1,crise econômica
Crise econômica é combustível para ascensão do Tea Party,https://g1.globo.com/mundo/noticia/2010/10/crise-economica-e-combustivel-para-ascensao-do-tea-party.html,2010-06-15,g1,crise econômica
Rússia supera crise econômica e melhora relações com o Ocidente,https://g1.globo.com/mundo/noticia/2010/12/russia-supera-crise-economica-e-melhora-relacoes-com-o-ocidente.html,2010-06-15,g1,crise econômica
Ibovespa abre em queda,https://g1.globo.com/mundo/noticia/2010/09/ibovespa-abre-em-queda.html,2010-06-15,g1,ibovespa
Entenda o papel do G-20 na crise econômica internacional,https://g1.globo.com/educacao/noticia/2010/09/entenda-o-papel-do-g-20-na-crise-economica-internacional.html,2010-06-15,g1,crise econômica
"Apesar da crise econômica, Caricom ratifica compromisso de integração",https://g1.globo.com/mundo/noticia/2010/07/apesar-da-crise-economica-caricom-ratifica-compromisso-de-integracao.html,2010-06-15,g1,crise econômica
Rei da Espanha apela a santo para resolver crise econômica,https://g1.globo.com/mundo/noticia/2010/07/rei-da-espanha-apela-a-santo-para-resolver-crise-economica.html,2010-06-15,g1,crise econômica
Crise econômica de 2009 fez crescer a pobreza nos Estados Unidos,https://g1.globo.com/bom-dia-brasil/noticia/2010/09/crise-economica-de-2009-fez-crescer-pobreza-nos-estados-unidos.html,2010-06-15,g1,crise econômica
"Espanha, país que mais sofreu com a crise econômica, vive greve geral",https://g1.globo.com/bom-dia-brasil/noticia/2010/09/espanha-pais-que-mais-sofreu-com-crise-economica-vive-greve-geral.html,2010-06-15,g1,crise econômica
"Para China, crise europeia ameaça solidez econômica",https://g1.globo.com/economia-e-negocios/noticia/2010/05/para-china-crise-europeia-ameaca-solidez-economica.html,2010-06-15,g1,crise econômica
"Crise econômica prejudica esforços de combate à fome, diz ONU",https://g1.globo.com/mundo/noticia/2010/06/crise-economica-prejudica-esforcos-de-combate-a-fome-diz-onu.html,2010-06-15,g1,crise econômica
FMI descarta dupla recessão e alerta Brasil a ter expansão moderada,https://g1.globo.com/economia-e-negocios/noticia/2010/11/fmi-descarta-dupla-recessao-e-alerta-brasil-a-ter-expansao-moderada.html,2010-06-15,g1,recessão brasil
"Deterioração de contas externas pode provocar recessão, aponta Fiesp",https://g1.globo.com/economia-e-negocios/noticia/2010/11/deterioracao-de-contas-externas-pode-provocar-recessao-aponta-fiesp.html,2010-06-15,g1,recessão brasil
Ricos do mundo enriqueceram mais na recessão de 2009--relatório,https://g1.globo.com/mundo/noticia/2010/06/ricos-do-mundo-enriqueceram-mais-na-recessao-de-2009-relatorio-1.html,2010-06-15,g1,recessão brasil
Dois casamentos reais para compensar a crise econômica na Europa,https://g1.globo.com/mundo/noticia/2010/12/dois-casamentos-reais-para-compensar-a-crise-economica-na-europa.html,2010-06-15,g1,crise econômica
"Crise financeira prejudica luta contra aids, diz Bono, do U2",https://g1.globo.com/mundo/noticia/2010/11/crise-financeira-prejudica-luta-contra-aids-diz-bono-do-u2-1.html,2010-06-15,g1,crise financeira
Ibovespa abre em alta de,https://g1.globo.com/mundo/noticia/2010/08/ibovespa-abre-em-alta-de.html,2010-06-15,g1,ibovespa
Ibovespa inicia negócios em alta,https://g1.globo.com/economia-e-negocios/noticia/2010/12/ibovespa-inicia-negocios-em-alta-1.html,2010-06-15,g1,ibovespa
Pesquisador usa Twitter para prever comportamento de bolsas de valores,https://g1.globo.com/tecnologia/noticia/2010/10/pesquisador-usa-twitter-para-prever-comportamento-de-bolsas-de-valores.html,2010-06-15,g1,bolsa valores
Crise na Grécia derruba bolsas de valores pelo mundo,https://g1.globo.com/jornal-nacional/noticia/2010/05/crise-na-grecia-derruba-bolsas-de-valores-pelo-mundo.html,2010-06-15,g1,bolsa valores
Petróleo sobe nos EUA com alta das bolsas de valores,https://g1.globo.com/economia-e-negocios/noticia/2010/04/petroleo-nos-eua-se-recupera-no-fim-e-sobe-com-wall-street.html,2010-06-15,g1,bolsa valores
Capes fixa valores máximos de bolsas de estudo para estrangeiros,https://g1.globo.com/educacao/noticia/2010/10/capes-fixa-valores-maximos-de-bolsas-de-estudo-para-estrangeiros.html,2010-06-15,g1,bolsa valores
Dilma diz que planeja reajustar valor do Bolsa Família,https://g1.globo.com/economia-e-negocios/noticia/2010/11/dilma-diz-que-planeja-reajustar-valor-do-bolsa-familia.html,2010-06-15,g1,bolsa valores
MEC reajusta valor de bolsas de programa de iniciação científica,https://g1.globo.com/educacao/noticia/2010/07/mec-reajusta-valor-de-bolsas-de-programa-de-iniciacao-cientifica.html,2010-06-15,g1,bolsa valores
FMI elogia resposta da Espanha à crise financeira,https://g1.globo.com/economia-e-negocios/noticia/2010/07/fmi-elogia-resposta-da-espanha-a-crise-financeira.html,2010-06-15,g1,crise financeira
"Crise financeira prejudica luta contra aids, diz Bono, do U2",https://g1.globo.com/pop-arte/noticia/2010/11/crise-financeira-prejudica-luta-contra-aids-diz-bono-do-u2.html,2010-06-15,g1,crise financeira
"Hamburgo constrói ""recinto dos sonhos"" em plena crise financeira",https://g1.globo.com/pop-arte/noticia/2010/06/hamburgo-constroi-recinto-dos-sonhos-em-plena-crise-financeira.html,2010-06-15,g1,crise financeira
"Agropecuária retoma patamar anterior ao da crise financeira, diz CNA",https://g1.globo.com/economia-e-negocios/noticia/2010/12/agropecuaria-retoma-patamar-anterior-ao-da-crise-financeira-diz-cna.html,2010-06-15,g1,crise financeira
FGV: classe A foi a mais atingida pela crise financeira,https://g1.globo.com/economia-e-negocios/noticia/2010/09/fgv-classe-a-foi-a-mais-atingida-pela-crise-financeira.html,2010-06-15,g1,crise financeira
Zona do euro discute novas soluções para crise financeira,https://g1.globo.com/mundo/noticia/2010/12/zona-do-euro-discute-novas-solucoes-para-crise-financeira.html,2010-06-15,g1,crise financeira
China diz que ajudará Portugal a enfrentar crise financeira,https://g1.globo.com/economia-e-negocios/noticia/2010/11/china-diz-que-ajudara-portugal-a-enfrentar-crise-financeira.html,2010-06-15,g1,crise financeira
China diz que ajudará Portugal a enfrentar crise financeira,https://g1.globo.com/mundo/noticia/2010/11/china-diz-que-ajudara-portugal-a-enfrentar-crise-financeira-1.html,2010-06-15,g1,crise financeira
Obama está 'muito preocupado' com crise financeira grega,https://g1.globo.com/mundo/noticia/2010/05/obama-esta-muito-preocupado-com-crise-financeira-grega.html,2010-06-15,g1,crise financeira
JB despede-se do papel por causa da crise financeira,https://g1.globo.com/mundo/noticia/2010/08/jb-despede-se-do-papel-por-causa-da-crise-financeira.html,2010-06-15,g1,crise financeira
Bush diz ter 'consciência tranquila' sobre crise financeira,https://g1.globo.com/mundo/noticia/2010/11/bush-diz-ter-consciencia-tranquila-sobre-crise-financeira-1.html,2010-06-15,g1,crise financeira
China quer trabalhar com o UE contra crise financeira--premiê,https://g1.globo.com/economia-e-negocios/noticia/2010/10/china-quer-trabalhar-com-o-ue-contra-crise-financeira-premie.html,2010-06-15,g1,crise financeira
Bush diz ter 'consciência tranquila' sobre crise financeira,https://g1.globo.com/mundo/noticia/2010/11/bush-diz-ter-consciencia-tranquila-sobre-crise-financeira-2.html,2010-06-15,g1,crise financeira
Bolsas de valores caem no Brasil e no mundo,https://g1.globo.com/jornal-nacional/noticia/2010/05/bolsas-de-valores-caem-no-brasil-e-no-mundo.html,2010-06-15,g1,bolsa valores
Bolsas de valores da Ásia encerram em alta nesta terça-feira,https://g1.globo.com/economia/mercados/noticia/2010/12/bolsas-de-valores-da-asia-encerram-em-alta-nesta-terca-feira.html,2010-06-15,g1,bolsa valores
Bolsas de valores dos EUA caem após manutenção da taxa de juros,https://g1.globo.com/economia-e-negocios/noticia/2010/06/ny-recua-apos-comentarios-do-fed-e-dado-imobiliario.html,2010-06-15,g1,bolsa valores
"Bolsa de valores integrada de Peru, Colômbia e Chile será 2ª da A. Latina",https://g1.globo.com/mundo/noticia/2010/09/bolsa-de-valores-integrada-de-peru-colombia-e-chile-sera-2a-da-a-latina.html,2010-06-15,g1,bolsa valores
Ibovespa inicia negócios em queda,https://g1.globo.com/economia-e-negocios/noticia/2010/12/ibovespa-inicia-negocios-em-queda-1.html,2010-06-15,g1,ibovespa
"Ibovespa fecha em alta de 0,51%",https://g1.globo.com/mundo/noticia/2010/12/ibovespa-fecha-em-alta-de-051.html,2010-06-15,g1,ibovespa
Ibovespa fecha pregão em queda,https://g1.globo.com/economia-e-negocios/noticia/2010/10/ibovespa-fecha-pregao-com-baixa-de-024-e-registra-70568-pontos.html,2010-06-15,g1,ibovespa
"Ibovespa abre em alta de 0,62%",https://g1.globo.com/mundo/noticia/2010/12/ibovespa-abre-em-alta-de-062.html,2010-06-15,g1,ibovespa
"Ibovespa fecha em alta de 0,35%",https://g1.globo.com/mundo/noticia/2010/12/ibovespa-fecha-em-alta-de-035-1.html,2010-06-15,g1,ibovespa
"Ibovespa abre em baixa de 0,23%",https://g1.globo.com/mundo/noticia/2010/12/ibovespa-abre-em-baixa-de-023-1.html,2010-06-15,g1,ibovespa
"Ibovespa fecha em alta de 0,38%",https://g1.globo.com/mundo/noticia/2010/12/ibovespa-fecha-em-alta-de-038.html,2010-06-15,g1,ibovespa
Ibovespa inicia operações em alta,https://g1.globo.com/economia-e-negocios/noticia/2010/12/ibovespa-inicia-operacoes-em-alta.html,2010-06-15,g1,ibovespa
Ibovespa fecha em alta de 1%,https://g1.globo.com/mundo/noticia/2010/12/ibovespa-fecha-em-alta-de-1.html,2010-06-15,g1,ibovespa
Ibovespa abre pregão em queda,https://g1.globo.com/economia-e-negocios/noticia/2010/11/ibovespa-abre-pregao-em-queda.html,2010-06-15,g1,ibovespa
"Ibovespa fecha em baixa de 0,83%",https://g1.globo.com/mundo/noticia/2010/12/ibovespa-fecha-em-baixa-de-083.html,2010-06-15,g1,ibovespa
Oposicionistas incendeiam prédio da Bolsa de Valores de Bangcoc,https://g1.globo.com/mundo/noticia/2010/05/oposicionistas-incendeiam-predio-da-bolsa-de-valores-de-bangcoc.html,2010-06-15,g1,bolsa valores
GM começa processo para voltar à bolsa de valores,https://g1.globo.com/economia-e-negocios/noticia/2010/08/gm-comeca-processo-para-voltar-a-bolsa-de-valores.html,2010-06-15,g1,bolsa valores
Aeromoças dançam na estreia de empresa filipina na Bolsa de Valores,https://g1.globo.com/planeta-bizarro/noticia/2010/10/aeromocas-dancam-na-estreia-de-empresa-filipina-na-bolsa-de-valores.html,2010-06-15,g1,bolsa valores
Bolsa de valores de São Paulo fecha o dia em alta,https://g1.globo.com/jornal-nacional/noticia/2010/09/bolsa-de-valores-de-sao-paulo-fecha-o-dia-em-alta.html,2010-06-15,g1,bolsa valores
Suspeito de matar investidor da Bolsa de Valores se entrega à polícia,https://g1.globo.com/rio-de-janeiro/noticia/2010/08/suspeito-de-matar-investidor-da-bolsa-de-valores-se-entrega-policia.html,2010-06-15,g1,bolsa valores
Cingapura e Sydney criarão quinta maior Bolsa de valores do mundo,https://g1.globo.com/economia-e-negocios/noticia/2010/10/cingapura-e-sydney-criarao-quinta-maior-bolsa-de-valores-do-mundo.html,2010-06-15,g1,bolsa valores
Bolsa de Valores de Milão ganha escultura com dedo médio em riste,https://g1.globo.com/planeta-bizarro/noticia/2010/09/bolsa-de-valores-de-milao-ganha-escultura-com-dedo-medio-em-riste.html,2010-06-15,g1,bolsa valores
GM dá o primeiro passo para o retorno recorde à Bolsa de Valores,https://g1.globo.com/economia-e-negocios/noticia/2010/08/gm-da-o-primeiro-passo-para-o-retorno-recorde-a-bolsa-de-valores.html,2010-06-15,g1,bolsa valores
Investimentos diretos no Brasil caem e a bolsa de valores sofre crise,https://g1.globo.com/bom-dia-brasil/noticia/2010/05/investimentos-diretos-no-brasil-caem-e-bolsa-de-valores-sofre-crise.html,2010-06-15,g1,bolsa valores
Bolsa de Valores fecha em baixa,https://g1.globo.com/jornal-da-globo/noticia/2010/05/bolsa-de-valores-fecha-em-baixa.html,2010-06-15,g1,bolsa valores
Entenda a crise financeira da Grécia,https://g1.globo.com/economia-e-negocios/noticia/2010/04/entenda-crise-financeira-da-grecia.html,2010-06-15,g1,crise financeira
Entenda por que a Grécia vive uma crise financeira,https://g1.globo.com/economia-e-negocios/noticia/2010/05/entenda-por-que-grecia-vive-uma-crise-financeira.html,2010-06-15,g1,crise financeira
'Roubo nas alturas' explora com humor a crise financeira,https://g1.globo.com/pop-arte/noticia/2011/12/estreia-roubo-nas-alturas-explora-com-humor-a-crise-financeira.html,2011-06-15,g1,crise financeira
América Latina: um refúgio não imune à crise financeira,https://g1.globo.com/economia/noticia/2011/11/america-latina-um-refugio-nao-imune-a-crise-financeira.html,2011-06-15,g1,crise financeira
Unasul confirma plano de ação contra crise financeira,https://g1.globo.com/economia/noticia/2011/08/unasul-confirma-plano-de-acao-contra-crise-financeira.html,2011-06-15,g1,crise financeira
"Risco de recessão global subiu, mas Brasil está preparado, diz Tombini",https://g1.globo.com/economia/noticia/2011/09/risco-de-recessao-global-e-alto-mas-brasil-esta-preparado-diz-tombini.html,2011-06-15,g1,recessão brasil
"Riscos de recessão estão mais elevados, diz diretor do BC",https://g1.globo.com/economia/noticia/2011/08/riscos-de-recessao-estao-mais-elevados-diz-diretor-do-bc.html,2011-06-15,g1,recessão brasil
Crise econômica mundial faz casais parcelarem os divórcios,https://g1.globo.com/bom-dia-brasil/noticia/2011/12/crise-economica-mundial-faz-casais-parcelarem-os-divorcios.html,2011-06-15,g1,crise econômica
Famílias italianas: a tradição encontra a crise econômica,https://g1.globo.com/mundo/noticia/2011/08/familias-italianas-a-tradicao-encontra-a-crise-economica.html,2011-06-15,g1,crise econômica
Crise econômica deixa saldo migratório espanhol negativo,https://g1.globo.com/mundo/noticia/2011/11/crise-economica-deixa-saldo-migratorio-espanhol-negativo.html,2011-06-15,g1,crise econômica
Bernanke acredita que UE sairá da crise econômica,https://g1.globo.com/mundo/noticia/2011/08/bernanke-acredita-que-ue-saira-da-crise-economica.html,2011-06-15,g1,crise econômica
G-20 realiza teleconferência sobre crise econômica,https://g1.globo.com/economia/noticia/2011/08/g-20-realiza-teleconferencia-sobre-crise-economica.html,2011-06-15,g1,crise econômica
Entenda melhor a crise econômica de Portugal,https://g1.globo.com/economia/noticia/2011/04/entenda-melhor-a-crise-economica-de-portugal.html,2011-06-15,g1,crise econômica
'Indignados' fazem manifestação contra crise econômica em Madri,https://g1.globo.com/mundo/noticia/2011/11/centenas-de-indignados-se-manifestam-em-madri.html,2011-06-15,g1,crise econômica
Crise econômica leva japoneses de volta ao campo,https://g1.globo.com/mundo/noticia/2011/12/crise-economica-leva-japoneses-de-volta-ao-campo.html,2011-06-15,g1,crise econômica
Itália tem novos protestos contra crise econômica,https://g1.globo.com/economia/noticia/2011/10/italia-tem-novos-protestos-contra-crise-economica.html,2011-06-15,g1,crise econômica
"Dilma diz que é ""preocupante"" crise econômica mundial",https://g1.globo.com/economia/noticia/2011/12/dilma-diz-que-e-preocupante-crise-economica-mundial.html,2011-06-15,g1,crise econômica
Aumenta o número de mulheres que investe na bolsa de valores,https://g1.globo.com/jornal-da-globo/noticia/2011/01/aumenta-o-numero-de-mulheres-que-investe-na-bolsa-de-valores.html,2011-06-15,g1,bolsa valores
Envie perguntas sobre a crise econômica mundial,https://g1.globo.com/globo-news/noticia/2011/10/envie-perguntas-sobre-crise-economica-mundial.html,2011-06-15,g1,crise econômica
Lagarde e Alckmin discutem crise econômica,https://g1.globo.com/economia/noticia/2011/12/lagarde-e-alckmin-discutem-crise-economica.html,2011-06-15,g1,crise econômica
"'Além da crise econômica, Europa vive crise sistêmica', diz economista",https://g1.globo.com/globo-news/noticia/2011/12/alem-da-crise-economica-europa-vive-crise-sistemica-diz-economista.html,2011-06-15,g1,crise econômica
Crise financeira na Europa provoca queda no preço do látex,https://g1.globo.com/economia/agronegocios/noticia/2011/12/crise-financeira-na-europa-provoca-queda-no-preco-do-latex.html,2011-06-15,g1,crise financeira
Chrysler tem primeiro lucro trimestral desde crise financeira,https://g1.globo.com/economia/noticia/2011/05/chrysler-tem-primeiro-lucro-trimestral-desde-crise-financeira.html,2011-06-15,g1,crise financeira
Sábado é marcado por protestos contra crise financeira em 82 países,https://g1.globo.com/jornal-nacional/noticia/2011/10/sabado-e-marcado-por-protestos-contra-crise-financeira-em-82-paises.html,2011-06-15,g1,crise financeira
Só a crise econômica conseguiu derrubar Silvio Berlusconi,https://g1.globo.com/globo-news/noticia/2011/11/so-crise-economica-conseguiu-derrubar-silvio-berlusconi.html,2011-06-15,g1,crise econômica
Dilma discute crise financeira em encontro na África do Sul,https://g1.globo.com/jornal-nacional/noticia/2011/10/dilma-discute-crise-financeira-em-encontro-na-africa-do-sul.html,2011-06-15,g1,crise financeira
Sarkozy debaterá crise econômica com Cameron neste sábado,https://g1.globo.com/mundo/noticia/2011/08/sarkozy-debatera-crise-economica-com-cameron-neste-sabado.html,2011-06-15,g1,crise econômica
Dilma defende sobriedade diante de crise econômica internacional,https://g1.globo.com/politica/noticia/2011/11/dilma-defende-sobriedade-diante-de-crise-economica-internacional-2.html,2011-06-15,g1,crise econômica
Dilma defende ação conjunta com UE para conter temor de recessão,https://g1.globo.com/politica/noticia/2011/10/dilma-defende-acao-conjunta-com-ue-para-conter-temor-de-recessao-1.html,2011-06-15,g1,recessão brasil
Dilma defende ação conjunta com UE para conter temor de recessão,https://g1.globo.com/mundo/noticia/2011/10/dilma-defende-acao-conjunta-com-ue-para-conter-temor-de-recessao.html,2011-06-15,g1,recessão brasil
Receita da Portugal Telecom recua no 2o tri por recessão,https://g1.globo.com/tecnologia/noticia/2011/07/receita-da-portugal-telecom-recua-no-2o-tri-por-recessao.html,2011-06-15,g1,recessão brasil
Receita da Portugal Telecom recua no 2o tri por recessão,https://g1.globo.com/economia/noticia/2011/07/receita-da-portugal-telecom-recua-no-2o-tri-por-recessao-1.html,2011-06-15,g1,recessão brasil
"Emergentes são esperança para evitar recessão global, diz Canuto",https://g1.globo.com/economia/noticia/2011/08/emergentes-sao-esperanca-para-evitar-recessao-global-diz-canuto.html,2011-06-15,g1,recessão brasil
"Risco de recessão global está mais alto, diz Tombini",https://g1.globo.com/economia/noticia/2011/09/risco-de-recessao-global-esta-mais-alto-diz-tombini.html,2011-06-15,g1,recessão brasil
Dilma garante que País não terá recessão,https://g1.globo.com/economia/noticia/2011/08/dilma-garante-que-pais-nao-tera-recessao.html,2011-06-15,g1,recessão brasil
"'Se a economia mundial entrar em recessão o Brasil não vai ficar ileso', alerta economista",https://g1.globo.com/globo-news/noticia/2011/08/se-economia-mundial-entrar-em-recessao-o-brasil-nao-vai-ficar-ileso-alerta-economista.html,2011-06-15,g1,recessão brasil
Fitch: recessão dos EUA tiraria 1 ponto do PIB do Brasil,https://g1.globo.com/economia/noticia/2011/08/fitch-recessao-dos-eua-tiraria-1-ponto-do-pib-do-brasil.html,2011-06-15,g1,recessão brasil
Temor de recessão nos Estados Unidos derruba bolsas no mundo,https://g1.globo.com/jornal-nacional/noticia/2011/09/temor-de-recessao-nos-estados-unidos-derruba-bolsas-no-mundo.html,2011-06-15,g1,recessão brasil
"Brasil está preparado para superar possível recessão, dizem analistas",https://g1.globo.com/bom-dia-brasil/noticia/2011/08/brasil-esta-preparado-para-superar-possivel-recessao-dizem-analistas.html,2011-06-15,g1,recessão brasil
Presidente Dilma Rousseff garante: Brasil não entrará em recessão,https://g1.globo.com/bom-dia-brasil/noticia/2011/08/presidente-dilma-rousseff-garante-brasil-nao-entrara-em-recessao.html,2011-06-15,g1,recessão brasil
"'Não existe risco de recessão no Brasil', diz Mantega",https://g1.globo.com/economia/noticia/2011/12/nao-existe-risco-de-recessao-no-brasil-diz-mantega.html,2011-06-15,g1,recessão brasil
Fitch: Brasil seria prejudicado por recessão nos EUA,https://g1.globo.com/economia/noticia/2011/10/fitch-brasil-seria-prejudicado-por-recessao-nos-eua.html,2011-06-15,g1,recessão brasil
Mantega: Brasil 'não corre qualquer risco de recessão',https://g1.globo.com/economia/noticia/2011/12/mantega-brasil-nao-corre-qualquer-risco-de-recessao.html,2011-06-15,g1,recessão brasil
Queda das Bolsas europeias por medo da crise econômica,https://g1.globo.com/economia/noticia/2011/08/queda-das-bolsas-europeias-por-medo-da-crise-economica.html,2011-06-15,g1,crise econômica
Dilma defende sobriedade diante de crise econômica internacional,https://g1.globo.com/mundo/noticia/2011/11/dilma-defende-sobriedade-diante-de-crise-economica-internacional.html,2011-06-15,g1,crise econômica
Dilma defende sobriedade diante de crise econômica internacional,https://g1.globo.com/economia/noticia/2011/11/dilma-defende-sobriedade-diante-de-crise-economica-internacional-1.html,2011-06-15,g1,crise econômica
"Após crise financeira, governo perde eleição na Irlanda",https://g1.globo.com/economia/noticia/2011/02/apos-crise-financeira-governo-perde-eleicao-na-irlanda.html,2011-06-15,g1,crise financeira
Zona do euro negocia plano contra crise financeira da Grécia,https://g1.globo.com/mundo/noticia/2011/11/zona-do-euro-negocia-plano-contra-crise-financeira-da-grecia.html,2011-06-15,g1,crise financeira
Crise financeira em países emergentes é 'inevitável'--mídia,https://g1.globo.com/economia/noticia/2011/05/crise-financeira-em-paises-emergentes-e-inevitavel-midia.html,2011-06-15,g1,crise financeira
Ibovespa abre em alta,https://g1.globo.com/mundo/noticia/2011/04/ibovespa-abre-em-alta-8.html,2011-06-15,g1,ibovespa
Ibovespa abre em alta,https://g1.globo.com/mundo/noticia/2011/04/ibovespa-abre-em-alta-11.html,2011-06-15,g1,ibovespa
Ibovespa abre em alta,https://g1.globo.com/mundo/noticia/2011/03/ibovespa-abre-em-alta-5.html,2011-06-15,g1,ibovespa
Ibovespa abre em alta,https://g1.globo.com/mundo/noticia/2011/03/ibovespa-abre-em-alta-6.html,2011-06-15,g1,ibovespa
"Ibovespa fecha em alta de 1,36%",https://g1.globo.com/mundo/noticia/2011/12/ibovespa-fecha-em-alta-de-136-1.html,2011-06-15,g1,ibovespa
Ibovespa abre em alta,https://g1.globo.com/mundo/noticia/2011/04/ibovespa-abre-em-alta-9.html,2011-06-15,g1,ibovespa
"Ibovespa fecha em baixa de 1,47%",https://g1.globo.com/mundo/noticia/2011/12/ibovespa-fecha-em-baixa-de-147-1.html,2011-06-15,g1,ibovespa
"Ibovespa fecha em baixa de 1,42%",https://g1.globo.com/mundo/noticia/2011/12/ibovespa-fecha-em-baixa-de-142.html,2011-06-15,g1,ibovespa
Ibovespa abre em alta,https://g1.globo.com/mundo/noticia/2011/04/ibovespa-abre-em-alta-10.html,2011-06-15,g1,ibovespa
"Ibovespa fecha em alta de 1,23%",https://g1.globo.com/mundo/noticia/2011/12/ibovespa-fecha-em-alta-de-123.html,2011-06-15,g1,ibovespa
"Ibovespa fecha em alta de 0,62%",https://g1.globo.com/mundo/noticia/2011/12/ibovespa-fecha-em-alta-de-062.html,2011-06-15,g1,ibovespa
Ibovespa abre em alta,https://g1.globo.com/mundo/noticia/2011/03/ibovespa-abre-em-alta-7.html,2011-06-15,g1,ibovespa
Ibovespa abre em alta,https://g1.globo.com/mundo/noticia/2011/06/ibovespa-abre-em-alta-14.html,2011-06-15,g1,ibovespa
Ibovespa abre em alta,https://g1.globo.com/mundo/noticia/2011/06/ibovespa-abre-em-alta-12.html,2011-06-15,g1,ibovespa
Ibovespa abre em alta,https://g1.globo.com/mundo/noticia/2011/06/ibovespa-abre-em-alta-13.html,2011-06-15,g1,ibovespa
"Ibovespa desaba 5,72%",https://g1.globo.com/mundo/noticia/2011/08/ibovespa-desaba-572.html,2011-06-15,g1,ibovespa
Morgan Stanley rebaixa PIB mundial para 2012 e prevê recessão na zona do euro,https://g1.globo.com/mundo/noticia/2011/11/morgan-stanley-rebaixa-pib-mundial-para-2012-e-preve-recessao-na-zona-do-euro.html,2011-06-15,g1,recessão brasil
Ibovespa abre em alta,https://g1.globo.com/mundo/noticia/2011/03/ibovespa-abre-em-alta-4.html,2011-06-15,g1,ibovespa
Ibovespa abre em alta,https://g1.globo.com/mundo/noticia/2011/03/ibovespa-abre-em-alta-3.html,2011-06-15,g1,ibovespa
Ibovespa abre em queda,https://g1.globo.com/mundo/noticia/2011/03/ibovespa-abre-em-queda-3.html,2011-06-15,g1,ibovespa
"Ibovespa fecha em baixa de 0,28%",https://g1.globo.com/mundo/noticia/2011/11/ibovespa-fecha-em-baixa-de-028-3.html,2011-06-15,g1,ibovespa
Unesco 'não está em crise' financeira por decisão dos EUA (Bokova),https://g1.globo.com/mundo/noticia/2011/11/unesco-nao-esta-em-crise-financeira-por-decisao-dos-eua-bokova.html,2011-06-15,g1,crise financeira
Crise financeira de frigorífico Mataboi preocupa criadores,https://g1.globo.com/economia/agronegocios/noticia/2011/04/crise-financeira-de-frigorifico-mataboi-preocupa-criadores-de-gado.html,2011-06-15,g1,crise financeira
Crise financeira força corte de salários na Palestina,https://g1.globo.com/mundo/noticia/2011/07/crise-financeira-forca-corte-de-salarios-na-palestina.html,2011-06-15,g1,crise financeira
"Crise financeira não prejudica captações da Petrobras, diz Gabrielli",https://g1.globo.com/economia/noticia/2011/12/crise-financeira-nao-prejudica-captacoes-da-petrobras-diz-gabrielli.html,2011-06-15,g1,crise financeira
Receita vê 'desafio' em 2012 com crise financeira internacional,https://g1.globo.com/economia/noticia/2011/12/receita-ve-desafio-em-2012-mas-nao-revela-previsao-para-arrecadacao.html,2011-06-15,g1,crise financeira
Crise financeira força corte de salários na Palestina,https://g1.globo.com/mundo/noticia/2011/07/crise-financeira-forca-corte-de-salarios-na-palestina-1.html,2011-06-15,g1,crise financeira
Crise financeira da Europa faz Metallica apressar turnê,https://g1.globo.com/pop-arte/noticia/2011/12/crise-do-euro-faz-metallica-apressar-turne.html,2011-06-15,g1,crise financeira
"Para Dilma, crise financeira não ameaça o Brasil",https://g1.globo.com/economia/noticia/2011/08/para-dilma-crise-financeira-nao-ameaca-o-brasil.html,2011-06-15,g1,crise financeira
Banco Goldman Sachs projeta recessão na zona do euro,https://g1.globo.com/economia/noticia/2011/10/banco-goldman-sachs-projeta-recessao-na-zona-do-euro.html,2011-06-15,g1,recessão brasil
"Facebook adia entrada na bolsa de valores, diz 'Financial Times'",https://g1.globo.com/mundo/noticia/2011/09/facebook-adia-entrada-na-bolsa-de-valores-diz-financial-times.html,2011-06-15,g1,bolsa valores
Bolsa de Valores de São Paulo encerra pregão praticamente estável,https://g1.globo.com/jornal-nacional/noticia/2011/12/bolsa-de-valores-de-sao-paulo-encerra-pregao-praticamente-estavel.html,2011-06-15,g1,bolsa valores
"Bolsa de Valores de Madri fecha em baixa de 0,80%",https://g1.globo.com/mundo/noticia/2011/05/bolsa-de-valores-de-madri-fecha-em-baixa-de-080.html,2011-06-15,g1,bolsa valores
Bolsa de valores de São Paulo termina o dia em alta,https://g1.globo.com/jornal-nacional/noticia/2011/11/bolsa-de-valores-de-sao-paulo-termina-o-dia-em-alta.html,2011-06-15,g1,bolsa valores
"Bolsa de Valores de Tóquio fecha em queda de 2,17%",https://g1.globo.com/economia/noticia/2011/09/bolsa-de-valores-de-toquio-fecha-em-queda-de-217.html,2011-06-15,g1,bolsa valores
A Bolsa de Valores de Nova York fechadas por festivo,https://g1.globo.com/mundo/noticia/2011/12/a-bolsa-de-valores-de-nova-york-fechadas-por-festivo.html,2011-06-15,g1,bolsa valores
"Bolsa de valores de Frankfurt abre em alta de 0,5%",https://g1.globo.com/mundo/noticia/2011/12/bolsa-de-valores-de-frankfurt-abre-em-alta-de-05.html,2011-06-15,g1,bolsa valores
Egito adia reabertura de bolsa de valores,https://g1.globo.com/mundo/noticia/2011/03/egito-adia-reabertura-de-bolsa-de-valores.html,2011-06-15,g1,bolsa valores
Bolsa de Valores de Londres permanece fechada,https://g1.globo.com/mundo/noticia/2011/08/bolsa-de-valores-de-londres-permanece-fechada.html,2011-06-15,g1,bolsa valores
Cemig participa de cerimônia da Bolsa de Valores de Nova York,https://g1.globo.com/minas-gerais/noticia/2011/10/cemig-participa-de-cerimonia-da-bolsa-de-valores-de-nova-york.html,2011-06-15,g1,bolsa valores
G20 tentará evitar uma nova recessão econômica,https://g1.globo.com/economia/noticia/2011/10/g20-tentara-evitar-uma-nova-recessao-economica.html,2011-06-15,g1,recessão brasil
Pastoral da Criança anuncia que está enfrentando uma crise financeira,https://g1.globo.com/jornal-nacional/noticia/2011/11/pastoral-da-crianca-anuncia-que-esta-enfrentando-uma-crise-financeira.html,2011-06-15,g1,crise financeira
Bolsa de Valores de São Paulo fecha em queda de mais de 1%,https://g1.globo.com/jornal-nacional/noticia/2011/09/bolsa-de-valores-de-sao-paulo-fecha-em-queda-de-mais-de-1.html,2011-06-15,g1,bolsa valores
Bolsa de Valores de São Paulo e  Dow Jones fecham em queda,https://g1.globo.com/jornal-nacional/noticia/2011/07/bolsa-de-valores-de-sao-paulo-e-dow-jones-fecharam-em-queda.html,2011-06-15,g1,bolsa valores
Bolsa de Valores de São Paulo e Nova York fecham em alta,https://g1.globo.com/jornal-nacional/noticia/2011/07/bolsa-de-valores-de-sao-paulo-e-nova-york-fecham-em-alta.html,2011-06-15,g1,bolsa valores
Empresa dos EUA quer abrir bolsa de valores eletrônica sediada no Rio,https://g1.globo.com/economia/mercados/noticia/2011/11/empresa-dos-eua-quer-abrir-bolsa-de-valores-eletronica-sediada-no-rio.html,2011-06-15,g1,bolsa valores
Grupo fica nu em protesto na Bolsa de Valores de Nova York,https://g1.globo.com/planeta-bizarro/noticia/2011/08/grupo-fica-nu-em-protesto-na-bolsa-de-valores-de-nova-york.html,2011-06-15,g1,bolsa valores
Chris Evans promove 'Capitão América' na Bolsa de Valores de NY,https://g1.globo.com/pop-arte/noticia/2011/07/chris-evans-promove-capitao-america-na-bolsa-de-valores-de-ny.html,2011-06-15,g1,bolsa valores
Nutricionista de 77 anos dá aulas e investe na bolsa de valores,https://g1.globo.com/globo-reporter/noticia/2011/05/nutricionista-de-77-anos-da-aulas-e-investe-na-bolsa-de-valores.html,2011-06-15,g1,bolsa valores
"Bolsa de valores de São Paulo fecha em alta de mais de 2,5%",https://g1.globo.com/jornal-nacional/noticia/2011/09/bolsa-de-valores-de-sao-paulo-fecha-em-alta-de-mais-de-25.html,2011-06-15,g1,bolsa valores
Incertezas sobre governo de Humala derrubam bolsa de valores em Lima,https://g1.globo.com/jornal-da-globo/noticia/2011/06/incertezas-sobre-governo-de-humala-derrubam-bolsa-de-valores-de-lima.html,2011-06-15,g1,bolsa valores
Ibovespa fecha praticamente estável,https://g1.globo.com/mundo/noticia/2012/12/ibovespa-fecha-praticamente-estavel-6.html,2012-06-15,g1,ibovespa
"Ibovespa fecha em baixa de 0,44%",https://g1.globo.com/mundo/noticia/2012/12/ibovespa-fecha-em-baixa-de-044.html,2012-06-15,g1,ibovespa
Crise econômica põe Reino Unido em recessão,https://g1.globo.com/jornal-nacional/noticia/2012/04/crise-economica-poe-reino-unido-em-recessao.html,2012-06-15,g1,crise econômica
Crise econômica provoca novos protestos violentos na Europa,https://g1.globo.com/jornal-nacional/noticia/2012/09/crise-economica-provoca-novos-protestos-violentos-na-europa.html,2012-06-15,g1,crise econômica
Crise econômica faz de Portugal um exportador de ouro,https://g1.globo.com/jornal-nacional/noticia/2012/08/crise-economica-faz-de-portugal-um-exportador-de-ouro.html,2012-06-15,g1,crise econômica
Lula fala sobre crise econômica para empresários argentinos,https://g1.globo.com/economia/noticia/2012/10/lula-fala-sobre-crise-economica-para-empresarios-argentinos.html,2012-06-15,g1,crise econômica
Crise econômica ameaça famosos táxis pretos de Londres,https://g1.globo.com/bom-dia-brasil/noticia/2012/10/crise-economica-ameaca-famosos-taxis-pretos-de-londres.html,2012-06-15,g1,crise econômica
Crise econômica faz europeus economizarem até no Réveillon,https://g1.globo.com/bom-dia-brasil/noticia/2012/12/crise-economica-faz-europeus-economizarem-ate-no-reveillon.html,2012-06-15,g1,crise econômica
Constituição egípcia é aprovada; remodelamento frente a crise econômica,https://g1.globo.com/mundo/noticia/2012/12/constituicao-egipcia-e-aprovada-remodelamento-frente-a-crise-economica.html,2012-06-15,g1,crise econômica
Crise econômica cria risco de 'primavera europeia',https://g1.globo.com/mundo/noticia/2012/04/crise-economica-cria-risco-de-primavera-europeia.html,2012-06-15,g1,crise econômica
Crise econômica resgata 'Casas de Banhos' em Madri,https://g1.globo.com/mundo/noticia/2012/08/crise-economica-resgata-casas-de-banhos-em-madri.html,2012-06-15,g1,crise econômica
Crise econômica na Espanha alimenta separatismo na Catalunha,https://g1.globo.com/mundo/noticia/2012/09/crise-economica-na-espanha-alimenta-separatismo-na-catalunha-1.html,2012-06-15,g1,crise econômica
Crise econômica na Espanha alimenta separatismo na Catalunha,https://g1.globo.com/mundo/noticia/2012/09/crise-economica-na-espanha-alimenta-separatismo-na-catalunha.html,2012-06-15,g1,crise econômica
Dilma afirma que crise econômica internacional é 'crônica',https://g1.globo.com/politica/noticia/2012/12/dilma-afirma-que-crise-economica-internacional-e-cronica.html,2012-06-15,g1,crise econômica
Crise econômica já é sentida na Alemanha,https://g1.globo.com/bom-dia-brasil/noticia/2012/06/crise-economica-ja-e-sentida-na-alemanha.html,2012-06-15,g1,crise econômica
Crise econômica afeta mercado imobiliário português,https://g1.globo.com/bom-dia-brasil/noticia/2012/12/crise-economica-afeta-merdado-imobiliario-portugues.html,2012-06-15,g1,crise econômica
Ucrânia afunda na crise econômica e política,https://g1.globo.com/economia/noticia/2012/12/ucrania-afunda-na-crise-economica-e-politica.html,2012-06-15,g1,crise econômica
"Dez cidades italianas enfrentam crise financeira, diz jornal",https://g1.globo.com/mundo/noticia/2012/07/dez-cidades-italianas-enfrentam-crise-financeira-diz-jornal.html,2012-06-15,g1,crise financeira
OCDE: crise financeira pede reforma tributária global,https://g1.globo.com/economia/noticia/2012/02/ocde-crise-financeira-pede-reforma-tributaria-global.html,2012-06-15,g1,crise financeira
"Corrupção na Europa agrava a crise financeira, diz relatório",https://g1.globo.com/economia/noticia/2012/06/corrupcao-na-europa-agrava-crise-financeira-diz-relatorio.html,2012-06-15,g1,crise financeira
Crise financeira contribui para o aumento de suicídios na Itália,https://g1.globo.com/mundo/noticia/2012/08/crise-financeira-contribui-para-o-aumento-de-suicidios-na-italia.html,2012-06-15,g1,crise financeira
"Corrupção na Europa agrava a crise financeira, diz relatório",https://g1.globo.com/mundo/noticia/2012/06/corrupcao-na-europa-agrava-a-crise-financeira-diz-relatorio.html,2012-06-15,g1,crise financeira
"Miró, Picasso e Sorolla não sabem o que é crise financeira",https://g1.globo.com/pop-arte/noticia/2012/07/miro-picasso-e-sorolla-nao-sabem-o-que-e-crise-financeira.html,2012-06-15,g1,crise financeira
Crise financeira palestina reduz volume de compras do Ramadã,https://g1.globo.com/mundo/noticia/2012/07/crise-financeira-palestina-reduz-volume-de-compras-do-ramada.html,2012-06-15,g1,crise financeira
Sarkozy usa crise financeira em comício de campanha,https://g1.globo.com/mundo/noticia/2012/02/sarkozy-usa-crise-financeira-em-comicio-de-campanha.html,2012-06-15,g1,crise financeira
"Crise financeira em usina fecha creche em Guaranésia, MG",https://g1.globo.com/mg/sul-de-minas/noticia/2012/12/crise-financeira-em-usina-fecha-creche-em-guaranesia-mg.html,2012-06-15,g1,crise financeira
Empresa em crise financeira demite funcionários e oferece curso a eles,https://g1.globo.com/parana/noticia/2012/11/empresa-em-crise-financeira-demite-funcionarios-e-oferece-curso-eles.html,2012-06-15,g1,crise financeira
Crise financeira já afeta até o cafezinho dos europeus,https://g1.globo.com/bom-dia-brasil/noticia/2012/09/crise-financeira-ja-afeta-ate-o-cafezinho-dos-europeus.html,2012-06-15,g1,crise financeira
Recessão na Espanha e Portugal domina Cúpula Ibero-americana,https://g1.globo.com/politica/noticia/2012/11/recessao-na-espanha-e-portugal-domina-cupula-ibero-americana-2.html,2012-06-15,g1,recessão brasil
Prefeito responsabiliza o antecessor por crise financeira em Santa Bárbara,https://g1.globo.com/sp/piracicaba-regiao/noticia/2012/11/execucao-orcamentaria-era-feita-nas-coxas-diz-prefeito-de-santa-barbara.html,2012-06-15,g1,crise financeira
Crise financeira leva OEA a reduzir orçamento de 2013,https://g1.globo.com/mundo/noticia/2012/11/crise-financeira-leva-oea-a-reduzir-orcamento-de-2013.html,2012-06-15,g1,crise financeira
FMI prevê crescimento menor no Brasil e recessão na zona do euro,https://g1.globo.com/economia/noticia/2012/01/fmi-preve-crescimento-menor-no-brasil-e-recessao-na-zona-do-euro.html,2012-06-15,g1,recessão brasil
Reino Unido volta a entrar em recessão,https://g1.globo.com/economia/noticia/2012/04/reino-unido-volta-entrar-em-recessao.html,2012-06-15,g1,recessão brasil
Paraguai será único país na América Latina com recessão em 2012,https://g1.globo.com/economia/noticia/2012/11/paraguai-sera-unico-pais-na-america-latina-com-recessao-em-2012.html,2012-06-15,g1,recessão brasil
Fábricas britânicas aceleram atividade e risco de recessão cai,https://g1.globo.com/economia/noticia/2012/02/fabricas-britanicas-aceleram-atividade-e-risco-de-recessao-cai.html,2012-06-15,g1,recessão brasil
Recessão na Espanha e Portugal domina Cúpula Ibero-americana,https://g1.globo.com/mundo/noticia/2012/11/recessao-na-espanha-e-portugal-domina-cupula-ibero-americana.html,2012-06-15,g1,recessão brasil
FMI defende medidas americanas e diz que são do interesse do Brasil,https://g1.globo.com/economia/noticia/2012/10/fmi-defende-medidas-americanas-e-diz-que-sao-do-interesse-do-brasil.html,2012-06-15,g1,recessão brasil
Entenda por que América Latina tem 'crescimento chinês' e recessão,https://g1.globo.com/mundo/noticia/2012/11/entenda-por-que-america-latina-tem-crescimento-chines-e-recessao.html,2012-06-15,g1,recessão brasil
"Momento é de recessão no setor hoteleiro de Porto Velho, diz Abih",https://g1.globo.com/ro/rondonia/noticia/2012/11/momento-e-de-recessao-no-setor-hoteleiro-de-porto-velho-diz-abih.html,2012-06-15,g1,recessão brasil
Dilma questiona política recessiva da Europa e diz que Brasil está imune,https://g1.globo.com/mundo/noticia/2012/05/dilma-questiona-politica-recessiva-da-europa-e-diz-que-brasil-esta-imune.html,2012-06-15,g1,recessão brasil
"“Recessão europeia mal começou”, lembra economista diante dos pontos da Bovespa",https://g1.globo.com/globo-news/noticia/2012/01/recessao-europeia-mal-comecou-lembra-economista-diante-dos-pontos-da-bovespa.html,2012-06-15,g1,recessão brasil
Clima para negócios na América Latina piora e apresenta risco de recessão,https://g1.globo.com/mundo/noticia/2012/08/clima-para-negocios-na-america-latina-piora-e-apresenta-risco-de-recessao.html,2012-06-15,g1,recessão brasil
Brasil é país com maior vantagem salarial para diplomados,https://g1.globo.com/brasil/noticia/2012/09/ocde-brasil-e-pais-com-maior-vantagem-salarial-para-diplomados.html,2012-06-15,g1,recessão brasil
Ausência da presidente Dilma não impede presença do Brasil em Davos,https://g1.globo.com/economia/noticia/2012/01/ausencia-da-presidente-dilma-nao-impede-presenca-do-brasil-em-davos.html,2012-06-15,g1,recessão brasil
Ibovespa abre em alta,https://g1.globo.com/mundo/noticia/2012/07/ibovespa-abre-em-alta-15.html,2012-06-15,g1,ibovespa
Ibovespa fecha praticamente estável,https://g1.globo.com/mundo/noticia/2012/12/ibovespa-fecha-praticamente-estavel-5.html,2012-06-15,g1,ibovespa
Ações da Eletrobras lideram Ibovespa,https://g1.globo.com/economia/noticia/2012/11/acoes-da-eletrobras-lideram-ibovespa.html,2012-06-15,g1,ibovespa
"Ibovespa fecha em baixa de 0,25%",https://g1.globo.com/mundo/noticia/2012/12/ibovespa-fecha-em-baixa-de-025.html,2012-06-15,g1,ibovespa
"Ibovespa fecha em alta de 1,44%",https://g1.globo.com/mundo/noticia/2012/12/ibovespa-fecha-em-alta-de-144.html,2012-06-15,g1,ibovespa
Crise financeira prejudica serviços da Prefeitura de Salesópolis,https://g1.globo.com/sp/mogi-das-cruzes-suzano/noticia/2012/11/crise-financeira-prejudica-servicos-da-prefeitura-de-salesopolis.html,2012-06-15,g1,crise financeira
"Ibovespa fecha em alta de 0,89%",https://g1.globo.com/mundo/noticia/2012/12/ibovespa-fecha-em-alta-de-089-2.html,2012-06-15,g1,ibovespa
"Ibovespa fecha em baixa de 0,89%",https://g1.globo.com/mundo/noticia/2012/12/ibovespa-fecha-em-baixa-de-089-1.html,2012-06-15,g1,ibovespa
"Ibovespa fecha em alta de 1,37%",https://g1.globo.com/mundo/noticia/2012/12/ibovespa-fecha-em-alta-de-137-1.html,2012-06-15,g1,ibovespa
"Ibovespa fecha em alta de 2,29%",https://g1.globo.com/mundo/noticia/2012/11/ibovespa-fecha-em-alta-de-229.html,2012-06-15,g1,ibovespa
"Ibovespa abre em alta de 0,30%",https://g1.globo.com/mundo/noticia/2012/10/ibovespa-abre-em-alta-de-030-1.html,2012-06-15,g1,ibovespa
"Ibovespa abre em alta de 0,45%",https://g1.globo.com/mundo/noticia/2012/10/ibovespa-abre-em-alta-de-045-3.html,2012-06-15,g1,ibovespa
"Ibovespa abre em alta de 0,25%",https://g1.globo.com/mundo/noticia/2012/12/ibovespa-abre-em-alta-de-025.html,2012-06-15,g1,ibovespa
"Ibovespa abre em alta de 1,28%",https://g1.globo.com/mundo/noticia/2012/10/ibovespa-abre-em-alta-de-128-1.html,2012-06-15,g1,ibovespa
"Ibovespa abre em baixa de 0,67%",https://g1.globo.com/mundo/noticia/2012/12/ibovespa-abre-em-baixa-de-067-1.html,2012-06-15,g1,ibovespa
"Ibovespa fecha em alta de 0,20%",https://g1.globo.com/mundo/noticia/2012/12/ibovespa-fecha-em-alta-de-020-1.html,2012-06-15,g1,ibovespa
"Ibovespa abre em alta de 0,33%",https://g1.globo.com/mundo/noticia/2012/12/ibovespa-abre-em-alta-de-033.html,2012-06-15,g1,ibovespa
Bolsa de Valores abre em queda,https://g1.globo.com/mundo/noticia/2012/05/bolsa-de-valores-abre-em-queda.html,2012-06-15,g1,bolsa valores
"Economia recua 0,7% no 2º trimestre e agrava recessão no Reino Unido",https://g1.globo.com/economia/noticia/2012/07/economia-contraida-em-mais-07-agrava-recessao-no-reino-unido.html,2012-06-15,g1,recessão brasil
"Economia mundial está à beira de nova recessão, diz estudo da Unctad",https://g1.globo.com/economia/noticia/2012/01/economia-mundial-esta-beira-de-nova-recessao-diz-estudo-da-unctad.html,2012-06-15,g1,recessão brasil
Fábricas britânicas aceleram atividade e risco de recessão cai,https://g1.globo.com/economia/noticia/2012/02/fabricas-britanicas-aceleram-atividade-e-risco-de-recessao-cai-1.html,2012-06-15,g1,recessão brasil
"Corte de gasto como única ação anticrise agrava recessão, diz Dilma",https://g1.globo.com/politica/noticia/2012/11/dilma-pede-que-acoes-anticrise-nao-afetem-direitos-do-trabalhador.html,2012-06-15,g1,recessão brasil
Crise financeira do Diplomata prejudica avicultores do PR,https://g1.globo.com/economia/agronegocios/noticia/2012/11/crise-financeira-do-diplomata-prejudica-avicultores-do-pr.html,2012-06-15,g1,crise financeira
Recessão na Espanha e Portugal domina Cúpula Ibero-americana,https://g1.globo.com/economia/noticia/2012/11/recessao-na-espanha-e-portugal-domina-cupula-ibero-americana-1.html,2012-06-15,g1,recessão brasil
"OCDE reduz previsão de expansão mundial, vê PIB do Brasil em 2,9%",https://g1.globo.com/mundo/noticia/2013/05/ocde-reduz-previsao-de-expansao-mundial-ve-pib-do-brasil-em-29.html,2013-06-15,g1,recessão brasil
Consultoria prevê Brasil como 5ª maior economia do mundo até 2023,https://g1.globo.com/economia/noticia/2013/12/consultoria-preve-brasil-como-5a-maior-economia-do-mundo-ate-2023.html,2013-06-15,g1,recessão brasil
"OCDE reduz previsão de expansão mundial, vê PIB do Brasil em 2,9%",https://g1.globo.com/politica/noticia/2013/05/ocde-reduz-previsao-de-expansao-mundial-ve-pib-do-brasil-em-29-2.html,2013-06-15,g1,recessão brasil
"OCDE reduz previsão de expansão mundial, vê PIB do Brasil em 2,9%",https://g1.globo.com/economia/noticia/2013/05/ocde-reduz-previsao-de-expansao-mundial-ve-pib-do-brasil-em-29-1.html,2013-06-15,g1,recessão brasil
"FMI reduz previsão de crescimento do Brasil de 3% para 2,5% em 2013",https://g1.globo.com/economia/noticia/2013/07/fmi-reduz-estimativa-de-crescimento-global-a-31-em-2013-e-38-em-2014.html,2013-06-15,g1,recessão brasil
"Brasil está atrasado em inovação, afirma presidente do BNDES",https://g1.globo.com/economia/noticia/2013/08/brasil-esta-atrasado-em-inovacao-afirma-presidente-do-bndes.html,2013-06-15,g1,recessão brasil
"Ainda vivemos no rastro da crise de 2008, nota Mantega",https://g1.globo.com/economia/noticia/2013/06/ainda-vivemos-no-rastro-da-crise-de-2008-nota-mantega.html,2013-06-15,g1,recessão brasil
Crise econômica atinge 'Casanovas' italianos,https://g1.globo.com/mundo/noticia/2013/09/crise-economica-atinge-casanovas-italianos.html,2013-06-15,g1,crise econômica
"'Impacto da crise também foi grande no Brasil', diz Miriam Leitão",https://g1.globo.com/bom-dia-brasil/noticia/2013/09/impacto-da-crise-tambem-foi-grande-no-brasil-diz-miriam-leitao.html,2013-06-15,g1,recessão brasil
Twitter espera conseguir US$ 1 bilhão com lançamento na Bolsa de Valores,https://g1.globo.com/mundo/noticia/2013/10/twitter-espera-conseguir-us-1-bilhao-com-lancamento-na-bolsa-de-valores.html,2013-06-15,g1,bolsa valores
Bolsa de Valores de São Paulo cai pelo quarto dia seguido,https://g1.globo.com/jornal-nacional/noticia/2013/07/bolsa-de-valores-de-sao-paulo-cai-pelo-quarto-dia-seguido.html,2013-06-15,g1,bolsa valores
Bolsa de Valores de SP tem cursos gratuitos sobre finanças,https://g1.globo.com/sao-paulo/noticia/2013/01/bolsa-de-valores-de-sp-tem-cursos-gratuitos-sobre-financas.html,2013-06-15,g1,bolsa valores
Empresa proprietária do Empire State estreia na Bolsa de Valores,https://g1.globo.com/mundo/noticia/2013/10/empresa-proprietaria-do-empire-state-estreia-na-bolsa-de-valores.html,2013-06-15,g1,bolsa valores
Azul vai lançar ações em bolsa de valores,https://g1.globo.com/economia/mercados/noticia/2013/05/azul-vai-lancar-acoes-em-bolsa-de-valores.html,2013-06-15,g1,bolsa valores
"Ibovespa abre em alta de 0,93%",https://g1.globo.com/mundo/noticia/2013/09/ibovespa-abre-em-alta-de-093-1.html,2013-06-15,g1,ibovespa
"Por crise financeira, Defensoria de MT reduz horário de atendimento",https://g1.globo.com/mato-grosso/noticia/2013/10/por-crise-financeira-defensoria-de-mt-reduz-horario-de-atendimento.html,2013-06-15,g1,crise financeira
Mantega desautoriza Paulo Nogueira Batista e diz ao FMI que Brasil apoia Grécia,https://g1.globo.com/economia/noticia/2013/08/mantega-desautoriza-paulo-nogueira-batista-e-diz-ao-fmi-que-brasil-apoia-grecia.html,2013-06-15,g1,recessão brasil
Prefeituras do RN fecham as portas em protesto contra crise financeira,https://g1.globo.com/rn/rio-grande-do-norte/noticia/2013/10/prefeituras-do-rn-fecham-portas-em-protesto-contra-crise-financeira.html,2013-06-15,g1,crise financeira
Premiê indiano descarta retorno a crise econômica de 1991,https://g1.globo.com/mundo/noticia/2013/08/premie-indiano-descarta-retorno-a-crise-economica-de-1991-2.html,2013-06-15,g1,crise econômica
Bovespa tem pior semestre desde a crise financeira de 2008,https://g1.globo.com/economia/noticia/2013/06/bovespa-tem-pior-semestre-desde-a-crise-financeira-de-2008.html,2013-06-15,g1,crise financeira
Barack Obama e FMI alertam para risco de profunda recessão americana,https://g1.globo.com/jornal-nacional/noticia/2013/10/barack-obama-e-fmi-alertam-para-risco-de-profunda-recessao-americana.html,2013-06-15,g1,recessão brasil
ONU adverte que aumento do desemprego pode causar nova recessão,https://g1.globo.com/mundo/noticia/2013/01/onu-adverte-que-aumento-do-desemprego-pode-causar-nova-recessao.html,2013-06-15,g1,recessão brasil
Anúncio de recessão aumenta pressão sobre governo na França,https://g1.globo.com/economia/noticia/2013/05/anuncio-de-recessao-aumenta-pressao-sobre-governo-na-franca.html,2013-06-15,g1,recessão brasil
Nobel de Economia vê risco de recessão global em 2014,https://g1.globo.com/economia/noticia/2013/12/nobel-de-economia-ve-risco-de-recessao-global-em-2014-2.html,2013-06-15,g1,recessão brasil
Dilma diz que efeitos da crise econômica recaem sobre crianças e jovens,https://g1.globo.com/politica/noticia/2013/10/dilma-diz-que-efeitos-da-crise-economica-recaem-sobre-criancas-e-jovens.html,2013-06-15,g1,crise econômica
Triplo suicídio por causa de crise econômica choca a Itália,https://g1.globo.com/mundo/noticia/2013/04/triplo-suicidio-por-causa-de-crise-economica-choca-a-italia.html,2013-06-15,g1,crise econômica
Premiê indiano descarta retorno a crise econômica de 1991,https://g1.globo.com/mundo/noticia/2013/08/premie-indiano-descarta-retorno-a-crise-economica-de-1991.html,2013-06-15,g1,crise econômica
"Crise financeira faz Cerejeiras, em RO, suspender desfile cívico",https://g1.globo.com/ro/rondonia/noticia/2013/09/crise-financeira-faz-cerejeiras-em-ro-suspender-desfile-civico.html,2013-06-15,g1,crise financeira
Crise econômica faz diminuir o número de calceteiros em Portugal,https://g1.globo.com/bom-dia-brasil/noticia/2013/09/crise-economica-faz-diminuir-o-numero-de-calceteiros-em-portugal.html,2013-06-15,g1,crise econômica
"Ibovespa fecha em alta de 1,26%",https://g1.globo.com/mundo/noticia/2013/10/ibovespa-fecha-em-alta-de-126-1.html,2013-06-15,g1,ibovespa
Premiê indiano descarta retorno à crise econômica de 1991,https://g1.globo.com/economia/noticia/2013/08/premie-indiano-descarta-retorno-a-crise-economica-de-1991-1.html,2013-06-15,g1,crise econômica
Ucranianos vivem em cidade-ruína após crise econômica,https://g1.globo.com/mundo/noticia/2013/05/ucranianos-vivem-em-cidade-ruina-apos-crise-economica.html,2013-06-15,g1,crise econômica
Crise econômica faz espanhóis rejeitarem heranças,https://g1.globo.com/economia/noticia/2013/05/crise-economica-faz-espanhois-rejeitarem-herancas.html,2013-06-15,g1,crise econômica
Crise financeira ameaça permanência de reserva ambiental no Amapá,https://g1.globo.com/ap/amapa/noticia/2013/07/crise-financeira-ameaca-permanencia-de-reserva-ambiental-no-amapa.html,2013-06-15,g1,crise financeira
"Asilo de Campos dos Goytacazes, RJ, enfrenta crise financeira",https://g1.globo.com/rj/serra-lagos-norte/noticia/2013/04/asilo-de-campos-dos-goytacazes-rj-enfrenta-crise-financeira.html,2013-06-15,g1,crise financeira
Prefeitos se reúnem na capital para discutir crise financeira de municípios,https://g1.globo.com/sc/santa-catarina/noticia/2013/10/prefeitos-se-reunem-na-capital-para-discutir-crise-financeira-de-municipios.html,2013-06-15,g1,crise financeira
"Crise econômica faz cair em 
35% os divórcios na Itália",https://g1.globo.com/bom-dia-brasil/noticia/2013/09/crise-economica-faz-cair-em-35-os-divorcios-na-italia.html,2013-06-15,g1,crise econômica
"Ibovespa fecha em alta de 0,84%",https://g1.globo.com/mundo/noticia/2013/09/ibovespa-fecha-em-alta-de-084-1.html,2013-06-15,g1,ibovespa
FMI reduz previsão de crescimento do Brasil e alerta para desaceleração,https://g1.globo.com/economia/noticia/2013/07/fmi-reduz-previsao-de-crescimento-do-brasil-e-alerta-para-desaceleracao.html,2013-06-15,g1,recessão brasil
"Ibovespa fecha em baixa de 1,79%",https://g1.globo.com/mundo/noticia/2013/09/ibovespa-fecha-em-baixa-de-179.html,2013-06-15,g1,ibovespa
Mantega desautoriza Paulo Nogueira Batista e diz ao FMI que Brasil apoia Grécia,https://g1.globo.com/mundo/noticia/2013/08/mantega-desautoriza-paulo-nogueira-batista-e-diz-ao-fmi-que-brasil-apoia-grecia-2.html,2013-06-15,g1,recessão brasil
"FMI prevê que Brasil vai crescer 2,5% em 2014, diz Miriam Leitão",https://g1.globo.com/bom-dia-brasil/noticia/2013/10/fmi-preve-que-brasil-vai-crescer-25-em-2014-diz-miriam-leitao.html,2013-06-15,g1,recessão brasil
"Crescimento do G20 foi de 0,9% no segundo trimestre, segundo OCDE",https://g1.globo.com/mundo/noticia/2013/09/crescimento-do-g20-foi-de-09-no-segundo-trimestre-segundo-ocde.html,2013-06-15,g1,recessão brasil
"Brasil tem ""bala na agulha"" para lidar com alta do dólar, diz Dilma",https://g1.globo.com/mundo/noticia/2013/08/brasil-tem-bala-na-agulha-para-lidar-com-alta-do-dolar-diz-dilma-1.html,2013-06-15,g1,recessão brasil
"Por emergentes, FMI corta estimativa de crescimento global",https://g1.globo.com/economia/noticia/2013/07/por-emergentes-fmi-corta-estimativa-de-crescimento-global-1.html,2013-06-15,g1,recessão brasil
"Brasil tem ""bala na agulha"" para lidar com alta do dólar, diz Dilma",https://g1.globo.com/politica/noticia/2013/08/brasil-tem-bala-na-agulha-para-lidar-com-alta-do-dolar-diz-dilma.html,2013-06-15,g1,recessão brasil
Ibovespa fecha praticamente estável,https://g1.globo.com/mundo/noticia/2013/09/ibovespa-fecha-praticamente-estavel-11.html,2013-06-15,g1,ibovespa
Ibovespa fecha praticamente estável,https://g1.globo.com/mundo/noticia/2013/10/ibovespa-fecha-praticamente-estavel-12.html,2013-06-15,g1,ibovespa
Ibovespa abre praticamente estável,https://g1.globo.com/mundo/noticia/2013/10/ibovespa-abre-praticamente-estavel-5.html,2013-06-15,g1,ibovespa
Ibovespa abre praticamente estável,https://g1.globo.com/mundo/noticia/2013/09/ibovespa-abre-praticamente-estavel-4.html,2013-06-15,g1,ibovespa
Ibovespa fecha praticamente estável,https://g1.globo.com/mundo/noticia/2013/08/ibovespa-fecha-praticamente-estavel-9.html,2013-06-15,g1,ibovespa
Ibovespa fecha praticamente estável,https://g1.globo.com/mundo/noticia/2013/09/ibovespa-fecha-praticamente-estavel-10.html,2013-06-15,g1,ibovespa
"Ibovespa abre em alta de 0,20%",https://g1.globo.com/mundo/noticia/2013/09/ibovespa-abre-em-alta-de-020-2.html,2013-06-15,g1,ibovespa
"Ibovespa fecha em alta de 1,50%",https://g1.globo.com/mundo/noticia/2013/10/ibovespa-fecha-em-alta-de-150.html,2013-06-15,g1,ibovespa
Mantega desautoriza Paulo Nogueira Batista e diz ao FMI que Brasil apoia Grécia,https://g1.globo.com/politica/noticia/2013/08/mantega-desautoriza-paulo-nogueira-batista-e-diz-ao-fmi-que-brasil-apoia-grecia-1.html,2013-06-15,g1,recessão brasil
Ibovespa fecha praticamente estável,https://g1.globo.com/mundo/noticia/2013/08/ibovespa-fecha-praticamente-estavel-8.html,2013-06-15,g1,ibovespa
"Ibovespa fecha em alta de 0,45%",https://g1.globo.com/mundo/noticia/2013/10/ibovespa-fecha-em-alta-de-045.html,2013-06-15,g1,ibovespa
"Ibovespa fecha em baixa de 0,15%",https://g1.globo.com/mundo/noticia/2013/10/ibovespa-fecha-em-baixa-de-015-1.html,2013-06-15,g1,ibovespa
"Ibovespa fecha em alta de 1,61%",https://g1.globo.com/mundo/noticia/2013/10/ibovespa-fecha-em-alta-de-161.html,2013-06-15,g1,ibovespa
"Ibovespa abre em queda de 0,06%",https://g1.globo.com/mundo/noticia/2013/09/ibovespa-abre-em-queda-de-006.html,2013-06-15,g1,ibovespa
"Ibovespa fecha em baixa de 0,31%",https://g1.globo.com/mundo/noticia/2013/09/ibovespa-fecha-em-baixa-de-031-5.html,2013-06-15,g1,ibovespa
"Ibovespa abre em alta de 0,27%",https://g1.globo.com/mundo/noticia/2013/09/ibovespa-abre-em-alta-de-027-2.html,2013-06-15,g1,ibovespa
"Ibovespa fecha em baixa de mais
de 3% e dólar sobe para R$ 2,611",https://g1.globo.com/jornal-nacional/noticia/2014/12/ibovespa-fecha-em-baixa-de-mais-de-3-e-dolar-sobe-para-r-2611.html,2014-06-15,g1,ibovespa
Crise política se agrava e gera incerteza econômica na Tailândia,https://g1.globo.com/mundo/noticia/2014/01/crise-politica-se-agrava-e-gera-incerteza-economica-na-tailandia.html,2014-06-15,g1,crise econômica
China pode gerar 3ª onda da crise econômica pós-2008,https://g1.globo.com/economia/noticia/2014/02/china-pode-gerar-3-onda-da-crise-economica-pos-2008.html,2014-06-15,g1,crise econômica
Putin ordena freio à alta do preço da vodca em meio a crise econômica,https://g1.globo.com/economia/noticia/2014/12/putin-ordena-freio-alta-do-preco-da-vodka-em-meio-crise-economica.html,2014-06-15,g1,crise econômica
Richa anuncia aumento de impostos para enfrentar crise econômica no PR,https://g1.globo.com/pr/parana/noticia/2014/12/richa-anuncia-aumento-de-impostos-para-enfrentar-crise-economica-no-pr.html,2014-06-15,g1,crise econômica
"Flica discute teatro, tolerância e crise econômica na literatura nesta sexta",https://g1.globo.com/bahia/flica/2014/noticia/2014/10/flica-discute-teatro-tolerancia-e-crise-economica-na-literatura-nesta-sexta.html,2014-06-15,g1,crise econômica
Descoberta de tumba misteriosa anima gregos em meio à crise econômica,https://g1.globo.com/mundo/noticia/2014/09/descoberta-de-tumba-misteriosa-anima-gregos-em-meio-crise-economica.html,2014-06-15,g1,crise econômica
François Hollande enfrenta crise econômica e política na França,https://g1.globo.com/jornal-da-globo/noticia/2014/04/francois-hollande-enfrenta-crise-economica-e-politica-na-franca.html,2014-06-15,g1,crise econômica
Bósnia vota em meio a crise econômica e discurso nacionalista,https://g1.globo.com/mundo/noticia/2014/10/bosnia-vota-em-meio-a-crise-economica-e-discurso-nacionalista.html,2014-06-15,g1,crise econômica
Arnaldo Jabor comenta a crise econômica da Argentina,https://g1.globo.com/jornal-da-globo/noticia/2014/08/arnaldo-jabor-comenta-crise-economica-da-argentina.html,2014-06-15,g1,crise econômica
"Crise econômica na Rússia vai piorar, prevê 'Economist'",https://g1.globo.com/economia/noticia/2014/12/crise-economica-na-russia-vai-piorar-preve-economist.html,2014-06-15,g1,crise econômica
Unicef: crise financeira aumentou pobreza infantil nos países ricos,https://g1.globo.com/economia/noticia/2014/10/unicef-crise-financeira-aumentou-pobreza-infantil-nos-paises-ricos.html,2014-06-15,g1,crise financeira
"Argentina enfrenta crise de confiança, e não apenas econômica, diz analista",https://g1.globo.com/globo-news/noticia/2014/02/argentina-enfrenta-crise-de-confianca-e-nao-apenas-economica-diz-analista.html,2014-06-15,g1,crise econômica
FMI anuncia ajuda para Ucrânia sair da crise econômica,https://g1.globo.com/bom-dia-brasil/noticia/2014/03/fmi-anuncia-ajuda-para-ucrania-sair-da-crise-economica.html,2014-06-15,g1,crise econômica
Última prévia da nova carteira do Ibovespa retira ações da MMX,https://g1.globo.com/economia/mercados/noticia/2014/01/ultima-previa-da-nova-carteira-do-ibovespa-retira-acoes-da-mmx.html,2014-06-15,g1,ibovespa
Crise da economia russa exerce pressão em países emergentes,https://g1.globo.com/jornal-da-globo/noticia/2014/12/crise-da-economia-russa-exerce-pressao-em-paises-emergentes.html,2014-06-15,g1,crise econômica
21 das empresas do Ibovespa fecham 2013 valendo menos que patrimônio,https://g1.globo.com/economia/mercados/noticia/2014/01/21-das-empresas-do-ibovespa-fecham-2013-valendo-menos-que-patrimonio.html,2014-06-15,g1,ibovespa
Petrobras perde peso na 2ª prévia da composição do índice Ibovespa,https://g1.globo.com/economia/mercados/noticia/2014/12/petrobras-perde-peso-na-2-previa-da-composicao-do-indice-ibovespa.html,2014-06-15,g1,ibovespa
"Ibovespa encerra o dia em queda de 0,45%, sob influência da Petrobras",https://g1.globo.com/globo-news/contacorrente/noticia/2014/12/ibovespa-encerra-o-dia-em-queda-de-045-sob-influencia-da-petrobras.html,2014-06-15,g1,ibovespa
"Brasil só vai crescer mais do que a Rússia entre os emergentes, diz FMI",https://g1.globo.com/jornal-da-globo/noticia/2014/10/brasil-so-vai-crescer-mais-do-que-russia-entre-os-emergentes-diz-fmi.html,2014-06-15,g1,recessão brasil
FMI sugere que Brasil deve manter Bolsa Família,https://g1.globo.com/economia/noticia/2014/10/fmi-sugere-que-brasil-deve-manter-bolsa-familia.html,2014-06-15,g1,recessão brasil
Atividade econômica do Brasil encolhe no segundo trimestre,https://g1.globo.com/jornal-nacional/noticia/2014/08/atividade-economica-do-brasil-encolhe-no-segundo-trimestre.html,2014-06-15,g1,recessão brasil
"PIB sobe 0,1% no terceiro trimestre e país sai da recessão técnica",https://g1.globo.com/jornal-nacional/noticia/2014/11/pib-sobe-01-no-terceiro-trimestre-e-pais-sai-da-recessao-tecnica.html,2014-06-15,g1,recessão brasil
"Economistas e Mantega divergem 
sobre efeitos da crise argentina",https://g1.globo.com/jornal-nacional/noticia/2014/07/economistas-e-mantega-divergem-sobre-efeitos-da-crise-argentina.html,2014-06-15,g1,crise econômica
"Após dados do PIB, Aécio Neves culpa 'governo do PT' por recessão",https://g1.globo.com/sao-paulo/eleicoes/2014/noticia/2014/08/apos-dados-do-pib-aecio-neves-culpa-governo-do-pt-por-recessao.html,2014-06-15,g1,recessão brasil
"Mantega nega recessão, mas diz que revisará previsão para PIB de 2014",https://g1.globo.com/economia/noticia/2014/08/cenario-externo-seca-e-calendario-prejudicam-economia-diz-mantega.html,2014-06-15,g1,recessão brasil
"Não haverá recessão neste ano, diz ministro da Fazenda",https://g1.globo.com/economia/noticia/2014/07/nao-havera-recessao-neste-ano-diz-ministro-da-fazenda.html,2014-06-15,g1,recessão brasil
Ipea admite recessão técnica e diz que não há 'culpados óbvios',https://g1.globo.com/economia/noticia/2014/10/ipea-admite-recessao-tecnica-e-diz-que-nao-ha-culpados-obvios.html,2014-06-15,g1,recessão brasil
Entenda o que é recessão técnica,https://g1.globo.com/economia/noticia/2014/08/entenda-o-que-e-recessao-tecnica.html,2014-06-15,g1,recessão brasil
"PIB sobe 0,1% no terceiro trimestre e Brasil sai da recessão técnica",https://g1.globo.com/economia/noticia/2014/11/pib-cresceu-01-no-terceiro-trimestre-mostra-ibge.html,2014-06-15,g1,recessão brasil
"Recessão no Brasil deverá ter impacto regional, dizem analistas",https://g1.globo.com/economia/noticia/2014/08/recessao-no-brasil-devera-ter-impacto-regional-dizem-analistas.html,2014-06-15,g1,recessão brasil
"EUA crescem em ritmo moderado; para Fed, Brasil 'caiu em recessão'",https://g1.globo.com/economia/noticia/2014/10/visao-do-bc-dos-eua-sobre-juros-pode-confundir-investidores-diz-ata.html,2014-06-15,g1,recessão brasil
Diretora do FMI alerta para riscos de nova recessão na zona do euro,https://g1.globo.com/economia/noticia/2014/10/diretora-do-fmi-alerta-para-riscos-de-nova-recessao-na-zona-do-euro1.html,2014-06-15,g1,recessão brasil
Economia brasileira volta a crescer e país sai da recessão técnica,https://g1.globo.com/globo-news/contacorrente/noticia/2014/11/economia-brasileira-volta-crescer-e-pais-sai-da-recessao-tecnica.html,2014-06-15,g1,recessão brasil
Ações da Petrobras influenciam forte queda na Bolsa de Valores,https://g1.globo.com/hora1/noticia/2014/12/acoes-da-petrobras-influenciam-forte-queda-na-bolsa-de-valores.html,2014-06-15,g1,bolsa valores
"Ibovespa recua 1,54% e tem a maior queda desde julho do ano passado",https://g1.globo.com/jornal-da-globo/noticia/2014/03/ibovespa-recua-154-e-tem-maior-queda-desde-julho-do-ano-passado.html,2014-06-15,g1,ibovespa
Kroton liderou alta do Ibovespa no 1º semestre; MMX teve maior perda,https://g1.globo.com/economia/mercados/noticia/2014/07/kroton-liderou-alta-do-ibovespa-no-1-semestre-mmx-teve-maior-perda.html,2014-06-15,g1,ibovespa
"Bovespa tem dia instável, com foco em cena eleitoral",https://g1.globo.com/economia/mercados/noticia/2014/10/bovespa-tem-dia-instavel-com-foco-em-cena-eleitoral.html,2014-06-15,g1,ibovespa
Bovespa sobe antes de anúncio de equipe econômica,https://g1.globo.com/economia/mercados/noticia/2014/11/bovespa-sobe-antes-de-anuncio-de-equipe-economica.html,2014-06-15,g1,ibovespa
Bovespa vira e opera em queda antes de último debate eleitoral,https://g1.globo.com/economia/mercados/noticia/2014/10/bovespa-vira-e-opera-em-queda-antes-de-ultimo-debate-eleitoral.html,2014-06-15,g1,ibovespa
"Empresas do Ibovespa perdem R$ 120 bi com alta do dólar, diz CMA",https://g1.globo.com/economia/mercados/noticia/2014/01/empresas-do-ibovespa-perdem-r-120-bi-com-alta-do-dolar-diz-cma.html,2014-06-15,g1,ibovespa
"Petrobras e Banco do Brasil sobem e Ibovespa tem alta de 2,47% na quarta",https://g1.globo.com/globo-news/contacorrente/noticia/2015/03/petrobras-e-banco-do-brasil-sobem-e-ibovespa-tem-alta-de-247-na-quarta.html,2015-06-15,g1,ibovespa
"Em dia de instabilidade, Ibovespa encerra o dia em ligeira alta de 0,03%",https://g1.globo.com/globo-news/contacorrente/noticia/2015/02/em-dia-de-instabilidade-ibovespa-encerra-o-dia-em-ligeira-alta-de-003.html,2015-06-15,g1,ibovespa
Ibovespa termina semana em alta e acompanha quase todas as bolsas,https://g1.globo.com/jornal-nacional/noticia/2015/03/ibovespa-termina-semana-em-alta-e-acompanha-quase-todas-bolsas.html,2015-06-15,g1,ibovespa
Crise financeira do RJ atinge unidades de saúde,https://g1.globo.com/rio-de-janeiro/noticia/2015/12/crise-financeira-do-rj-atinge-unidades-de-saude.html,2015-06-15,g1,crise financeira
Entenda a recessão técnica do Brasil,https://g1.globo.com/economia/noticia/2015/08/entenda-recessao-tecnica-do-brasil.html,2015-06-15,g1,recessão brasil
Brasil em recessão: fui demitido - e agora?,https://g1.globo.com/concursos-e-emprego/noticia/2015/08/brasil-em-recessao-fui-demitido-e-agora.html,2015-06-15,g1,recessão brasil
Moody's tem previsão de recessão no Brasil em 2016,https://g1.globo.com/economia/noticia/2015/08/moodys-tem-previsao-de-recessao-no-brasil-em-2016.html,2015-06-15,g1,recessão brasil
Você viu? Brasil entra em recessão técnica e outras notícias da semana,https://g1.globo.com/mundo/noticia/2015/08/voce-viu-brasil-entra-em-recessao-tecnica-e-outras-noticias-da-semana.html,2015-06-15,g1,recessão brasil
"Recessão no Brasil se aprofundou no 3º trimestre, aponta pesquisa",https://g1.globo.com/economia/noticia/2015/11/recessao-no-brasil-se-aprofundou-no-3-trimestre-aponta-pesquisa.html,2015-06-15,g1,recessão brasil
Peso das ações do Itaú e Bradesco diminui na formação do Ibovespa,https://g1.globo.com/economia/mercados/noticia/2015/09/peso-das-acoes-do-itau-e-bradesco-caem-na-formacao-do-ibovespa.html,2015-06-15,g1,ibovespa
"Onda da recessão cai bem em cima do Brasil, comenta Sardenberg",https://g1.globo.com/jornal-da-globo/noticia/2015/06/onda-da-recessao-cai-bem-em-cima-do-brasil-comenta-sardenberg.html,2015-06-15,g1,recessão brasil
"Brasil sairá da recessão só depois de resolver questões fiscais, diz Levy",https://g1.globo.com/economia/noticia/2015/11/brasil-so-saira-da-recessao-depois-de-resolver-problemas-fiscais-diz-levy.html,2015-06-15,g1,recessão brasil
"PIB retrai 1,9% no 2º trimestre e Brasil entra em recessão técnica",https://g1.globo.com/jornal-hoje/noticia/2015/08/pib-retrai-19-no-2-trimestre-e-brasil-entra-em-recessao-tecnica.html,2015-06-15,g1,recessão brasil
"Brasil entrou em recessão a partir do 2º trimestre de 2014, diz FGV",https://g1.globo.com/economia/noticia/2015/08/brasil-entrou-em-recessao-partir-do-2-trimestre-de-2014-diz-fgv.html,2015-06-15,g1,recessão brasil
Peso da ação da Petrobras cai quase pela metade na formação do Ibovespa,https://g1.globo.com/economia/mercados/noticia/2015/01/peso-da-acao-da-petrobras-cai-quase-pela-metade-na-formacao-do-ibovespa.html,2015-06-15,g1,ibovespa
OCDE vê maior recessão no Brasil em 2015 e 2016,https://g1.globo.com/economia/noticia/2015/11/ocde-ve-maior-recessao-no-brasil-em-2015-e-2016.html,2015-06-15,g1,recessão brasil
GTFoods pretende negociar ações na bolsa de valores,https://g1.globo.com/economia/agronegocios/noticia/2015/10/gtfoods-pretende-negociar-acoes-na-bolsa-de-valores.html,2015-06-15,g1,bolsa valores
Apenas 6 ações do Ibovespa têm queda no ano; veja maiores altas,https://g1.globo.com/economia/mercados/noticia/2016/10/apenas-6-acoes-do-ibovespa-tem-queda-no-ano-veja-maiores-altas.html,2016-06-15,g1,ibovespa
Crise financeira de hospital afeta pacientes em Jundiaí,https://g1.globo.com/sao-paulo/sorocaba-jundiai/noticia/2016/12/crise-financeira-de-hospital-afeta-pacientes-em-jundiai.html,2016-06-15,g1,crise financeira
Charge: 'crise econômica',https://g1.globo.com/economia/noticia/2016/11/charge-crise-economica.html,2016-06-15,g1,crise econômica
Lava Jato investiga aplicações de Cunha na Bolsa de Valores,https://g1.globo.com/jornal-nacional/noticia/2016/10/lava-jato-investiga-aplicacoes-de-cunha-na-bolsa-de-valores.html,2016-06-15,g1,bolsa valores
Vale e Petrobras pressionam e Ibovespa recua nesta terça,https://g1.globo.com/economia/mercados/noticia/2016/11/bovespa-291116.html,2016-06-15,g1,ibovespa
Arteris deixa de operar na bolsa de valores,https://g1.globo.com/economia/mercados/noticia/2016/06/arteris-deixa-de-operar-na-bolsa-de-valores.html,2016-06-15,g1,bolsa valores
"Bovespa fecha em queda, mas acumula alta na semana",https://g1.globo.com/economia/mercados/noticia/bovespa-fecha-em-queda-mas-acumula-alta-na-semana.ghtml,2016-06-15,g1,ibovespa
Bovespa cai com pressão de ações da Vale,https://g1.globo.com/economia/mercados/noticia/bovespa-22122017.ghtml,2016-06-15,g1,ibovespa
Bovespa volta a subir no último pregão de 2016,https://g1.globo.com/economia/mercados/noticia/bovespa-cotacao-de-29-12-16.ghtml,2016-06-15,g1,ibovespa
"Bovespa fecha em queda após decisão do Fed, e de olho em cenário político",https://g1.globo.com/economia/mercados/noticia/bovespa-fecha-em-queda-apos-decisao-do-fed-e-de-olho-em-cenario-politico.ghtml,2016-06-15,g1,ibovespa
"Bovespa opera em queda, de olho no cenário político",https://g1.globo.com/economia/mercados/noticia/bovespa-cotacao-de-05-12-16.ghtml,2016-06-15,g1,ibovespa
Bovespa fecha em queda por cautela com cena política local,https://g1.globo.com/economia/mercados/noticia/bovespa-fecha-em-queda-por-cautela-com-cena-politica-local.ghtml,2016-06-15,g1,ibovespa
'A economia do amor' explora crise econômica dentro de uma família,https://g1.globo.com/pop-arte/cinema/noticia/2016/11/economia-do-amor-explora-crise-economica-dentro-de-uma-familia.html,2016-06-15,g1,crise econômica
Bovespa sobe em sessão com baixo volume,https://g1.globo.com/economia/mercados/noticia/bovespa-231216.ghtml,2016-06-15,g1,ibovespa
Bovespa sobe após anúncio de medidas para estimular economia,https://g1.globo.com/economia/mercados/noticia/bovespa-cotacao-de-16-12-16.ghtml,2016-06-15,g1,ibovespa
"Bovespa chega a subir mais de 2%, com noticiário corporativo e decisão do Senado",https://g1.globo.com/economia/mercados/noticia/bovespa-cotacao-em-06122016.ghtml,2016-06-15,g1,ibovespa
"Bovespa fecha estável, mas acumula queda de 3,5% na semana",https://g1.globo.com/economia/mercados/noticia/bovespa-fecha-estavel-mas-acumula-queda-de-35-na-semana.ghtml,2016-06-15,g1,ibovespa
Bovespa fecha em queda após medidas econômicas,https://g1.globo.com/economia/mercados/noticia/bovespa-fecha-em-queda-apos-medidas-economicas.ghtml,2016-06-15,g1,ibovespa
Bovespa opera em alta nesta segunda,https://g1.globo.com/economia/mercados/noticia/bovespa-cotacao-em-26122016.ghtml,2016-06-15,g1,ibovespa
Bolsa brasileira fecha em alta influenciada por noticiário político,https://g1.globo.com/economia/mercados/noticia/bolsa-brasileira-fecha-em-alta-influenciada-por-noticiario-politico.ghtml,2016-06-15,g1,ibovespa
Bovespa opera em alta no pregão desta quarta-feira,https://g1.globo.com/economia/mercados/noticia/bovespa-cotacao-de-28-12-16.ghtml,2016-06-15,g1,ibovespa
Ibovespa foi melhor investimento em 2016; euro e dólar foram piores aplicações,https://g1.globo.com/economia/seu-dinheiro/noticia/ibovespa-foi-melhor-investimento-em-2016-euro-e-dolar-foram-piores-aplicacoes.ghtml,2016-06-15,g1,ibovespa
Brasil tem a pior recessão da história,https://g1.globo.com/jornal-da-globo/noticia/2017/03/brasil-tem-pior-recessao-da-historia.html,2017-06-15,g1,recessão brasil
Unicamp promove seminário para discutir crise econômica,https://g1.globo.com/sp/campinas-regiao/noticia/unicamp-promove-seminario-para-discutir-crise-economica.ghtml,2017-06-15,g1,crise econômica
Audiência pública vai discutir crise financeira em Poá,https://g1.globo.com/sp/mogi-das-cruzes-suzano/noticia/audiencia-publica-vai-discutir-crise-financeira-em-poa.ghtml,2017-06-15,g1,crise financeira
Brasil vive a pior recessão da história,https://g1.globo.com/jornal-hoje/noticia/2017/03/brasil-vive-pior-recessao-da-historia.html,2017-06-15,g1,recessão brasil
Prefeituras do RJ ainda passam por crise financeira,https://g1.globo.com/rio-de-janeiro/noticia/prefeituras-do-rj-ainda-passam-por-crise-financeira.ghtml,2017-06-15,g1,crise financeira
"Ibovespa fecha em alta após notícias dos EUA, mas acumula queda na semana",https://g1.globo.com/economia/mercados/noticia/bovespa-201017.ghtml,2017-06-15,g1,ibovespa
"Ibovespa cai 0,45% nesta sexta, mas fecha em alta de 1,61% na semana",https://g1.globo.com/economia/mercados/noticia/b3-080917.ghtml,2017-06-15,g1,ibovespa
Ibovespa tem valorização de 26% em 2017; veja ações que mais subiram no ano,https://g1.globo.com/economia/noticia/ibovespa-tem-valorizacao-de-26-em-2017-veja-acoes-que-mais-subiram-no-ano.ghtml,2017-06-15,g1,ibovespa
"Economia encolhe 3,6% em 2016, e Brasil tem a pior recessão da história",https://g1.globo.com/jornal-nacional/noticia/2017/03/economia-encolhe-36-em-2016-e-brasil-tem-pior-recessao-da-historia.html,2017-06-15,g1,recessão brasil
Ibovespa foi melhor investimento em 2017; veja ranking de aplicações,https://g1.globo.com/economia/educacao-financeira/noticia/ibovespa-foi-melhor-investimento-em-2017-veja-ranking-de-aplicacoes.ghtml,2017-06-15,g1,ibovespa
Ibovespa futuro desaba após denúncias contra Michel Temer,https://g1.globo.com/economia/mercados/noticia/ibovespa-futuro-desaba-10-apos-denuncias-contra-michel-temer.ghtml,2017-06-15,g1,ibovespa
Veja ações que mais se valorizaram no ano no Ibovespa,https://g1.globo.com/economia/noticia/veja-acoes-que-mais-se-valorizaram-no-ano-no-ibovespa.ghtml,2017-06-15,g1,ibovespa
Ibovespa cai 1% com preocupação sobre avanço de reformas,https://g1.globo.com/economia/mercados/noticia/bovespa-sobe-em-sessao-intensa-de-balancos-e-apos-camara-rejeitar-denuncia-contra-temer.ghtml,2017-06-15,g1,ibovespa
Entenda como a recessão derrubou as importações no Brasil,https://g1.globo.com/jornal-da-globo/noticia/2017/01/entenda-como-recessao-derrubou-importacoes-no-brasil.html,2017-06-15,g1,recessão brasil
Você viu? Pior recessão da história no Brasil e outras notícias da semana,https://g1.globo.com/mundo/noticia/voce-viu-pior-recessao-da-historia-no-brasil-e-outras-noticias-da-semana.ghtml,2017-06-15,g1,recessão brasil
"'Recessão já terminou', mas Brasil ainda sente consequências, diz Meirelles",https://g1.globo.com/economia/noticia/recessao-ja-terminou-mas-brasil-ainda-sente-consequencias-diz-meirelles.ghtml,2017-06-15,g1,recessão brasil
Dados do PIB mostram que Brasil enfrenta a pior recessão da história,https://g1.globo.com/hora1/noticia/2017/03/dados-do-pib-mostram-que-brasil-enfrenta-pior-recessao-da-historia.html,2017-06-15,g1,recessão brasil
B3 divulga 1ª prévia de ações que vão compor o Ibovespa entre janeiro a abril,https://g1.globo.com/economia/noticia/b3-divulga-1-previa-de-acoes-que-vao-compor-o-ibovespa-entre-janeiro-a-abril.ghtml,2017-06-15,g1,ibovespa
"Brasil voltou a crescer, mas ainda vive efeitos da recessão, diz Meirelles",https://g1.globo.com/economia/noticia/brasil-voltou-a-crescer-mas-ainda-vive-efeitos-da-recessao-diz-meirelles.ghtml,2017-06-15,g1,recessão brasil
"Após crise financeira, frigorífico anuncia recuperação em Araguari",https://g1.globo.com/minas-gerais/triangulo-mineiro/noticia/apos-crise-financeira-frigorifico-anuncia-recuperacao-em-araguari.ghtml,2017-06-15,g1,crise financeira
Ibovespa sobe 1% e renova máxima intradia com bom humor com exterior e cenário local,https://g1.globo.com/economia/negocios/noticia/bovespa-sobe-1-e-renova-maxima-intradia-com-bom-humor-com-exterior-e-cenario-local.ghtml,2018-06-15,g1,ibovespa
"Ibovespa dispara e dólar cai a R$ 3,15 em dia de julgamento de recurso de Lula",https://g1.globo.com/economia/noticia/ibovespa-dispara-e-dolar-cai-a-r-315-em-dia-de-julgamento-de-recurso-de-lula2018.ghtml,2018-06-15,g1,ibovespa
"CSN, Usiminas e Petrobras lideram ganhos do Ibovespa em janeiro; veja maiores altas",https://g1.globo.com/economia/noticia/csn-usiminas-e-petrobras-lideram-ganhos-do-ibovespa-em-janeiro-veja-maiores-altas.ghtml,2018-06-15,g1,ibovespa
"Investimentos em dólar e ouro foram os mais vantajosos no semestre e Ibovespa e poupança, os piores",https://g1.globo.com/economia/noticia/investimentos-em-dolar-e-ouro-foram-os-mais-vantajosos-no-semestre-e-ibovespa-e-poupanca-os-piores.ghtml,2018-06-15,g1,ibovespa
"Brasil é o 10º maior mercado de vodca, a bebida 'anfitriã' da Copa",https://g1.globo.com/economia/noticia/brasil-e-o-10-maior-mercado-de-vodca-a-bebida-anfitria-da-copa.ghtml,2018-06-15,g1,recessão brasil
'Brasil do Amanhã' debate cultura como eixo de desenvolvimento,https://g1.globo.com/globonews/noticia/brasil-do-amanha-debate-cultura-como-eixo-de-desenvolvimento.ghtml,2018-06-15,g1,recessão brasil
B2W e Gol entram na 1ª prévia do Ibovespa para maio a agosto,https://g1.globo.com/economia/noticia/b2w-e-gol-entram-na-1-previa-do-ibovespa-para-maio-a-agosto.ghtml,2018-06-15,g1,ibovespa
Lush Cosmetics fechará lojas no Brasil,https://g1.globo.com/economia/noticia/lush-cosmetics-fechara-lojas-no-brasil.ghtml,2018-06-15,g1,recessão brasil
"'Prévia' do PIB do Banco Central indica que economia brasileira cresceu 1,04% em 2017",https://g1.globo.com/economia/noticia/previa-do-pib-do-banco-central-indica-que-economia-cresceu-104-em-2017.ghtml,2018-06-15,g1,recessão brasil
"Em jantar com empresários na Suíça, Temer defende reforma da Previdência e diz que recessão no Brasil 'ficou para trás'",https://g1.globo.com/politica/noticia/em-jantar-com-empresarios-na-suica-temer-defende-reforma-da-previdencia-e-diz-que-recessao-no-brasil-ficou-para-tras.ghtml,2018-06-15,g1,recessão brasil
Rússia tenta acelerar crescimento econômico após anos de recessão,https://g1.globo.com/economia/noticia/russia-tenta-acelerar-crescimento-economico-apos-anos-de-recessao.ghtml,2018-06-15,g1,recessão brasil
"Brasil vai levar quase 3 anos para recuperar perdas da recessão, diz estudo",https://g1.globo.com/economia/noticia/brasil-vai-levar-quase-3-anos-para-recuperar-perdas-da-recessao-diz-estudo.ghtml,2018-06-15,g1,recessão brasil
Investimento da China no Brasil em 2017 atingiu máxima de 7 anos,https://g1.globo.com/economia/noticia/investimento-da-china-no-brasil-em-2017-atingiu-maxima-de-7-anos.ghtml,2018-06-15,g1,recessão brasil
Brasil 'empata' em desigualdade e toma goleada da Rússia em educação,https://g1.globo.com/educacao/noticia/brasil-empata-em-desigualdade-e-toma-goleada-da-russia-em-educacao.ghtml,2018-06-15,g1,recessão brasil
O que é a bolsa de valores e para que ela serve?,https://g1.globo.com/economia/educacao-financeira/noticia/2018/07/25/o-que-e-a-bolsa-de-valores-e-para-que-ela-serve.ghtml,2018-07-25,g1,bolsa valores
Agências de rating rebaixam nota de crédito da Turquia,https://g1.globo.com/economia/noticia/2018/08/17/sandp-rebaixa-nota-de-credito-da-turquia-para-grau-ainda-mais-especulativo.ghtml,2018-08-17,g1,recessão brasil
Bovespa fecha em alta nesta quarta,https://g1.globo.com/economia/noticia/2018/08/29/ibovespa-em-29082018.ghtml,2018-08-29,g1,ibovespa
McDonald's fecha unidades na Venezuela em meio a crise econômica,https://g1.globo.com/economia/noticia/2018/09/02/mcdonalds-fecha-unidades-na-venezuela-em-meio-crise-economica.ghtml,2018-09-02,g1,crise econômica
"Bovespa fecha em queda, no menor patamar em quase 2 meses",https://g1.globo.com/economia/noticia/2018/09/04/bovespa-04082018.ghtml,2018-09-04,g1,ibovespa
"Metro quadrado no Amapá chega a R$ 1.069,33 em agosto, após variação de 0,26%",https://g1.globo.com/ap/amapa/noticia/2018/09/09/metro-quadrado-no-amapa-chega-a-r-106933-em-agosto-apos-variacao-de-026.ghtml,2018-09-09,g1,recessão brasil
A crise econômica da Argentina em 6 gráficos,https://g1.globo.com/economia/noticia/2018/09/11/a-crise-economica-da-argentina-em-6-graficos.ghtml,2018-09-11,g1,crise econômica
Crise econômica na Argentina atinge empresas brasileiras,https://g1.globo.com/jornal-nacional/noticia/2018/10/11/crise-economica-na-argentina-atinge-empresas-brasileiras.ghtml,2018-10-11,g1,crise econômica
Crise econômica aumenta número de ambulantes no Maranhão,https://g1.globo.com/ma/maranhao/noticia/2018/10/16/crise-economica-aumenta-numero-de-vendedores-ambulantes-no-maranhao.ghtml,2018-10-16,g1,crise econômica
Bovespa fecha em alta seguindo cenário favorável no exterior,https://g1.globo.com/economia/noticia/2018/10/25/bovespa-251018.ghtml,2018-10-25,g1,ibovespa
"Em crise financeira, Prefeitura de Poços de Caldas decreta estado de emergência",https://g1.globo.com/mg/sul-de-minas/noticia/2018/10/30/em-crise-financeira-prefeitura-de-pocos-de-caldas-decreta-estado-de-emergencia.ghtml,2018-10-30,g1,crise financeira
Bovespa fecha em leve queda nesta segunda,https://g1.globo.com/economia/noticia/2018/11/12/bovespa-cotacao12112018.ghtml,2018-11-12,g1,ibovespa
Crise financeira leva Prefeitura de Ituiutaba a demitir funcionários contratados,https://g1.globo.com/mg/triangulo-mineiro/noticia/2018/11/15/crise-financeira-leva-prefeitura-de-ituiutaba-a-demitir-funcionarios-contratados.ghtml,2018-11-15,g1,crise financeira
"Em crise financeira, Barbacena suspende contratos de mais de 180 funcionários da educação",https://g1.globo.com/mg/zona-da-mata/noticia/2018/11/19/em-crise-financeira-barbacena-ja-demitiu-mais-de-180-funcionarios-da-educacao.ghtml,2018-11-19,g1,crise financeira
"Brasil pode voltar a crescer 3,5% no curto prazo, avalia Paulo Guedes",https://g1.globo.com/politica/blog/valdo-cruz/noticia/2018/11/30/brasil-pode-voltar-a-crescer-35-no-curto-prazo-avalia-paulo-guedes.ghtml,2018-11-30,g1,recessão brasil
Prefeitura de Araguari anuncia medidas para conter crise financeira,https://g1.globo.com/mg/triangulo-mineiro/noticia/2018/12/03/prefeitura-de-araguari-anuncia-medidas-para-conter-crise-financeira.ghtml,2018-12-03,g1,crise financeira
"Bovespa fecha em alta nesta quarta, de olho em melhora externa",https://g1.globo.com/economia/noticia/2018/12/12/bovespa12122018.ghtml,2018-12-12,g1,ibovespa
"Bovespa fecha em alta, após dia de sobe e desce",https://g1.globo.com/economia/noticia/2018/12/27/bovespa271218.ghtml,2018-12-27,g1,ibovespa
Economia dos EUA: melhor do que nunca ou em risco de recessão?,https://g1.globo.com/economia/noticia/2019/01/20/economia-dos-eua-melhor-do-que-nunca-ou-em-risco-de-recessao.ghtml,2019-01-20,g1,recessão brasil
"Criação de vagas formais vai avançar em 2019, mas taxa de desemprego ainda deve ficar acima de 10%, projetam economistas",https://g1.globo.com/economia/noticia/2019/01/25/criacao-de-vagas-formais-vai-avancar-em-2019-mas-taxa-de-desemprego-ainda-deve-ficar-acima-de-10-projetam-economistas.ghtml,2019-01-25,g1,recessão brasil
O mundo está à beira de uma nova grande crise econômica?,https://g1.globo.com/economia/noticia/2019/02/02/o-mundo-esta-a-beira-de-uma-nova-grande-crise-economica.ghtml,2019-02-02,g1,crise econômica
Especial: Microempreendedores e o papel na recuperação econômica do Maranhão,https://g1.globo.com/ma/maranhao/noticia/2019/03/29/especial-microempreendedores-e-o-papel-na-recuperacao-economica-do-maranhao.ghtml,2019-03-29,g1,crise econômica
"Risco de calote de estados brasileiros deve crescer nos próximos anos, indica S&P",https://g1.globo.com/economia/noticia/2019/05/21/risco-de-calote-de-estados-brasileiros-deve-crescer-nos-proximos-anos-indica-sandp.ghtml,2019-05-21,g1,recessão brasil
"Mesmo com risco de recessão, Copom deve manter juro básico estável em 6,5% ao ano",https://g1.globo.com/economia/noticia/2019/06/19/mesmo-com-risco-de-recessao-copom-deve-manter-juro-basico-estavel-em-65percent-ao-ano.ghtml,2019-06-19,g1,recessão brasil
Existe alguma ligação entre crise econômica e aumento nas taxas de suicídio?,https://g1.globo.com/mundo/noticia/2019/07/15/existe-alguma-ligacao-entre-crise-economica-e-aumento-nas-taxas-de-suicidio.ghtml,2019-07-15,g1,crise econômica
"Crise econômica freia consumo de energia primária no Brasil, aponta Firjan",https://g1.globo.com/economia/noticia/2019/08/07/crise-economica-freia-consumo-de-energia-primaria-no-brasil-aponta-firjan.ghtml,2019-08-07,g1,crise econômica
"Mesmo com economia fraca no 2º trimestre, maioria dos analistas vê recessão técnica como improvável",https://g1.globo.com/economia/noticia/2019/08/13/mesmo-com-economia-fraca-no-2o-trimestre-maioria-dos-analistas-ve-recessao-tecnica-como-improvavel.ghtml,2019-08-13,g1,recessão brasil
Temor de recessão nos EUA derruba Bolsas de Valores,https://g1.globo.com/jornal-nacional/noticia/2019/08/14/temor-de-recessao-nos-eua-derruba-bolsas-de-valores.ghtml,2019-08-14,g1,recessão brasil
6 perguntas sobre o pânico global que fez as bolsas de valores despencarem temendo uma recessão,https://g1.globo.com/economia/noticia/2019/08/14/6-perguntas-sobre-o-panico-global-que-fez-as-bolsas-de-valores-despencarem-temendo-uma-recessao.ghtml,2019-08-14,g1,recessão brasil
"PIB do Brasil cresce 0,4% no 2º trimestre e afasta risco de recessão técnica",https://g1.globo.com/economia/noticia/2019/08/29/pib-do-brasil-cresce-04percent-no-2o-trimestre-diz-ibge.ghtml,2019-08-29,g1,recessão brasil
Cooperativas do Sicoob mantém crescimento em meio à crise econômica,https://g1.globo.com/mt/mato-grosso/especial-publicitario/sicoob-mato-grosso/noticia/2019/09/11/cooperativas-do-sicoob-mantem-crescimento-em-meio-a-crise-economica.ghtml,2019-09-11,g1,crise econômica
Crise econômica provoca queda nas vendas de camisinhas na Argentina,https://g1.globo.com/economia/noticia/2019/09/19/crise-economica-provoca-queda-nas-vendas-de-camisinhas-na-argentina.ghtml,2019-09-19,g1,crise econômica
"Desemprego que não cai, informalidade e desânimo: recessão dos pobres é mais longa que a dos a ricos",https://g1.globo.com/economia/noticia/2019/09/27/desemprego-que-nao-cai-informalidade-e-desanimo-recessao-dos-pobres-e-mais-longa-que-a-dos-a-ricos.ghtml,2019-09-27,g1,recessão brasil
"Depois de encolher na crise econômica, o setor da construção civil volta a contratar",https://g1.globo.com/jornal-nacional/noticia/2019/11/01/depois-de-encolher-na-crise-economica-o-setor-da-construcao-civil-volta-a-contratar.ghtml,2019-11-01,g1,crise econômica
Veja como começar a investir na Bolsa de Valores,https://g1.globo.com/economia/especial-publicitario/investimentos/btg-pactual-digital/noticia/2019/11/27/veja-como-comecar-a-investir-na-bolsa-de-valores.ghtml,2019-11-27,g1,bolsa valores
Fundação Cafu anuncia fechamento após crise financeira,https://g1.globo.com/sp/sao-paulo/noticia/2019/12/23/fundacao-cafu-anuncia-fechamento-apos-crise-financeira.ghtml,2019-12-23,g1,crise financeira
Correção: alta do Ibovespa,https://g1.globo.com/economia/noticia/2019/12/30/correcao-alta-do-ibovespa.ghtml,2019-12-30,g1,ibovespa
"Com avanço do coronavírus, Itaú passa a prever recessão para o Brasil neste ano",https://g1.globo.com/economia/noticia/2020/03/20/com-avanco-do-coronavirus-itau-passa-a-prever-recessao-para-o-brasil-neste-ano.ghtml,2020-03-20,g1,recessão brasil
"Com impacto do coronavírus, Brasil deve voltar a ter recessão neste ano",https://g1.globo.com/economia/noticia/2020/03/25/com-impacto-do-coronavirus-brasil-deve-voltar-a-ter-recessao-neste-ano.ghtml,2020-03-25,g1,recessão brasil
Recomendação cobra de municípios de AL medidas preventivas para combater crise econômica causada pelo coronavírus,https://g1.globo.com/al/alagoas/arquivo/noticia/2020/04/15/mp-de-contas-faz-recomendacoes-preventivas-para-o-combate-da-crise-causada-pelo-coronavirus-em-al.ghtml,2020-04-15,g1,crise econômica
PolloShop encerra atividades comerciais após crise financeira em Curitiba,https://g1.globo.com/pr/parana/noticia/2020/04/20/polloshop-encerra-atividades-comerciais-apos-crise-financeira-em-curitiba.ghtml,2020-04-20,g1,crise financeira
Moody's alerta para riscos a perspectiva estável da nota do Brasil diante de recessão profunda,https://g1.globo.com/economia/noticia/2020/05/18/moodys-alerta-para-riscos-a-perspectiva-estavel-da-nota-do-brasil-diante-de-recessao-profunda.ghtml,2020-05-18,g1,recessão brasil
Powell diz que Fed continuará combatendo crise econômica,https://g1.globo.com/economia/noticia/2020/05/29/powell-diz-que-fed-continuara-combatendo-crise-economica.ghtml,2020-05-29,g1,crise econômica
"Economias emergentes devem ter primeira queda generalizada do PIB em 60 anos e levar milhões à extrema pobreza, diz Banco Mundial",https://g1.globo.com/economia/noticia/2020/06/08/economias-emergentes-devem-ter-primeira-queda-generalizada-do-pib-em-60-anos-e-levar-milhoes-a-extrema-pobreza-diz-banco-mundial.ghtml,2020-06-08,g1,recessão brasil
"OCDE prevê recessão mundial de pelo menos 6% em 2020 e queda de 7,4% do PIB do Brasil",https://g1.globo.com/economia/noticia/2020/06/10/ocde-preve-recessao-mundial-de-pelo-menos-6-em-2020.ghtml,2020-06-10,g1,recessão brasil
"Com coronavírus, Brasil deve colher sua primeira década de recessão",https://g1.globo.com/economia/noticia/2020/06/26/com-coronavirus-brasil-deve-colher-sua-primeira-decada-de-recessao.ghtml,2020-06-26,g1,recessão brasil
Comitê da FGV que estuda ciclos econômicos diz que Brasil entrou em recessão no 1º trimestre,https://g1.globo.com/economia/noticia/2020/06/29/comite-da-fgv-que-estuda-ciclos-economicos-sinaliza-que-brasil-entrou-em-recessao-no-1o-trimestre.ghtml,2020-06-29,g1,recessão brasil
Por que Brasil já pode ter atingido 'fundo do poço' da recessão - e o que isso significa,https://g1.globo.com/economia/noticia/2020/06/29/por-que-brasil-ja-pode-ter-atingido-fundo-do-poco-da-recessao-e-o-que-isso-significa.ghtml,2020-06-29,g1,recessão brasil
"Auxílios fizeram PIB do Brasil ter queda similar a de países desenvolvidos, dizem economistas",https://g1.globo.com/economia/noticia/2020/09/01/auxilios-fizeram-pib-do-brasil-ter-queda-proxima-a-paises-desenvolvidos-dizem-economistas.ghtml,2020-09-01,g1,recessão brasil
Pandemia do coronavírus provoca tombo histórico no PIB do segundo trimestre,https://g1.globo.com/jornal-nacional/noticia/2020/09/01/pandemia-do-coronavirus-provoca-tombo-historico-no-pib-do-segundo-trimestre.ghtml,2020-09-01,g1,recessão brasil
"PIB tem tombo recorde de 9,7% no 2º trimestre e Brasil entra de novo em recessão",https://g1.globo.com/economia/noticia/2020/09/01/pib-tem-queda-recorde-de-97percent-no-2o-trimestre-e-brasil-entra-de-novo-em-recessao.ghtml,2020-09-01,g1,recessão brasil
Agências de risco veem recessão menos severa que a estimada para o Brasil,https://g1.globo.com/economia/noticia/2020/09/08/agencias-de-risco-veem-recessao-menos-severa-que-a-estimada-para-o-brasil.ghtml,2020-09-08,g1,recessão brasil
OCDE melhora projeção para PIB do Brasil e vê recessão mundial menos severa em 2020,https://g1.globo.com/economia/noticia/2020/09/16/ocde-melhora-projecao-para-pib-do-brasil-e-ve-recessao-mundial-menos-severa-em-2020.ghtml,2020-09-16,g1,recessão brasil
"Após alta do arroz, entenda por que crise econômica deixará preços estáveis",https://g1.globo.com/economia/noticia/2020/09/19/apos-alta-do-arroz-entenda-por-que-crise-economica-deixara-precos-estaveis.ghtml,2020-09-19,g1,crise econômica
"O Assunto #337: Pós-eleição, crise econômica e os rumos para 2022",https://g1.globo.com/podcast/o-assunto/noticia/2020/12/01/o-assunto-337-pos-eleicao-crise-economica-e-os-rumos-para-2022.ghtml,2020-12-01,g1,crise econômica
"Ford: por que Argentina reteve a montadora, mas enfrenta saída de empresas estrangeiras como Brasil",https://g1.globo.com/economia/noticia/2021/01/13/ford-por-que-argentina-reteve-a-montadora-mas-enfrenta-saida-de-empresas-estrangeiras-como-brasil.ghtml,2021-01-13,g1,recessão brasil
Câmara Municipal de Niterói discute crise financeira da UFF,https://g1.globo.com/rj/rio-de-janeiro/noticia/2021/05/24/camara-municipal-de-niteroi-discute-crise-financeira-da-uff.ghtml,2021-05-24,g1,crise financeira
Aprofundamento da crise econômica diminui as doações durante a pandemia,https://g1.globo.com/jornal-nacional/noticia/2021/08/23/aprofundamento-da-crise-economica-diminui-as-doacoes-durante-a-pandemia.ghtml,2021-08-23,g1,crise econômica
Golpismo de Bolsonaro prejudica retomada da economia e crise pode se acentuar; entenda,https://g1.globo.com/economia/noticia/2021/09/08/golpismo-de-bolsonaro-prejudica-retomada-da-economia-e-crise-pode-se-acentuar-entenda.ghtml,2021-09-08,g1,crise econômica
O Assunto #536: Estagflação: perigo real e imediato,https://g1.globo.com/podcast/o-assunto/noticia/2021/09/13/o-assunto-536-estagflacao-perigo-real-e-imediato.ghtml,2021-09-13,g1,recessão brasil
Crise financeira: um colapso que ameaçou o capitalismo,https://g1.globo.com/economia/noticia/2021/10/10/crise-financeira-um-colapso-que-ameacou-o-capitalismo.ghtml,2021-10-10,g1,crise financeira
Educação Financeira #162: 5 dicas para planejar os objetivos financeiros em tempos de crise,https://g1.globo.com/podcast/educacao-financeira/noticia/2021/10/11/educacao-financeira-162-5-dicas-para-planejar-os-objetivos-financeiros-em-tempos-de-crise.ghtml,2021-10-11,g1,crise financeira
"Crise energética pode ameaçar recuperação econômica global, diz IEA",https://g1.globo.com/economia/noticia/2021/10/14/crise-energetica-pode-ameacar-recuperacao-economica-global-diz-iea.ghtml,2021-10-14,g1,crise econômica
Touro de Ouro: escultura da Bolsa de Valores vira meme,https://g1.globo.com/tecnologia/noticia/2021/11/17/touro-de-ouro-escultura-da-bolsa-de-valores-vira-meme.ghtml,2021-11-17,g1,bolsa valores
Brasil em recessão técnica: veja comparativo com desempenho de outros países,https://g1.globo.com/economia/noticia/2021/12/02/brasil-em-recessao-tecnica-veja-comparativo-com-desempenho-de-outros-paises.ghtml,2021-12-02,g1,recessão brasil
PIB cai pelo segundo trimestre seguido e Brasil entra em recessão técnica,https://g1.globo.com/jornal-nacional/noticia/2021/12/02/pib-cai-pelo-segundo-trimestre-seguido-e-brasil-entra-em-recessao-tecnica.ghtml,2021-12-02,g1,recessão brasil
O que é recessão técnica? Entenda,https://g1.globo.com/economia/noticia/2021/12/02/o-que-e-recessao-tecnica-entenda.ghtml,2021-12-02,g1,recessão brasil
"PIB do 3º trimestre mostra lentidão e traz de volta discussão sobre ‘estagflação’, dizem economistas",https://g1.globo.com/economia/noticia/2021/12/02/pib-do-3o-trimestre-mostra-lentidao-e-traz-de-volta-discussao-sobre-estagflacao-dizem-economistas.ghtml,2021-12-02,g1,recessão brasil
"PIB do Brasil cai 0,1% no 3º trimestre e país entra em recessão técnica",https://g1.globo.com/economia/noticia/2021/12/02/pib-cai-01percent-no-3o-trimestre.ghtml,2021-12-02,g1,recessão brasil
"Com Brasil em recessão técnica, dois economistas respondem a 5 perguntas sobre o que esperar do futuro",https://g1.globo.com/economia/noticia/2021/12/03/com-brasil-em-recessao-tecnica-dois-economistas-respondem-a-5-perguntas-sobre-o-que-esperar-do-futuro.ghtml,2021-12-03,g1,recessão brasil
O Assunto #592: Recessão técnica - daqui vamos para onde?,https://g1.globo.com/podcast/o-assunto/noticia/2021/12/03/o-assunto-592-recessao-tecnica-daqui-vamos-para-onde.ghtml,2021-12-03,g1,recessão brasil
"Você viu? Novo ministro no STF, julgamento da boate Kiss, Brasil em recessão técnica, o homem com o maior nariz do mundo e Rihanna heroína de Barbados",https://g1.globo.com/mundo/noticia/2021/12/04/voce-viu-novo-ministro-no-stf-julgamento-da-boate-kiss-brasil-em-recessao-tecnica-o-homem-com-o-maior-nariz-do-mundo-e-rihanna-heroina-de-barbados.ghtml,2021-12-04,g1,recessão brasil
"O Assunto #588 a #592: Pobreza menstrual, o medo da ômicron, o julgamento da boate Kiss, Bolsonaro no PL e o Brasil em recessão técnica",https://g1.globo.com/podcast/o-assunto/noticia/2021/12/04/o-assunto-588-a-592-pobreza-menstrual-o-medo-da-omicron-o-julgamento-da-boate-kiss-bolsonaro-no-pl-e-o-brasil-em-recessao-tecnica.ghtml,2021-12-04,g1,recessão brasil
Economia em 2022: Brasil deve ter mais um ano perdido e flertar com recessão,https://g1.globo.com/economia/noticia/2022/01/01/economia-em-2022-brasil-deve-ter-mais-um-ano-perdido-e-flertar-com-recessao.ghtml,2022-01-01,g1,recessão brasil
Guerra na Ucrânia: sanções financeiras à Rússia podem levar mundo à recessão?,https://g1.globo.com/economia/noticia/2022/03/01/guerra-na-ucrania-sancoes-financeiras-russia-recessao.ghtml,2022-03-01,g1,recessão brasil
"PIB cresce 4,6% em 2021 e recupera as perdas da pandemia",https://g1.globo.com/jornal-nacional/noticia/2022/03/04/pib-cresce-46percent-em-2021-e-recupera-as-perdas-da-pandemia.ghtml,2022-03-04,g1,recessão brasil
"Passado o baque da pandemia, PIB do Brasil volta ao velho 'padrão' do crescimento lento",https://g1.globo.com/economia/noticia/2022/03/04/passado-o-baque-da-pandemia-pib-do-brasil-volta-ao-velho-padrao-do-crescimento-lento.ghtml,2022-03-04,g1,recessão brasil
"Brasil sai da recessão técnica no 4º trimestre e PIB cresce 4,6% em 2021",https://g1.globo.com/economia/noticia/2022/03/04/pib-do-brasil-cresce-46percent-em-2021.ghtml,2022-03-04,g1,recessão brasil
Quanto tempo você viveu sob recessão? Brasileiros chegam a 1/3 da vida adulta com economia em queda,https://g1.globo.com/economia/noticia/2022/03/04/quanto-tempo-voce-viveu-sob-recessao-brasileiros-chegam-a-13-da-vida-adulta-com-economia-em-queda.ghtml,2022-03-04,g1,recessão brasil
"Em crise financeira, Apae Salvador lança campanha de arrecadação para manter as atividades",https://g1.globo.com/ba/bahia/noticia/2022/04/20/em-crise-financeira-apae-salvador-lanca-campanha-de-arrecadacao-para-manter-as-atividades.ghtml,2022-04-20,g1,crise financeira
Hospitais filantrópicos do país enfrentam grave crise financeira,https://g1.globo.com/jornal-nacional/noticia/2022/05/18/hospitais-filantropicos-do-pais-enfrentam-grave-crise-financeira.ghtml,2022-05-18,g1,crise financeira
Chef de cozinha mostra alternativas para o preparo de sopas em tempos de crise financeira,https://g1.globo.com/sp/mogi-das-cruzes-suzano/noticia/2022/05/19/chef-de-cozinha-mostra-alternativas-para-o-preparo-de-sopas-em-tempos-de-crise-financeira.ghtml,2022-05-19,g1,crise financeira
"PIB recua 3,6% em 2016, e Brasil  tem pior recessão da história",https://g1.globo.com/economia/noticia/pib-brasileiro-recua-36-em-2016-e-tem-pior-recessao-da-historia.ghtml,2022-06-15,g1,recessão brasil
"Petróleo fecha em forte queda, pressionado por temores de recessão",https://g1.globo.com/economia/noticia/2022/06/17/petroleo-fecha-em-forte-queda-pressionado-por-temores-de-recessao.ghtml,2022-06-17,g1,recessão brasil
"Guedes vê exterior com inflação em alta e recessão, mas não o Brasil: 'Não se assustem'",https://g1.globo.com/economia/noticia/2022/06/28/guedes-ve-recessao-e-diz-que-inflacao-vai-aumentar-no-exterior-nao-se-assustem.ghtml,2022-06-28,g1,recessão brasil
Bolsas dos EUA amargam perdas entre 15% e 30% no 1º semestre com temores de recessão,https://g1.globo.com/economia/noticia/2022/06/30/bolsas-dos-eua-amargam-perdas-entre-15percent-e-30percent-no-1o-semestre-com-temores-de-recessao.ghtml,2022-06-30,g1,recessão brasil
Petróleo Brent cai abaixo de US$ 100 e tem menor valor em 12 semanas,https://g1.globo.com/economia/noticia/2022/07/06/petroleo-brent.ghtml,2022-07-06,g1,recessão brasil
Dólar fecha em alta em meio a temores de recessão global,https://g1.globo.com/economia/noticia/2022/07/12/dolar.ghtml,2022-07-12,g1,recessão brasil
"Dólar em alta, recessão à vista: por que a inflação americana afeta o Brasil",https://g1.globo.com/economia/noticia/2022/07/13/dolar-em-alta-recessao-a-vista-por-que-a-inflacao-americana-afeta-o-brasil.ghtml,2022-07-13,g1,recessão brasil
"PIB dos EUA cai 0,9% no segundo trimestre, na segunda retração consecutiva",https://g1.globo.com/economia/noticia/2022/07/28/pib-dos-eua-cai-09percent-no-segundo-trimestre-na-segunda-queda-consecutiva.ghtml,2022-07-28,g1,recessão brasil
BC britânico adota maior alta dos juros desde 1995 e alerta para recessão,https://g1.globo.com/economia/noticia/2022/08/04/bc-britanico-adota-maior-alta-dos-juros-desde-1995-e-alerta-para-recessao.ghtml,2022-08-04,g1,recessão brasil
O mundo está a caminho de uma recessão? Entenda os riscos e as consequências para o Brasil,https://g1.globo.com/economia/noticia/2022/08/07/recessao-global-entenda-os-riscos-e-as-consequencias-para-o-brasil.ghtml,2022-08-07,g1,recessão brasil
"PIB do Reino Unido cai 0,1% no 2º trimestre e caminha para recessão",https://g1.globo.com/economia/noticia/2022/08/12/pib-do-reino-unido-cai-01percent-no-segundo-trimestre.ghtml,2022-08-12,g1,recessão brasil
"O que causa mais danos, inflação ou recessão?",https://g1.globo.com/economia/noticia/2022/08/13/o-que-causa-mais-danos-inflacao-ou-recessao.ghtml,2022-08-13,g1,recessão brasil
"PIB dos EUA é revisado para cima, com queda de 0,6% no 2º trimestre",https://g1.globo.com/economia/noticia/2022/08/25/pib-dos-eua-e-revisado-para-cima-com-queda-de-06percent-no-2o-trimestre.ghtml,2022-08-25,g1,recessão brasil
'Efeito batom': o que o aumento das vendas do cosmético tem a ver com crises econômicas?,https://g1.globo.com/economia/noticia/2022/09/06/efeito-batom-o-que-o-aumento-das-vendas-do-cosmetico-tem-a-ver-com-crises-economicas.ghtml,2022-09-06,g1,crise econômica
As raízes da crise econômica argentina: entenda o histórico da economia no país,https://g1.globo.com/hora1/noticia/2022/09/20/as-raizes-da-crise-economica-argentina-entenda-o-historico-da-economia-no-pais.ghtml,2022-09-20,g1,crise econômica
Hospital da Criança em Uberaba enfrenta crise com problemas nos atendimentos e dificuldade financeira,https://g1.globo.com/mg/triangulo-mineiro/noticia/2022/09/21/hospital-da-crianca-em-uberaba-enfrenta-crise-com-problemas-nos-atendimentos-e-dificuldade-financeira.ghtml,2022-09-21,g1,crise financeira
As raízes da crise econômica na Argentina: como vive o morador da capital Buenos Aires,https://g1.globo.com/hora1/noticia/2022/09/21/as-raizes-da-crise-economica-na-argentina-como-vive-o-morador-da-capital-buenos-aires.ghtml,2022-09-21,g1,crise econômica
Juros nos EUA: como nova alta pode afetar o Brasil,https://g1.globo.com/economia/noticia/2022/09/22/juros-nos-eua-como-nova-alta-pode-afetar-o-brasil.ghtml,2022-09-22,g1,recessão brasil
As raízes da crise econômica da Argentina: Os reflexos da crise no Brasil,https://g1.globo.com/hora1/noticia/2022/09/22/as-raizes-da-crise-economica-da-argentina-os-reflexos-da-crise-no-brasil.ghtml,2022-09-22,g1,crise econômica
ONG que auxilia no tratamento de crianças com microcefalia sofre crise financeira: 'Não sabemos até quando continuaremos',https://g1.globo.com/ba/bahia/noticia/2022/09/24/ong-que-auxilia-no-tratamento-de-criancas-com-microcefalia-sofre-crise-financeira-nao-sabemos-ate-quando-continuaremos.ghtml,2022-09-24,g1,crise financeira
Protestos no Irã: como crise econômica impulsionou manifestações contra o governo,https://g1.globo.com/mundo/noticia/2022/10/17/protestos-no-ira-como-crise-economica-impulsionou-manifestacoes-contra-o-governo.ghtml,2022-10-17,g1,crise econômica
'Alimentar os filhos ou pets': crise econômica aumenta devolução de animais de estimação na Austrália,https://g1.globo.com/mundo/noticia/2022/10/25/alimentar-os-filhos-ou-pets-crise-economica-aumenta-devolucao-de-animais-de-estimacao-na-australia.ghtml,2022-10-25,g1,crise econômica
Principal índice da bolsa de valores fecha em alta na primeira semana pós-eleição,https://g1.globo.com/jornal-nacional/noticia/2022/11/04/principal-indice-da-bolsa-de-valores-fecha-em-alta-na-primeira-semana-pos-eleicao.ghtml,2022-11-04,g1,bolsa valores
Por que a Bolsa de Valores de Londres deixou de ser a mais valiosa da Europa,https://g1.globo.com/economia/noticia/2022/11/15/por-que-a-bolsa-de-valores-de-londres-deixou-de-ser-a-mais-valiosa-da-europa.ghtml,2022-11-15,g1,bolsa valores
"Ibovespa fecha em queda de mais de 2,5%",https://g1.globo.com/jornal-nacional/noticia/2022/11/16/ibovespa-fecha-em-queda-de-mais-de-25percent.ghtml,2022-11-16,g1,ibovespa
Ibovespa fecha em queda nesta terça,https://g1.globo.com/economia/noticia/2022/11/22/ibovespa.ghtml,2022-11-22,g1,ibovespa
Como funciona a bolsa de valores?,https://g1.globo.com/economia/especial-publicitario/inteligencia-financeira/noticia/2022/11/24/como-funciona-a-bolsa-de-valores.ghtml,2022-11-24,g1,bolsa valores
Abrigo de animais em Salvador enfrenta crise financeira e faz campanha para arrecadar doações,https://g1.globo.com/ba/bahia/noticia/2022/12/07/abrigo-de-animais-em-salvador-enfrenta-crise-financeira-e-faz-campanha-para-arrecadar-doacoes.ghtml,2022-12-07,g1,crise financeira
"Presidente da FMS, Clara Leal, fala sobre crise na saúde em Teresina: 'foco na questão financeira'",https://g1.globo.com/pi/piaui/noticia/2022/12/13/presidente-da-fms-clara-leal-fala-sobre-crise-na-saude-em-teresina-foco-na-questao-financeira.ghtml,2022-12-13,g1,crise financeira
Entidades de SP afirmam não ter recebido doações suficientes para famílias por conta da crise econômica,https://g1.globo.com/sp/sao-paulo/noticia/2022/12/16/entidades-de-sp-afirmam-nao-ter-recebido-doacoes-suficientes-para-familias-por-conta-da-crise-economica.ghtml,2022-12-16,g1,crise econômica
Por que a inflação mundial deve cair em 2023 (e por que a notícia não é tão boa),https://g1.globo.com/mundo/noticia/2023/01/02/por-que-a-inflacao-mundial-deve-cair-em-2023-e-por-que-a-noticia-nao-e-tao-boa.ghtml,2023-01-02,g1,recessão brasil
'Vilões da inflação': g1 faz 'raio-X' da Ceasa Campinas e mostra impactos da crise econômica no mercado à solidariedade,https://g1.globo.com/sp/campinas-regiao/noticia/2023/01/02/viloes-da-inflacao-g1-faz-raio-x-da-ceasa-campinas-e-mostra-impactos-da-crise-economica-no-mercado-a-solidariedade.ghtml,2023-01-02,g1,crise econômica
"Dólar fecha em leve alta nesta quinta, com risco de recessão nos EUA e discurso de Lula no radar",https://g1.globo.com/economia/noticia/2023/01/19/dolar.ghtml,2023-01-19,g1,recessão brasil
Crise demográfica pode levar a crise econômica na China,https://g1.globo.com/mundo/noticia/2023/01/23/crise-demografica-pode-levar-a-crise-economica-na-china.ghtml,2023-01-23,g1,crise econômica
"Haddad diz que medidas eleitorais de Bolsonaro geraram alta de juro e desaceleração da economia, mas não vê recessão",https://g1.globo.com/politica/noticia/2023/03/02/haddad-diz-que-medidas-eleitorais-de-bolsonaro-geraram-alta-de-juro-e-desaceleracao-da-economia-mas-nao-ve-recessao.ghtml,2023-03-02,g1,recessão brasil
"Brasil convida Paraguai e Uruguai a integrarem G20 de forma temporária, anuncia Itamaraty",https://g1.globo.com/politica/noticia/2023/03/10/brasil-convida-paraguai-e-uruguai-a-integrarem-g20-de-forma-temporaria-anuncia-itamaraty.ghtml,2023-03-10,g1,recessão brasil
"Países produtores de petróleo anunciam corte de produção, e efeitos podem chegar aos combustíveis no Brasil",https://g1.globo.com/economia/noticia/2023/04/02/paises-produtores-de-petroleo-anunciam-corte-de-producao-e-efeitos-podem-chegar-aos-combustiveis-no-brasil.ghtml,2023-04-02,g1,recessão brasil
Lula e Alberto Fernández devem se reunir em Brasília para discutir crise econômica da Argentina,https://g1.globo.com/politica/noticia/2023/04/29/lula-e-alberto-fernandez-devem-se-reunir-em-brasilia-para-discutir-crise-economica-da-argentina.ghtml,2023-04-29,g1,crise econômica
"Em 1990, governo Collor anunciava 1ª medida para baratear carros em meio à crise econômica; relembre",https://g1.globo.com/economia/noticia/2023/05/26/em-1990-governo-collor-anunciava-1a-medida-para-baratear-carros-em-meio-a-crise-economica-relembre.ghtml,2023-05-26,g1,crise econômica
"PIB cresce 1,9%: como Brasil se compara a outros países",https://g1.globo.com/economia/noticia/2023/06/01/pib-cresce-19percent-como-brasil-se-compara-a-outros-paises.ghtml,2023-06-01,g1,recessão brasil
Rio Madeira chega aos 10 metros e sai da cota de atenção em Porto Velho,https://g1.globo.com/ro/rondonia/noticia/2023/06/05/rio-madeira-chega-aos-10-metros-e-sai-da-cota-de-atencao-em-porto-velho.ghtml,2023-06-05,g1,recessão brasil
"Censo 2022: crise econômica, força do agronegócio e custo de vida explicam a migração populacional no Brasil, segundo especialistas",https://g1.globo.com/economia/censo/noticia/2023/06/28/censo-2022-crise-economica-forca-do-agronegocio-e-custo-de-vida-explicam-a-migracao-populacional-no-brasil-segundo-especialistas.ghtml,2023-06-28,g1,crise econômica
Crise econômica na Argentina gera 'turismo de supermercado' de países vizinhos,https://g1.globo.com/mundo/noticia/2023/07/13/crise-economica-na-argentina-gera-turismo-de-supermercado-de-paises-vizinhos.ghtml,2023-07-13,g1,crise econômica
'The Economist' aponta maior otimismo de investidores com o Brasil e enaltece Haddad,https://g1.globo.com/economia/noticia/2023/08/03/the-economist-otimismo-de-investidores-com-o-brasil.ghtml,2023-08-03,g1,recessão brasil
Dolarizar a economia da Argentina vai resolver a crise econômica do país?,https://g1.globo.com/economia/noticia/2023/08/14/argentina-dolarizar-a-economia-crise-economica.ghtml,2023-08-14,g1,crise econômica
Juros americanos sobem e ameaçam inflação e retomada econômica do Brasil; entenda os efeitos,https://g1.globo.com/economia/noticia/2023/08/24/juros-americanos-sobem-e-ameacam-inflacao-e-retomada-economica-do-brasil-entenda-os-efeitos.ghtml,2023-08-24,g1,recessão brasil
"Dólar sobe e fecha a R$ 4,98 na véspera do feriado, com foco no exterior",https://g1.globo.com/economia/noticia/2023/09/06/dolar.ghtml,2023-09-06,g1,recessão brasil
Como a crise no setor imobiliário da China pode impactar a economia do Brasil,https://g1.globo.com/economia/noticia/2023/09/11/como-a-crise-no-setor-imobiliario-da-china-pode-impactar-a-economia-do-brasil.ghtml,2023-09-11,g1,crise econômica
"Em crise financeira, Santa Casa de Birigui suspende cirurgias eletivas",https://g1.globo.com/sp/sao-jose-do-rio-preto-aracatuba/noticia/2023/09/25/em-crise-financeira-santa-casa-de-birigui-suspende-cirurgias-eletivas.ghtml,2023-09-25,g1,crise financeira
"Dólar sobe e fecha a R$ 5,06, de olho em sinais sobre juros e dados dos EUA; Ibovespa cai mais de 1%",https://g1.globo.com/economia/noticia/2023/10/02/dolar-ibovespa.ghtml,2023-10-02,g1,recessão brasil
"Dólar avança a R$ 5,15 e fecha no maior patamar desde março, com juros dos EUA no radar; Ibovespa cai aos 113 mil pontos",https://g1.globo.com/economia/noticia/2023/10/03/dolar-ibovespa.ghtml,2023-10-03,g1,recessão brasil
Relatório da ONU aponta para desaceleração do crescimento econômico mundial em 2023,https://g1.globo.com/jornal-da-globo/noticia/2023/10/05/relatorio-da-onu-aponta-para-desaceleracao-do-crescimento-economico-mundial-em-2023.ghtml,2023-10-05,g1,recessão brasil
Prefeito decreta estado de calamidade pública em razão de crise financeira em Rorainópolis,https://g1.globo.com/rr/roraima/noticia/2023/10/11/prefeito-decreta-estado-de-calamidade-publica-em-razao-de-crise-financeira-em-rorainopolis.ghtml,2023-10-11,g1,crise financeira
Argentina se prepara para o primeiro turno das eleições presidenciais em meio a uma grave crise econômica,https://g1.globo.com/jornal-nacional/noticia/2023/10/20/argentina-se-prepara-para-o-primeiro-turno-das-eleicoes-presidenciais-em-meio-a-uma-grave-crise-economica.ghtml,2023-10-20,g1,crise econômica
Inflação de 100% leva argentinos a mercados de roupas usadas: 'não dá para comprar jeans novos',https://g1.globo.com/economia/noticia/2023/11/13/inflacao-de-100percent-leva-argentinos-a-mercados-de-roupas-usadas-nao-da-para-comprar-jeans-novos.ghtml,2023-11-13,g1,recessão brasil
Javier Milei: como o novo presidente deve lidar com a crise econômica da Argentina,https://g1.globo.com/economia/noticia/2023/11/20/javier-milei-como-o-novo-presidente-deve-lidar-com-a-crise-economica-da-argentina.ghtml,2023-11-20,g1,crise econômica
Educação Financeira #274: o mundo vai passar por uma crise econômica em 2024? Saiba como se preparar,https://g1.globo.com/podcast/educacao-financeira/noticia/2023/12/04/educacao-financeira-274-o-mundo-vai-passar-por-uma-crise-economica-em-2024-saiba-como-se-preparar.ghtml,2023-12-04,g1,crise financeira
Educação Financeira #275: a retrospectiva de 2023 na economia,https://g1.globo.com/podcast/educacao-financeira/noticia/2023/12/11/educacao-financeira-275-a-retrospectiva-de-2023-na-economia.ghtml,2023-12-11,g1,recessão brasil
Dólar fecha em alta com aceleração da inflação nos EUA; Ibovespa cai,https://g1.globo.com/economia/noticia/2023/12/12/dolar-ibovespa.ghtml,2023-12-12,g1,ibovespa
Ibovespa tem alta e fecha na maior pontuação da história; dólar cai,https://g1.globo.com/economia/noticia/2023/12/14/dolar-abre-em-baixa-apos-corte-na-taxa-selic-e-sinalizacao-de-fim-do-ciclo-de-alta-nos-juros-americanos.ghtml,2023-12-14,g1,ibovespa
Crise na FMS: ex-gerente financeira volta ao cargo após nova exoneração; hospital também passa por mudança,https://g1.globo.com/pi/piaui/noticia/2024/01/03/crise-na-fms-ex-gerente-financeira-volta-ao-cargo-apos-nova-exoneracao-hospitais-tambem-passam-por-mudancas.ghtml,2024-01-03,g1,crise financeira
Aniversário de SP: projeto de energia solar quer combater crises climática e econômica em periferia de São Paulo,https://g1.globo.com/sp/sao-paulo/noticia/2024/01/25/aniversario-de-sp-projeto-de-energia-solar-quer-combater-crises-climatica-e-economica-na-periferia-de-sao-paulo.ghtml,2024-01-25,g1,crise econômica
"Bebês são transferidos de helicóptero após hospital em crise financeira fechar UTI neonatal, no PR; VÍDEO",https://g1.globo.com/pr/norte-noroeste/noticia/2024/02/09/bebes-sao-transferidos-de-helicoptero-apos-hospital-em-crise-financeira-fechar-uti-neonatal-no-pr-video.ghtml,2024-02-09,g1,crise financeira
"Prefeito decreta extinção de cargos temporários e redução do próprio salário para conter crise financeira em Três Corações, MG",https://g1.globo.com/mg/sul-de-minas/noticia/2024/02/09/prefeito-decreta-extincao-de-cargos-temporarios-e-reducao-do-proprio-salario-para-conter-crise-financeira-em-tres-coracoes-mg.ghtml,2024-02-09,g1,crise financeira
"Milei pede desculpas ao Papa por críticas ao pontífice na campanha eleitoral de 2023, diz jornal",https://g1.globo.com/jornal-nacional/noticia/2024/02/12/milei-pede-desculpas-ao-papa-por-criticas-ao-pontifice-na-campanha-eleitoral-de-2023-diz-jornal.ghtml,2024-02-12,g1,crise econômica
Crise econômica na Argentina reduz a importação de produtos brasileiros,https://g1.globo.com/jornal-nacional/noticia/2024/02/15/crise-economica-na-argentina-reduz-a-importacao-de-produtos-brasileiros.ghtml,2024-02-15,g1,crise econômica
MP aponta má gestão financeira como causa da crise na saúde de Teresina,https://g1.globo.com/pi/piaui/noticia/2024/03/15/mp-aponta-ma-gestao-financeira-como-causa-da-crise-na-saude-de-teresina.ghtml,2024-03-15,g1,crise financeira
"Perto de ser vendida, Avibras vive crise financeira há pelo menos dois anos; relembre",https://g1.globo.com/sp/vale-do-paraiba-regiao/noticia/2024/04/07/perto-de-ser-vendida-avibras-vive-crise-financeira-ha-ao-menos-dois-anos-relembre.ghtml,2024-04-07,g1,crise financeira
Irmãs separadas há 82 anos por morte do pai e crise financeira se reencontram em Cuiabá e cumprem promessa de infância,https://g1.globo.com/mt/mato-grosso/noticia/2024/04/19/irmas-separadas-ha-82-anos-por-morte-do-pai-e-crise-financeira-se-reencontram-em-cuiaba-e-cumprem-promessa-de-infancia.ghtml,2024-04-19,g1,crise financeira
Como a crise econômica fez disparar o uso das criptomoedas na Argentina,https://g1.globo.com/economia/noticia/2024/04/27/como-a-crise-economica-fez-disparar-o-uso-das-criptomoedas-na-argentina.ghtml,2024-04-27,g1,crise econômica
Falta dinheiro em Cuba: país vive escassez de notas em meio à pior crise econômica em décadas,https://g1.globo.com/mundo/noticia/2024/04/27/falta-dinheiro-em-cuba-pais-vive-escassez-de-notas-em-meio-a-pior-crise-economica-em-decadas.ghtml,2024-04-27,g1,crise econômica
"PIB: Brasil fica atrás de Turquia e Índia, mas cresce mais do que EUA e Europa",https://g1.globo.com/economia/noticia/2024/06/04/pib-brasil-fica-atras-de-turquia-e-india-mas-cresce-mais-do-que-eua-e-europa.ghtml,2024-06-04,g1,recessão brasil
Tombo maior em 2024 e forte crescimento em 2025: as projeções do Banco Mundial para a Argentina,https://g1.globo.com/economia/noticia/2024/06/13/tombo-maior-em-2024-e-forte-crescimento-em-2025-as-projecoes-do-banco-mundial-para-a-argentina.ghtml,2024-06-13,g1,crise econômica
Shein eleva preços de produtos antes de abrir capital na bolsa de valores,https://g1.globo.com/economia/negocios/noticia/2024/06/13/shein-precos.ghtml,2024-06-13,g1,bolsa valores
Especialista revela se escovas de dentes macias são realmente melhores,https://g1.globo.com/pr/parana/especial-publicitario/bluem/mais-saude-bucal-com-oxigenio-ativo/noticia/2024/06/24/especialista-revela-se-escovas-de-dentes-macias-sao-realmente-melhores.ghtml,2024-06-24,g1,recessão brasil
"'Da forma como estão as contas públicas, vamos caminhar para uma nova crise fiscal', diz economista",https://g1.globo.com/economia/noticia/2024/06/29/da-forma-como-estao-as-contas-publicas-vamos-caminhar-para-uma-nova-crise-fiscal-diz-economista.ghtml,2024-06-29,g1,crise econômica
Bolsa de valores no Rio busca fomentar mercado financeiro na cidade: entenda o que muda,https://g1.globo.com/rj/rio-de-janeiro/noticia/2024/07/06/bolsa-de-valores-no-rio-busca-fomentar-mercado-financeiro-na-cidade-entenda-o-que-muda.ghtml,2024-07-06,g1,bolsa valores
"Venezuela: contra Edmundo Gonzalez, Nicolás Maduro tenta terceiro mandato seguido",https://g1.globo.com/jornal-nacional/noticia/2024/07/27/venezuela-contra-edmundo-gonzalez-nicolas-maduro-tenta-terceiro-mandato-seguido.ghtml,2024-07-27,g1,crise econômica
"Venezuelanos que vivem na fronteira brasileira deixam de votar por medo, desconfiança e distância",https://g1.globo.com/rr/roraima/noticia/2024/07/28/venezuelanos-que-vivem-na-fronteira-brasileira-deixam-de-votar-por-medo-desconfianca-e-distancia.ghtml,2024-07-28,g1,crise econômica
Nova ‘black monday’: veja as perguntas e respostas sobre a crise nos mercados desta segunda-feira,https://g1.globo.com/economia/negocios/noticia/2024/08/05/veja-as-perguntas-e-respostas-sobre-a-crise-nos-mercados.ghtml,2024-08-05,g1,recessão brasil
'Black Monday': entenda o que aconteceu com o dólar e se a moeda pode chegar a R$ 6,https://g1.globo.com/economia/noticia/2024/08/05/black-monday-entenda-o-que-aconteceu-com-o-dolar-e-se-a-moeda-pode-chegar-a-r-6.ghtml,2024-08-05,g1,recessão brasil
"Dólar fecha a R$ 5,74 e renova maior patamar desde dezembro de 2021, com temores de recessão nos EUA; Ibovespa cai",https://g1.globo.com/economia/noticia/2024/08/05/dolar-ibovespa.ghtml,2024-08-05,g1,recessão brasil
Dólar dispara de novo e renova as preocupações com a inflação brasileira,https://g1.globo.com/economia/noticia/2024/08/06/com-black-monday-dolar-dispara-de-novo-e-renova-as-preocupacoes-com-a-inflacao-brasileira.ghtml,2024-08-06,g1,recessão brasil
Greve do Ibama provoca crise econômica no setor florestal de Mato Grosso,https://g1.globo.com/mt/mato-grosso/especial-publicitario/cipem-mt/cipem-mt/noticia/2024/08/07/greve-do-ibama-provoca-crise-economica-no-setor-florestal-de-mato-grosso.ghtml,2024-08-07,g1,crise econômica
"Ibovespa volta aos 130 mil pontos, após diminuir a chance de recessão dos EUA; dólar cai a R$ 5,51",https://g1.globo.com/economia/noticia/2024/08/09/dolar-ibovespa.ghtml,2024-08-09,g1,recessão brasil
Educação Financeira #303: o que saber antes de investir em ações ainda em 2024?,https://g1.globo.com/podcast/educacao-financeira/noticia/2024/08/12/educacao-financeira-303-o-que-saber-antes-de-investir-em-acoes-ainda-em-2024.ghtml,2024-08-12,g1,recessão brasil
Fim da euforia? Como está a economia argentina 9 meses depois da posse de Milei,https://g1.globo.com/economia/noticia/2024/08/14/como-esta-a-economia-argentina-9-meses-depois-da-posse-de-milei.ghtml,2024-08-14,g1,crise econômica
Crise financeira e ordem para leilão: como castelo do cantor José Rico passou de sonho ao abandono,https://g1.globo.com/sp/piracicaba-regiao/noticia/2024/08/21/crise-financeira-e-ordem-para-leilao-como-castelo-do-cantor-jose-rico-passou-de-sonho-ao-abandono.ghtml,2024-08-21,g1,crise financeira
Brasil é 6ª economia que mais cresceu no mundo em 2024,https://g1.globo.com/economia/noticia/2024/09/03/brasil-e-6a-economia-que-mais-cresceu-no-mundo-em-2024.ghtml,2024-09-03,g1,recessão brasil
Crise financeira na UFRJ: universidade calcula déficit acima de R$ 200 milhões; MEC nega,https://g1.globo.com/rj/rio-de-janeiro/noticia/2024/09/05/crise-financeira-na-ufrj-universidade-calcula-deficit-acima-de-r-200-milhoes-mec-nega.ghtml,2024-09-05,g1,crise financeira
"Superquarta: entenda por que o BC do Brasil vai subir os juros, enquanto os EUA vão baixar",https://g1.globo.com/economia/noticia/2024/09/16/superquarta-entenda-por-que-o-bc-do-brasil-vai-subir-os-juros-enquanto-os-eua-vao-baixar.ghtml,2024-09-16,g1,recessão brasil
Leilão na Bolsa de Valores define empresas que farão coleta e tratamento de esgoto em 112 cidades do Paraná,https://g1.globo.com/pr/parana/economia/noticia/2024/09/21/leilao-na-bolsa-de-valores-sanepar.ghtml,2024-09-21,g1,bolsa valores
Líder de partido marxista vence eleições no Sri Lanka,https://g1.globo.com/mundo/noticia/2024/09/22/lider-de-partido-marxista-vence-eleicoes-no-sri-lanka.ghtml,2024-09-22,g1,crise econômica
"Lula e Haddad se reúnem com 
agências de risco em Nova York; ministro diz esperar novas altas na nota de crédito do Brasil",https://g1.globo.com/economia/noticia/2024/09/23/em-nova-york-haddad-se-reune-com-agencias-de-risco-e-diz-esperar-novas-altas-na-nota-de-credito-do-brasil.ghtml,2024-09-23,g1,recessão brasil
"Haddad diz que economia brasileira deverá crescer acima de 2,5% nos 4 anos do governo Lula",https://g1.globo.com/economia/noticia/2024/09/25/evento-haddad-safra.ghtml,2024-09-25,g1,recessão brasil
"Argentina: pobreza dispara e atinge 15,7 milhões de pessoas; situação afeta 52,9% da população",https://g1.globo.com/economia/noticia/2024/09/26/argentina-pobreza.ghtml,2024-09-26,g1,crise econômica
Veja o histórico das notas de crédito do Brasil e entenda o que leva um país a ter grau de investimento,https://g1.globo.com/economia/noticia/2024/10/01/veja-o-historico-das-notas-de-credito-do-brasil-e-entenda-o-que-leva-um-pais-a-ter-grau-de-investimento.ghtml,2024-10-01,g1,recessão brasil
Moody's: entenda por que a agência decidiu elevar a nota de crédito do Brasil,https://g1.globo.com/economia/noticia/2024/10/02/moodys-entenda-por-que-a-agencia-decidiu-elevar-a-nota-de-credito-do-brasil.ghtml,2024-10-02,g1,recessão brasil
Ronaldinho Gaúcho toca sino de encerramento da Bolsa de Valores de Nova York; VÍDEO,https://g1.globo.com/economia/noticia/2024/10/10/ronaldinho-gaucho-bolsa-de-valores-de-nova-york.ghtml,2024-10-10,g1,bolsa valores
Dia dos Professores: crise financeira desperta sonho e sala de aula vira caminho do recomeço,https://g1.globo.com/sp/campinas-regiao/noticia/2024/10/15/dia-dos-professores-crise-financeira-desperta-sonho-e-sala-de-aula-vira-caminho-do-recomeco.ghtml,2024-10-15,g1,crise financeira
"Em crise, Argentina sofre com pirâmides financeiras e tem denúncias em massa",https://g1.globo.com/economia/noticia/2024/10/26/em-crise-argentina-sofre-com-piramides-financeiras-e-tem-denuncias-em-massa.ghtml,2024-10-26,g1,crise financeira
"Kamala ou Trump: como afetam a economia brasileira e quais os impactos no dólar, na bolsa de valores e nos juros",https://g1.globo.com/economia/noticia/2024/11/04/kamala-ou-trump-como-afetam-a-economia-brasileira-e-quais-os-impactos-no-dolar-bolsa-e-juros.ghtml,2024-11-04,g1,bolsa valores
"Em 12 anos, Paraisópolis sobe cinco posições e se torna 3ª maior favela do Brasil, segundo IBGE",https://g1.globo.com/sp/sao-paulo/noticia/2024/11/08/em-12-anos-paraisopolis-sobe-cinco-posicoes-e-se-torna-3a-maior-favela-do-brasil-segundo-ibge.ghtml,2024-11-08,g1,recessão brasil
Venda da Avibras: sindicato se reúne com possível comprador da indústria bélica,https://g1.globo.com/sp/vale-do-paraiba-regiao/noticia/2024/11/08/venda-da-avibras-sindicato-se-reune-com-possivel-comprador-da-industria-belica.ghtml,2024-11-08,g1,crise financeira
'Trump não é liberal': as polêmicas propostas do novo presidente dos EUA para a economia,https://g1.globo.com/economia/noticia/2024/11/11/trump-nao-e-liberal-as-polemicas-propostas-do-novo-presidente-dos-eua-para-a-economia.ghtml,2024-11-11,g1,crise econômica
"Dólar sobe e fecha a R$ 5,79, com preocupação sobre corte fiscal; Ibovespa avança",https://g1.globo.com/economia/noticia/2024/11/13/dolar-ibovespa.ghtml,2024-11-13,g1,ibovespa
"Prefeitura de Teresina enfrenta crise financeira e está inadimplente no Cadin, diz futuro secretário",https://g1.globo.com/pi/piaui/noticia/2024/11/14/prefeitura-de-teresina-enfrenta-crise-financeira-e-esta-inadimplente-no-cadin-diz-prefeito-eleito-expectativa-e-de-um-ano-para-regularizacao.ghtml,2024-11-14,g1,crise financeira
"Dólar cai e fecha a R$ 5,80, à espera de cortes de gastos; Ibovespa recua",https://g1.globo.com/economia/noticia/2024/11/25/dolar-ibovespa.ghtml,2024-11-25,g1,ibovespa
Número de jovens que não estudam nem trabalham é o menor da série histórica do IBGE,https://g1.globo.com/economia/noticia/2024/12/04/numero-de-jovens-que-nao-estudam-nem-trabalham-e-o-menor-da-serie-historica-do-ibge.ghtml,2024-12-04,g1,recessão brasil
"Dólar fecha em queda, mas continua acima dos R$ 6; Ibovespa sobe",https://g1.globo.com/economia/noticia/2024/12/05/dolar-ibovespa.ghtml,2024-12-05,g1,ibovespa
MPF move ação para garantir direitos básicos para indígenas venezuelanos que vivem em Cuiabá,https://g1.globo.com/mt/mato-grosso/noticia/2024/12/11/mpf-move-acao-para-garantir-direitos-basicos-para-indigenas-venezuelanos-que-vivem-em-cuiaba.ghtml,2024-12-11,g1,crise econômica
Bolsa de Valores: ações de quase todas as empresas caem,https://g1.globo.com/jornal-nacional/noticia/2024/12/12/bolsa-de-valores-acoes-de-quase-todas-as-empresas-caem.ghtml,2024-12-12,g1,bolsa valores
"Dólar sobe e fecha a R$ 6,03, com risco fiscal e apesar de intervenção do BC; Ibovespa cai",https://g1.globo.com/economia/noticia/2024/12/13/dolar-ibovespa.ghtml,2024-12-13,g1,ibovespa
Como Grécia e Espanha superaram crise econômica e agora puxam crescimento da União Europeia,https://g1.globo.com/economia/noticia/2024/12/15/como-grecia-e-espanha-superaram-crise-economica-e-agora-puxam-crescimento-da-uniao-europeia.ghtml,2024-12-15,g1,crise econômica
"Dólar avança e fecha em R$ 6,18, com avaliação final do pacote de corte de gastos; Ibovespa cai",https://g1.globo.com/economia/noticia/2024/12/23/dolar-ibovespa.ghtml,2024-12-23,g1,ibovespa
"Dólar ganha força e fecha a R$ 6,17, mesmo após novo leilão do BC; Ibovespa avança",https://g1.globo.com/economia/noticia/2024/12/26/dolar-ibovespa.ghtml,2024-12-26,g1,ibovespa
O que a taxa de juros tem a ver com emprego e como ela pode frear alta de vagas na indústria da região de Campinas,https://g1.globo.com/sp/campinas-regiao/noticia/2024/12/31/o-que-a-taxa-de-juros-tem-a-ver-com-emprego-e-como-ela-pode-frear-alta-de-vagas-na-industria-da-regiao-de-campinas.ghtml,2024-12-31,g1,recessão brasil
Grupo do interior de SP relata prejuízo de R$ 419 mil e denuncia plataforma que prometia lucros com uso de IA na bolsa de valores,https://g1.globo.com/sp/piracicaba-regiao/noticia/2025/01/09/grupo-do-interior-de-sp-relata-prejuizo-de-r-419-mil-e-denuncia-plataforma-que-prometia-lucros-com-uso-de-ia-na-bolsa-de-valores.ghtml,2025-01-09,g1,bolsa valores
"Em crise financeira, Prefeitura de Areias afirma não ter recursos para quitar salários e férias de parte dos servidores; entenda",https://g1.globo.com/sp/vale-do-paraiba-regiao/noticia/2025/01/10/em-crise-financeira-prefeitura-de-areias-afirma-nao-ter-recursos-para-quitar-salarios-e-ferias-de-parte-dos-servidores-entenda.ghtml,2025-01-10,g1,crise financeira
"Em crise financeira, Taubaté anuncia que não terá desfile de escolas de samba na Avenida do Povo durante o Carnaval",https://g1.globo.com/sp/vale-do-paraiba-regiao/noticia/2025/01/16/em-crise-financeira-taubate-anuncia-que-nao-tera-desfile-de-escolas-de-samba-na-avenida-do-povo-durante-o-carnaval.ghtml,2025-01-16,g1,crise financeira
"Em crise financeira, Prefeitura de Taubaté vai fazer mutirão para negociar dívidas com mais de 170 credores; entenda",https://g1.globo.com/sp/vale-do-paraiba-regiao/noticia/2025/01/17/em-crise-financeira-prefeitura-de-taubate-vai-fazer-mutirao-para-negociar-dividas-com-mais-de-170-credores-entenda.ghtml,2025-01-17,g1,crise financeira
Silvio Mendes destaca crise financeira e desafios na saúde durante abertura do Ano Legislativo na Câmara de Vereadores de Teresina,https://g1.globo.com/pi/piaui/noticia/2025/02/04/silvio-mendes-destaca-crise-financeira-e-desafios-na-saude-durante-abertura-do-ano-legislativo-na-camara-de-vereadores-de-teresina.ghtml,2025-02-04,g1,crise financeira
"Tragédia em Vinhedo, parceria com Latam, acordos trabalhistas: o que se sabe sobre crise financeira da Voepass",https://g1.globo.com/sp/ribeirao-preto-franca/noticia/2025/03/04/tragedia-em-vinhedo-parceria-com-latam-acordos-trabalhistas-o-que-se-sabe-sobre-crise-financeira-da-voepass.ghtml,2025-03-04,g1,crise financeira
Duas áreas do Porto de Paranaguá serão leiloadas na Bolsa de Valores em abril; entenda,https://g1.globo.com/pr/parana/noticia/2025/03/11/duas-areas-do-porto-de-paranagua-serao-leiloadas-na-bolsa-de-valores-em-abril-entenda.ghtml,2025-03-11,g1,bolsa valores
O Assunto #1425: O temor de recessão nos EUA,https://g1.globo.com/podcast/o-assunto/noticia/2025/03/13/o-assunto-1425-o-temor-de-recessao-nos-eua.ghtml,2025-03-13,g1,recessão brasil
"Crise mental no trabalho, corrida armamentista, risco de recessão nos EUA: todos os episódios da semana de O Assunto",https://g1.globo.com/podcast/o-assunto/noticia/2025/03/15/todos-os-episodios-da-semana-de-o-assunto.ghtml,2025-03-15,g1,recessão brasil
"Fundo a ser usado em caso de crise em Goiás pode chegar a R$ 5 bilhões, estima governo",https://g1.globo.com/go/goias/noticia/2025/03/20/fundo-a-ser-usado-em-caso-de-crise-em-goias-pode-chegar-a-r-5-bilhoes-estima-governo.ghtml,2025-03-20,g1,crise econômica
Risco de recessão nos EUA: qual seria o impacto no Brasil e no mundo?,https://g1.globo.com/economia/noticia/2025/03/23/risco-de-recessao-nos-eua-qual-seria-o-impacto-no-brasil-e-no-mundo.ghtml,2025-03-23,g1,recessão brasil
"Viúva de copiloto de avião que caiu em Vinhedo detalha luto, crise financeira e negativa da Voepass para pagar túmulo: 'Humilhante'",https://g1.globo.com/sp/campinas-regiao/noticia/2025/03/28/viuva-de-copiloto-de-aviao-que-caiu-em-vinhedo-detalha-luto-crise-financeira-e-negativa-da-voepass-para-pagar-tumulo-humilhante.ghtml,2025-03-28,g1,crise financeira
Tarifas recíprocas: por que o dólar caiu e a bolsa brasileira se segurou após o ‘tarifaço’ de Trump,https://g1.globo.com/economia/noticia/2025/04/03/tarifas-reciprocas-por-que-o-dolar-esta-caindo-e-a-bolsa-brasileira-subindo-apos-o-tarifaco-de-trump.ghtml,2025-04-03,g1,recessão brasil
Como um clássico da Sessão da Tarde está sendo associado ao tarifaço de Trump e ao risco de uma crise econômica,https://g1.globo.com/mundo/noticia/2025/04/03/como-um-classico-da-sessao-da-tarde-esta-sendo-associado-ao-tarifaco-de-trump-e-ao-risco-de-uma-crise-economica.ghtml,2025-04-03,g1,crise econômica
Como o tarifaço de Trump mexe com a economia mundial,https://g1.globo.com/fantastico/noticia/2025/04/06/como-o-tarifaco-de-trump-mexe-com-a-economia-mundial.ghtml,2025-04-06,g1,recessão brasil
Por que real vive dia de 'gangorra' em relação ao dólar em meio a vai e vem de tarifas,https://g1.globo.com/economia/noticia/2025/04/09/por-que-real-vive-dia-de-gangorra-em-relacao-ao-dolar-em-meio-a-vai-e-vem-de-tarifas.ghtml,2025-04-09,g1,recessão brasil
O Assunto #1447: A grande depressão econômica do século 20,https://g1.globo.com/podcast/o-assunto/noticia/2025/04/14/o-assunto-1447-a-grande-depressao-economica-do-seculo-20.ghtml,2025-04-14,g1,crise econômica
Venezuelana que escoltou famosos deixa país por crise econômica e recomeça como costureira em SP,https://g1.globo.com/sp/santos-regiao/noticia/2025/04/22/venezuelana-que-escoltou-famosos-deixa-pais-por-crise-economica-e-recomeca-como-costureira-em-sp.ghtml,2025-04-22,g1,crise econômica
"Em pedido de recuperação judicial, Voepass culpa Latam por crise financeira: 'Principal responsável'",https://g1.globo.com/sp/ribeirao-preto-franca/noticia/2025/04/23/em-pedido-de-recuperacao-judicial-voepass-culpa-latam-por-crise-financeira-principal-responsavel.ghtml,2025-04-23,g1,crise financeira
Prefeitura de Teresina cria comissão que deve discutir crise financeira e elaborar medidas para cobrir rombo de R$ 1 bilhão,https://g1.globo.com/pi/piaui/noticia/2025/05/06/prefeitura-de-teresina-cria-comissao-que-deve-discutir-crise-financeira-e-elaborar-medidas-para-cobrir-rombo-de-r-1-bilhao.ghtml,2025-05-06,g1,crise financeira
EUA x China: a trégua - O Assunto #1465,https://g1.globo.com/podcast/o-assunto/noticia/2025/05/13/eua-x-china-a-tregua-o-assunto-1465.ghtml,2025-05-13,g1,recessão brasil
"'Brasil tem bênção e maldição ao mesmo tempo', diz professor sobre relação do país com a China",https://g1.globo.com/podcast/o-assunto/noticia/2025/05/13/brasil-tem-bencao-e-maldicao-ao-mesmo-tempo-diz-professor-sobre-relacao-do-pais-com-a-china.ghtml,2025-05-13,g1,recessão brasil
Brasileira na Argentina cogita voltar após anúncio de regras mais duras para imigrantes e crise econômica: ‘um país que vê você como fardo’,https://g1.globo.com/pb/paraiba/noticia/2025/05/15/brasileira-na-argentina-cogita-voltar-apos-anuncio-de-regras-mais-duras-para-imigrantes-e-crise-economica-um-pais-que-ve-voce-como-fardo.ghtml,2025-05-15,g1,crise econômica
Suspeito de cárcere de mãe e filha na Grande Curitiba afirma que crise financeira motivou crime: 'Entrei em desespero',https://g1.globo.com/pr/parana/noticia/2025/07/16/suspeito-carcere-mae-filha-grande-curitiba-crise-financeira.ghtml,2025-07-16,g1,crise financeira
"Com tarifaço, setor metal mecânico da 4ª cidade brasileira que mais vendia para os EUA vê risco de desemprego e recessão",https://g1.globo.com/sp/piracicaba-regiao/noticia/2025/08/08/com-tarifaco-setor-metal-mecanico-da-4a-cidade-brasileira-que-mais-vendia-para-os-eua-ve-risco-de-desemprego-e-recessao.ghtml,2025-08-08,g1,recessão brasil
Mercado 'esfriando' e redução de pedidos: entenda reflexos do tarifaço na 4ª cidade brasileira que mais exportava aos EUA,https://g1.globo.com/sp/piracicaba-regiao/noticia/2025/08/15/mercado-esfriando-e-reducao-de-pedidos-entenda-reflexos-de-tarifaco-na-4a-cidade-brasileira-que-mais-exportava-aos-eua.ghtml,2025-08-15,g1,recessão brasil
Evergrande: como crise da gigante imobiliária chinesa pode afetar a economia mundial?,https://g1.globo.com/economia/noticia/2025/08/25/evergrande-como-crise-da-gigante-imobiliaria-chinesa-pode-afetar-a-economia-mundial.ghtml,2025-08-25,g1,crise econômica
"Em vigor há um mês, 'tarifaço' dos EUA provoca demissões em fábricas de calçados em Franca, SP",https://g1.globo.com/sp/ribeirao-preto-franca/noticia/2025/09/06/em-vigor-ha-um-mes-tarifaco-dos-eua-provoca-demissoes-em-fabricas-de-calcados-em-franca-sp.ghtml,2025-09-06,g1,crise econômica
Por que Milei precisou pedir ajuda aos EUA para lidar com crise econômica na Argentina?,https://g1.globo.com/economia/noticia/2025/09/25/por-que-milei-precisou-pedir-ajuda-aos-eua-para-lidar-com-crise-economica-na-argentina.ghtml,2025-09-25,g1,crise econômica
Crise financeira: Corumbá suspende contratações e corta 15% de despesas,https://g1.globo.com/ms/mato-grosso-do-sul/noticia/2025/10/02/crise-financeira-corumba-suspende-contratacoes-e-corta-15percent-de-despesas.ghtml,2025-10-02,g1,crise financeira
Milei faz 'show' de rock em lançamento de seu próprio livro em meio a crises política e econômica na Argentina,https://g1.globo.com/mundo/noticia/2025/10/07/milei-faz-show-de-rock-em-lancamento-de-seu-proprio-livro-em-meio-a-crises-politica-e-economica.ghtml,2025-10-07,g1,crise econômica
"Em meio à crise financeira, Azul enfrenta denúncias sobre condições de trabalho e tem saída de pilotos",https://g1.globo.com/sp/campinas-regiao/noticia/2025/10/09/em-meio-a-crise-financeira-azul-enfrenta-denuncias-sobre-condicoes-de-trabalho-e-tem-saida-de-pilotos.ghtml,2025-10-09,g1,crise financeira
"Campinas contrata Bolsa de Valores para licitar transporte público, e edital atrasa de novo",https://g1.globo.com/sp/campinas-regiao/noticia/2025/10/28/campinas-contrata-bolsa-de-valores-para-licitar-transporte-publico-e-edital-atrasa-de-novo.ghtml,2025-10-28,g1,bolsa valores
Mais de 630 km de rodovias em MT vão a leilão na Bolsa de Valores,https://g1.globo.com/mt/mato-grosso/noticia/2025/10/29/mais-de-630-km-de-rodovias-em-mt-vao-a-leilao-na-bolsa-de-valores.ghtml,2025-10-29,g1,bolsa valores
Consórcio vence leilão na Bolsa de Valores e assume concessão de 5 rodovias em MT,https://g1.globo.com/mt/mato-grosso/noticia/2025/10/30/consorcio-vence-leilao-na-bolsa-de-valores-e-assume-concessao-de-5-rodovias-em-mt.ghtml,2025-10-30,g1,bolsa valores
"Amazon não demitiu 14 mil funcionários por crise financeira, mas por 'cultura', diz CEO da empresa",https://g1.globo.com/tecnologia/noticia/2025/10/31/amazon-nao-demitiu-14-mil-funcionarios-por-crise-financeira-mas-por-cultura-diz-ceo-da-empresa.ghtml,2025-10-31,g1,crise financeira
Crise financeira: prefeitura de Campo Grande corta salários e adota jornada de 6h,https://g1.globo.com/ms/mato-grosso-do-sul/noticia/2025/10/31/prefeitura-corta-20percent-dos-salarios-do-alto-escalao-e-adota-jornada-de-6h-para-ajuste-financeiro-em-campo-grande.ghtml,2025-10-31,g1,crise financeira
Da crise à retomada: como pequenos negócios sobreviveram à pandemia e alavancaram a economia de MT,https://g1.globo.com/mt/mato-grosso/noticia/2025/11/05/da-crise-a-retomada-como-pequenos-negocios-sobreviveram-a-pandemia-e-alavancaram-a-economia-de-mt.ghtml,2025-11-05,g1,crise econômica
Prefeitura de Petrópolis decreta novas medidas de contenção de gastos para enfrentar crise financeira,https://g1.globo.com/rj/regiao-serrana/noticia/2025/11/10/prefeitura-de-petropolis-decreta-novas-medidas-de-contencao-de-gastos-para-enfrentar-crise-financeira.ghtml,2025-11-10,g1,crise financeira
Crise financeira nos Correios se agrava e obriga governo federal a bloquear gastos de ministérios,https://g1.globo.com/jornal-nacional/noticia/2025/11/24/crise-financeira-nos-correios-se-agrava-e-obriga-governo-federal-a-bloquear-gastos-de-ministerios.ghtml,2025-11-24,g1,crise financeira
Moody’s mantém classificação do Brasil estável e diz que avanço depende de controle de gastos,https://g1.globo.com/economia/noticia/2025/11/26/moodys-classificacao-brasil.ghtml,2025-11-26,g1,recessão brasil
Prefeito de Sorocaba cita crise financeira e promete rigor na gestão: ‘Vamos ter que enxugar as contas’,https://g1.globo.com/sp/sorocaba-jundiai/noticia/2025/11/28/prefeito-de-sorocaba-cita-crise-financeira-e-promete-rigor-na-gestao-vamos-ter-que-enxugar-as-contas.ghtml,2025-11-28,g1,crise financeira
"Quanto ganham os brasileiros? Renda varia mais que o dobro entre estados, aponta IBGE",https://g1.globo.com/trabalho-e-carreira/noticia/2025/12/03/rendimento-ibge.ghtml,2025-12-03,g1,recessão brasil
"Pretos e pardos ganham 30% a menos que brancos em MT, aponta IBGE",https://g1.globo.com/mt/mato-grosso/noticia/2025/12/03/pretos-e-pardos-ganham-30percent-a-menos-que-brancos-em-mt-aponta-ibge.ghtml,2025-12-03,g1,recessão brasil
Prefeitura de Araraquara suspende pagamento de horas extras de servidores por crise financeira,https://g1.globo.com/sp/sao-carlos-regiao/noticia/2025/12/04/prefeitura-de-araraquara-suspende-pagamento-de-horas-extras-de-servidores-por-crise-financeira.ghtml,2025-12-04,g1,crise financeira
Brasil do 'pleno emprego' vê economia desacelerar: por que isso é considerado positivo por alguns economistas,https://g1.globo.com/economia/noticia/2025/12/04/brasil-do-pleno-emprego-ve-economia-desacelerar-por-que-isso-e-considerado-positivo-por-alguns-economistas.ghtml,2025-12-04,g1,recessão brasil
"Consumo das famílias desacelera no terceiro trimestre de 2025, diz IBGE",https://g1.globo.com/jornal-nacional/noticia/2025/12/04/consumo-das-familias-desacelera-no-terceiro-trimestre-de-2025-diz-ibge.ghtml,2025-12-04,g1,recessão brasil
"Dólar sobe e fecha a R$ 5,46 com Superquarta, IPCA e cenário político; Ibovespa avança",https://g1.globo.com/economia/noticia/2025/12/10/dolar-ibovespa.ghtml,2025-12-10,g1,ibovespa
"Dólar sobe e fecha a R$ 5,41 de olho em discursos de dirigentes do Fed; Ibovespa avança",https://g1.globo.com/economia/noticia/2025/12/12/dolar-ibovespa.ghtml,2025-12-12,g1,ibovespa
"Venezuelanos que chegam ao Brasil temem conflito com os EUA, mas preocupação ainda é 'pão de cada dia'",https://g1.globo.com/rr/roraima/noticia/2025/12/13/venezuelanos-que-chegam-ao-brasil-temem-conflito-com-os-eua-mas-preocupacao-ainda-e-pao-de-cada-dia.ghtml,2025-12-13,g1,crise econômica
SpaceX define valor de mercado em US$ 800 bilhões antes de lançar ações da bolsa,https://g1.globo.com/economia/noticia/2025/12/13/spacex-valor-de-mercado-bolsa-valores.ghtml,2025-12-13,g1,bolsa valores
"Ibovespa despenca 2,4%, abaixo dos 160 mil pontos, com pesquisa Quaest e desemprego nos EUA; dólar sobe",https://g1.globo.com/economia/noticia/2025/12/16/dolar-ibovespa.ghtml,2025-12-16,g1,ibovespa
"Dólar sobe e fecha a R$ 5,52 com foco nos EUA e incertezas políticas no Brasil; Ibovespa recua",https://g1.globo.com/economia/noticia/2025/12/17/dolar-ibovespa.ghtml,2025-12-17,g1,ibovespa
Motorista é flagrado com R$ 1 milhão em bolsas e valor é apreendido,https://g1.globo.com/go/goias/noticia/2025/12/18/motorista-e-flagrado-com-r-1-milhao-em-bolsas-e-valor-e-apreendido.ghtml,2025-12-18,g1,bolsa valores
Ibovespa fecha em alta com inflação menor nos EUA e política no Brasil; dólar fecha estável,https://g1.globo.com/economia/noticia/2025/12/18/dolar-ibovespa.ghtml,2025-12-18,g1,ibovespa
"Dólar sobe e fecha a R$ 5,52 com Orçamento 2026, cenário político e dados dos EUA; Ibovespa avança",https://g1.globo.com/economia/noticia/2025/12/19/dolar-ibovespa.ghtml,2025-12-19,g1,ibovespa
Como o bloqueio petrolífero 'total e completo' de Trump pode afetar a economia da Venezuela - e se voltar contra os EUA,https://g1.globo.com/economia/noticia/2025/12/20/como-o-bloqueio-petrolifero-total-e-completo-de-trump-pode-afetar-a-economia-da-venezuela-e-se-voltar-contra-os-eua.ghtml,2025-12-20,g1,crise econômica
"Em crise, Cuba abre economia para capital estrangeiro",https://g1.globo.com/economia/noticia/2025/12/21/em-crise-cuba-abre-economia-para-capital-estrangeiro.ghtml,2025-12-21,g1,crise econômica
"Dólar sobe e fecha a R$ 5,58, maior valor em quase 5 meses; Ibovespa recua",https://g1.globo.com/economia/noticia/2025/12/22/dolar-ibovespa.ghtml,2025-12-22,g1,ibovespa
"Recesso muda rotina do Judiciário, Congresso e Executivo; veja o que para e o que segue funcionando em Brasília",https://g1.globo.com/politica/noticia/2025/12/22/recesso-muda-rotina-do-judiciario-congresso-e-executivo-veja-o-que-para-e-o-que-segue-funcionando-em-brasilia.ghtml,2025-12-22,g1,recessão brasil
"Dólar cai a R$ 5,53 com prévia da inflação no Brasil e PIB nos EUA; Ibovespa retoma os 160 mil pontos",https://g1.globo.com/economia/noticia/2025/12/23/dolar-ibovespa.ghtml,2025-12-23,g1,ibovespa
"Dólar sobe e fecha a R$ 5,54 com cenário eleitoral no Brasil e cautela no exterior; Ibovespa avança",https://g1.globo.com/economia/noticia/2025/12/26/dolar-ibovespa.ghtml,2025-12-26,g1,ibovespa
Banco Central apresenta ao TCU histórico da crise financeira do Banco Master,https://g1.globo.com/jornal-nacional/noticia/2025/12/29/banco-central-apresenta-ao-tcu-historico-da-crise-financeira-do-banco-master.ghtml,2025-12-29,g1,crise financeira
REPRISE - Crise mental: o impacto no trabalho - O Assunto #1628,https://g1.globo.com/podcast/o-assunto/noticia/2025/12/29/reprise-crise-mental-o-impacto-no-trabalho-o-assunto-1628.ghtml,2025-12-29,g1,crise econômica
"Oscar para o Brasil, tarifaço de Trump, Conclave e mais: a retrospectiva de 2025 em VÍDEO",https://g1.globo.com/retrospectiva/2025/noticia/2025/12/31/oscar-para-o-brasil-tarifaco-de-trump-conclave-e-mais-a-retrospectiva-de-2025-em-video.ghtml,2025-12-31,g1,recessão brasil
